table_index,name,c_entry,source_file,offset,sexptype,eval,arity,kernel,evaluation_policy,argument_policy,coercion_policy,vector_policy,index_policy,attribute_policy,dispatch_policy,effect_policy,replacement_policy,attribute_operation,matrix_operation
0,if,do_if,src/main/eval.c,0,SPECIALSXP,200,-1,language,special,variadic,identity,scalar,none,drop,none,control-or-environment,none,none,none
1,while,do_while,src/main/eval.c,0,SPECIALSXP,100,2,language,special,fixed,identity,scalar,none,drop,none,control-or-environment,none,none,none
2,for,do_for,src/main/eval.c,0,SPECIALSXP,100,3,language,special,fixed,identity,scalar,none,drop,none,control-or-environment,none,none,none
3,repeat,do_repeat,src/main/eval.c,0,SPECIALSXP,100,1,language,special,fixed,identity,scalar,none,drop,none,control-or-environment,none,none,none
4,break,do_break,src/main/eval.c,CTXT_BREAK,SPECIALSXP,0,0,language,special,fixed,identity,scalar,none,drop,none,control-or-environment,none,none,none
5,next,do_break,src/main/eval.c,CTXT_NEXT,SPECIALSXP,0,0,language,special,fixed,identity,scalar,none,drop,none,control-or-environment,none,none,none
6,return,do_return,src/main/eval.c,0,SPECIALSXP,0,-1,language,special,variadic,identity,scalar,none,drop,none,control-or-environment,none,none,none
7,function,do_function,src/main/eval.c,0,SPECIALSXP,0,-1,language,special,variadic,identity,scalar,none,drop,none,control-or-environment,none,none,none
8,<-,do_set,src/main/eval.c,1,SPECIALSXP,100,-1,replacement,special,variadic,identity,scalar,none,replace,none,environment,binding,none,none
9,=,do_set,src/main/eval.c,3,SPECIALSXP,100,-1,language,special,variadic,identity,scalar,none,drop,none,control-or-environment,none,none,none
10,<<-,do_set,src/main/eval.c,2,SPECIALSXP,100,-1,replacement,special,variadic,identity,scalar,none,replace,none,environment,binding,none,none
11,{,do_begin,src/main/eval.c,0,SPECIALSXP,200,-1,language,special,variadic,identity,scalar,none,drop,none,control-or-environment,none,none,none
12,(,do_paren,src/main/eval.c,0,BUILTINSXP,1,1,language,eager,fixed,identity,scalar,none,drop,none,control-or-environment,none,none,none
13,.subset,do_subset_dflt,src/main/eval.c,1,BUILTINSXP,1,-1,subset,eager,variadic,identity,gather,normalize,subset,object,pure,none,none,none
14,.subset2,do_subset2_dflt,src/main/eval.c,2,BUILTINSXP,1,-1,subset,eager,variadic,identity,gather,normalize,subset,object,pure,none,none,none
15,[,do_subset,src/main/subset.c,1,SPECIALSXP,0,-1,subset,special,variadic,identity,gather,normalize,subset,object,pure,none,none,none
16,[[,do_subset2,src/main/subset.c,2,SPECIALSXP,0,-1,subset,special,variadic,identity,gather,normalize,subset,object,pure,none,none,none
17,$,do_subset3,src/main/subset.c,3,SPECIALSXP,0,2,subset,special,fixed,identity,gather,normalize,subset,object,pure,none,none,none
18,@,do_AT,src/main/attrib.c,0,SPECIALSXP,0,2,language,special,fixed,identity,scalar,none,drop,none,control-or-environment,none,none,none
19,[<-,do_subassign,src/main/subassign.c,0,SPECIALSXP,0,3,replacement,special,fixed,common-kind,recycle,normalize,replace,object,environment,subscript,none,none
20,[[<-,do_subassign2,src/main/subassign.c,1,SPECIALSXP,0,3,replacement,special,fixed,common-kind,recycle,normalize,replace,object,environment,subscript,none,none
21,$<-,do_subassign3,src/main/subassign.c,1,SPECIALSXP,0,3,replacement,special,fixed,common-kind,recycle,normalize,replace,object,environment,member,none,none
22,switch,do_switch,src/main/builtin.c,0,SPECIALSXP,200,-1,language,special,variadic,identity,scalar,none,drop,none,control-or-environment,none,none,none
23,browser,do_browser,src/main/eval.c,0,BUILTINSXP,101,-1,language,eager,variadic,identity,scalar,none,drop,none,control-or-environment,none,none,none
24,.primTrace,do_trace,src/main/debug.c,0,BUILTINSXP,101,1,runtime,eager,fixed,identity,scalar,none,drop,none,pure,none,none,none
25,.primUntrace,do_trace,src/main/debug.c,1,BUILTINSXP,101,1,runtime,eager,fixed,identity,scalar,none,drop,none,pure,none,none,none
26,.Internal,do_internal,,0,SPECIALSXP,200,1,language,special,fixed,identity,scalar,none,drop,none,control-or-environment,none,none,none
27,.Primitive,do_primitive,,0,BUILTINSXP,1,1,runtime,eager,fixed,identity,scalar,none,drop,none,pure,none,none,none
28,call,do_call,src/main/coerce.c,0,SPECIALSXP,0,-1,language,special,variadic,identity,scalar,none,drop,none,control-or-environment,none,none,none
29,quote,do_quote,src/main/coerce.c,0,SPECIALSXP,0,1,language,special,fixed,identity,scalar,none,drop,none,control-or-environment,none,none,none
30,substitute,do_substitute,src/main/coerce.c,0,SPECIALSXP,0,-1,character,special,variadic,character,elementwise-recycle,none,drop,none,pure,none,none,none
31,missing,do_missing,src/main/envir.c,1,SPECIALSXP,0,1,language,special,fixed,identity,scalar,none,drop,none,control-or-environment,none,none,none
32,nargs,do_nargs,src/main/util.c,1,BUILTINSXP,1,0,runtime,eager,fixed,identity,scalar,none,drop,none,pure,none,none,none
33,on.exit,do_onexit,src/main/builtin.c,0,SPECIALSXP,100,-1,language,special,variadic,identity,scalar,none,drop,none,control-or-environment,none,none,none
34,forceAndCall,do_forceAndCall,src/main/eval.c,0,SPECIALSXP,0,-1,language,special,variadic,identity,scalar,none,drop,none,control-or-environment,none,none,none
35,declare,do_declare,src/main/eval.c,0,SPECIALSXP,100,-1,language,special,variadic,identity,scalar,none,drop,none,control-or-environment,none,none,none
36,stop,do_stop,src/main/errors.c,0,BUILTINSXP,11,2,runtime,eager,fixed,identity,scalar,none,drop,none,pure,none,none,none
37,warning,do_warning,src/main/errors.c,0,BUILTINSXP,111,4,runtime,eager,fixed,identity,scalar,none,drop,none,pure,none,none,none
38,gettext,do_gettext,src/main/errors.c,0,BUILTINSXP,11,3,environment,eager,fixed,identity,scalar,none,drop,methods,environment,none,none,none
39,ngettext,do_ngettext,src/main/errors.c,0,BUILTINSXP,11,4,environment,eager,fixed,identity,scalar,none,drop,methods,environment,none,none,none
40,bindtextdomain,do_bindtextdomain,src/main/errors.c,0,BUILTINSXP,11,2,runtime,eager,fixed,identity,scalar,none,drop,none,pure,none,none,none
41,.addCondHands,do_addCondHands,src/main/errors.c,0,BUILTINSXP,111,5,runtime,eager,fixed,identity,scalar,none,drop,none,pure,none,none,none
42,.addGlobHands,do_addGlobHands,src/main/errors.c,0,BUILTINSXP,111,5,runtime,eager,fixed,identity,scalar,none,drop,none,pure,none,none,none
43,.resetCondHands,do_resetCondHands,src/main/errors.c,0,BUILTINSXP,111,1,runtime,eager,fixed,identity,scalar,none,drop,none,pure,none,none,none
44,.signalCondition,do_signalCondition,src/main/errors.c,0,BUILTINSXP,11,3,runtime,eager,fixed,identity,scalar,none,drop,none,pure,none,none,none
45,.dfltStop,do_dfltStop,src/main/errors.c,0,BUILTINSXP,11,2,runtime,eager,fixed,identity,scalar,none,drop,none,pure,none,none,none
46,.dfltWarn,do_dfltWarn,src/main/errors.c,0,BUILTINSXP,11,2,runtime,eager,fixed,identity,scalar,none,drop,none,pure,none,none,none
47,.addRestart,do_addRestart,src/main/errors.c,0,BUILTINSXP,11,1,runtime,eager,fixed,identity,scalar,none,drop,none,pure,none,none,none
48,.getRestart,do_getRestart,src/main/errors.c,0,BUILTINSXP,11,1,environment,eager,fixed,identity,scalar,none,drop,methods,environment,none,none,none
49,.invokeRestart,do_invokeRestart,src/main/errors.c,0,BUILTINSXP,11,2,runtime,eager,fixed,identity,scalar,none,drop,none,pure,none,none,none
50,.addTryHandlers,do_addTryHandlers,src/main/errors.c,0,BUILTINSXP,111,0,runtime,eager,fixed,identity,scalar,none,drop,none,pure,none,none,none
51,geterrmessage,do_geterrmessage,src/main/errors.c,0,BUILTINSXP,11,0,environment,eager,fixed,identity,scalar,none,drop,methods,environment,none,none,none
52,seterrmessage,do_seterrmessage,src/main/errors.c,0,BUILTINSXP,111,1,runtime,eager,fixed,identity,scalar,none,drop,none,pure,none,none,none
53,printDeferredWarnings,do_printDeferredWarnings,src/main/errors.c,0,BUILTINSXP,111,0,runtime,eager,fixed,identity,scalar,none,drop,none,pure,none,none,none
54,interruptsSuspended,do_interruptsSuspended,src/main/errors.c,0,BUILTINSXP,11,-1,runtime,eager,variadic,identity,scalar,none,drop,none,pure,none,none,none
55,as.function.default,do_asfunction,src/main/coerce.c,0,BUILTINSXP,11,2,runtime,eager,fixed,identity,scalar,none,drop,none,pure,none,none,none
56,debug,do_debug,src/main/debug.c,0,BUILTINSXP,111,3,runtime,eager,fixed,identity,scalar,none,drop,none,pure,none,none,none
57,undebug,do_debug,src/main/debug.c,1,BUILTINSXP,111,1,runtime,eager,fixed,identity,scalar,none,drop,none,pure,none,none,none
58,isdebugged,do_debug,src/main/debug.c,2,BUILTINSXP,11,1,runtime,eager,fixed,identity,scalar,none,drop,none,pure,none,none,none
59,debugonce,do_debug,src/main/debug.c,3,BUILTINSXP,111,3,runtime,eager,fixed,identity,scalar,none,drop,none,pure,none,none,none
60,Recall,do_recall,src/main/eval.c,0,SPECIALSXP,210,-1,language,special,variadic,identity,scalar,none,drop,none,control-or-environment,none,none,none
61,delayedAssign,do_delayed,src/main/builtin.c,0,BUILTINSXP,111,4,runtime,eager,fixed,identity,scalar,none,drop,none,pure,none,none,none
62,makeLazy,do_makelazy,src/main/builtin.c,0,BUILTINSXP,111,5,runtime,eager,fixed,identity,scalar,none,drop,none,pure,none,none,none
63,identical,do_identical,src/main/identical.c,0,BUILTINSXP,11,8,runtime,eager,fixed,identity,scalar,none,drop,none,pure,none,none,none
64,C_tryCatchHelper,do_tryCatchHelper,src/main/errors.c,0,BUILTINSXP,11,-1,runtime,eager,variadic,identity,scalar,none,drop,none,pure,none,none,none
65,getNamespaceValue,do_getNSValue,src/main/envir.c,0,BUILTINSXP,211,3,environment,eager,fixed,identity,scalar,none,drop,methods,environment,none,none,none
66,+,do_arith,src/main/arithmetic.c,PLUSOP,BUILTINSXP,1,-1,arithmetic,eager,variadic,common-numeric,elementwise-recycle,none,binary,ops-group,pure,none,none,none
67,-,do_arith,src/main/arithmetic.c,MINUSOP,BUILTINSXP,1,-1,arithmetic,eager,variadic,common-numeric,elementwise-recycle,none,binary,ops-group,pure,none,none,none
68,*,do_arith,src/main/arithmetic.c,TIMESOP,BUILTINSXP,1,2,arithmetic,eager,fixed,common-numeric,elementwise-recycle,none,binary,ops-group,pure,none,none,none
69,/,do_arith,src/main/arithmetic.c,DIVOP,BUILTINSXP,1,2,arithmetic,eager,fixed,common-numeric,elementwise-recycle,none,binary,ops-group,pure,none,none,none
70,^,do_arith,src/main/arithmetic.c,POWOP,BUILTINSXP,1,2,arithmetic,eager,fixed,common-numeric,elementwise-recycle,none,binary,ops-group,pure,none,none,none
71,%%,do_arith,src/main/arithmetic.c,MODOP,BUILTINSXP,1,2,arithmetic,eager,fixed,common-numeric,elementwise-recycle,none,binary,ops-group,pure,none,none,none
72,%/%,do_arith,src/main/arithmetic.c,IDIVOP,BUILTINSXP,1,2,arithmetic,eager,fixed,common-numeric,elementwise-recycle,none,binary,ops-group,pure,none,none,none
73,%*%,do_matprod,src/main/array.c,0,BUILTINSXP,1,2,matrix,eager,fixed,numeric,column-major,dimensions,dimensions,none,pure,none,none,product
74,==,do_relop,src/main/relop.c,EQOP,BUILTINSXP,1,2,relational,eager,fixed,common-comparable,elementwise-recycle,none,binary,ops-group,pure,none,none,none
75,!=,do_relop,src/main/relop.c,NEOP,BUILTINSXP,1,2,relational,eager,fixed,common-comparable,elementwise-recycle,none,binary,ops-group,pure,none,none,none
76,<,do_relop,src/main/relop.c,LTOP,BUILTINSXP,1,2,relational,eager,fixed,common-comparable,elementwise-recycle,none,binary,ops-group,pure,none,none,none
77,<=,do_relop,src/main/relop.c,LEOP,BUILTINSXP,1,2,relational,eager,fixed,common-comparable,elementwise-recycle,none,binary,ops-group,pure,none,none,none
78,>=,do_relop,src/main/relop.c,GEOP,BUILTINSXP,1,2,relational,eager,fixed,common-comparable,elementwise-recycle,none,binary,ops-group,pure,none,none,none
79,>,do_relop,src/main/relop.c,GTOP,BUILTINSXP,1,2,relational,eager,fixed,common-comparable,elementwise-recycle,none,binary,ops-group,pure,none,none,none
80,&,do_logic,src/main/eval.c,1,BUILTINSXP,1,2,logical,eager,fixed,logical,elementwise-recycle,none,binary,ops-group,pure,none,none,none
81,|,do_logic,src/main/eval.c,2,BUILTINSXP,1,2,logical,eager,fixed,logical,elementwise-recycle,none,binary,ops-group,pure,none,none,none
82,!,do_logic,src/main/eval.c,3,BUILTINSXP,1,1,logical,eager,fixed,logical,elementwise-recycle,none,binary,ops-group,pure,none,none,none
83,&&,do_logic2,src/main/logic.c,1,SPECIALSXP,0,2,logical-short-circuit,special,fixed,logical,scalar-lazy,none,drop,none,pure,none,none,none
84,||,do_logic2,src/main/logic.c,2,SPECIALSXP,0,2,logical-short-circuit,special,fixed,logical,scalar-lazy,none,drop,none,pure,none,none,none
85,:,do_colon,src/main/seq.c,0,BUILTINSXP,1,2,runtime,eager,fixed,identity,scalar,none,drop,none,pure,none,none,none
86,~,do_tilde,,0,SPECIALSXP,0,-1,language,special,variadic,identity,scalar,none,drop,none,control-or-environment,none,none,none
87,::,do_colon2,src/main/envir.c,0,SPECIALSXP,200,2,language,special,fixed,identity,scalar,none,drop,none,control-or-environment,none,none,none
88,:::,do_colon3,src/main/envir.c,0,SPECIALSXP,200,2,language,special,fixed,identity,scalar,none,drop,none,control-or-environment,none,none,none
89,all,do_logic3,src/main/logic.c,1,BUILTINSXP,1,-1,logical-reduction,eager,variadic,logical,reduce,none,summary,summary-group,pure,none,none,none
90,any,do_logic3,src/main/logic.c,2,BUILTINSXP,1,-1,logical-reduction,eager,variadic,logical,reduce,none,summary,summary-group,pure,none,none,none
91,...elt,do_dotsElt,src/main/envir.c,0,BUILTINSXP,201,1,environment,eager,fixed,identity,scalar,none,drop,none,environment,none,none,none
92,...length,do_dotsLength,src/main/envir.c,0,BUILTINSXP,1,0,environment,eager,fixed,identity,scalar,none,drop,none,environment,none,none,none
93,...names,do_dotsNames,src/main/envir.c,0,BUILTINSXP,1,0,attribute,eager,fixed,identity,scalar,none,central,object,pure,none,none,none
94,length,do_length,src/main/array.c,0,BUILTINSXP,1,1,matrix,eager,fixed,identity,scalar,dimensions,dimensions,none,pure,none,none,length
95,length<-,do_lengthgets,src/main/builtin.c,0,BUILTINSXP,1,2,replacement,eager,fixed,identity,scalar,none,replace,methods,environment,resize,none,none
96,oldClass,do_class,src/main/attrib.c,0,BUILTINSXP,1,1,attribute,eager,fixed,identity,scalar,none,central,object,pure,none,get-key,none
97,oldClass<-,do_classgets,src/main/attrib.c,0,BUILTINSXP,1,2,replacement,eager,fixed,identity,scalar,none,replace,object,environment,attribute-key,none,none
98,class,R_do_data_class,src/main/attrib.c,0,BUILTINSXP,1,1,attribute,eager,fixed,identity,scalar,none,central,object,pure,none,data-class,none
99,.cache_class,R_do_data_class,src/main/attrib.c,1,BUILTINSXP,1,2,attribute,eager,fixed,identity,scalar,none,central,object,pure,none,data-class,none
100,.class2,R_do_data_class,src/main/attrib.c,2,BUILTINSXP,1,1,attribute,eager,fixed,identity,scalar,none,central,object,pure,none,data-class,none
101,class<-,R_do_set_class,src/main/coerce.c,0,BUILTINSXP,1,2,replacement,eager,fixed,identity,scalar,none,replace,object,environment,attribute-key,none,none
102,unclass,do_unclass,src/main/objects.c,0,BUILTINSXP,1,1,attribute,eager,fixed,identity,scalar,none,central,object,pure,none,unclass,none
103,names,do_names,src/main/attrib.c,0,BUILTINSXP,1,1,attribute,eager,fixed,identity,scalar,none,central,object,pure,none,get-key,none
104,names<-,do_namesgets,src/main/attrib.c,0,BUILTINSXP,1,2,replacement,eager,fixed,identity,scalar,none,replace,object,environment,attribute-key,none,none
105,dimnames,do_dimnames,src/main/attrib.c,0,BUILTINSXP,1,1,attribute,eager,fixed,identity,scalar,none,central,object,pure,none,get-key,none
106,dimnames<-,do_dimnamesgets,src/main/attrib.c,0,BUILTINSXP,1,2,replacement,eager,fixed,identity,scalar,none,replace,object,environment,attribute-key,none,none
107,dim,do_dim,src/main/attrib.c,0,BUILTINSXP,1,1,attribute,eager,fixed,identity,scalar,none,central,object,pure,none,get-key,none
108,dim<-,do_dimgets,src/main/attrib.c,0,BUILTINSXP,1,2,replacement,eager,fixed,identity,scalar,none,replace,object,environment,attribute-key,none,none
109,attributes,do_attributes,src/main/attrib.c,0,BUILTINSXP,1,1,attribute,eager,fixed,identity,scalar,none,central,object,pure,none,get-map,none
110,attributes<-,do_attributesgets,src/main/attrib.c,0,BUILTINSXP,1,2,replacement,eager,fixed,identity,scalar,none,replace,object,environment,attribute-map,none,none
111,attr,do_attr,src/main/attrib.c,0,BUILTINSXP,1,-1,attribute,eager,variadic,identity,scalar,none,central,object,pure,none,get-named,none
112,attr<-,do_attrgets,src/main/attrib.c,0,BUILTINSXP,1,3,replacement,eager,fixed,identity,scalar,none,replace,object,environment,attribute-named,none,none
113,@<-,do_attrgets,src/main/attrib.c,1,SPECIALSXP,0,3,replacement,special,fixed,identity,scalar,none,replace,object,environment,attribute-named,none,none
114,levels<-,do_levelsgets,src/main/attrib.c,0,BUILTINSXP,1,2,replacement,eager,fixed,identity,scalar,none,replace,object,environment,attribute-key,none,none
115,vector,do_makevector,src/main/builtin.c,0,BUILTINSXP,11,2,runtime,eager,fixed,identity,scalar,none,drop,none,pure,none,none,none
116,complex,do_complex,src/main/complex.c,0,BUILTINSXP,11,3,numeric-complex,eager,fixed,complex,elementwise-recycle,none,drop,none,pure,none,none,none
117,matrix,do_matrix,src/main/array.c,0,BUILTINSXP,11,7,matrix,eager,fixed,numeric,column-major,dimensions,dimensions,none,pure,none,none,construct-matrix
118,array,do_array,src/main/array.c,0,BUILTINSXP,11,3,matrix,eager,fixed,numeric,column-major,dimensions,dimensions,none,pure,none,none,construct-array
119,diag,do_diag,src/main/array.c,0,BUILTINSXP,11,3,matrix,eager,fixed,numeric,column-major,dimensions,dimensions,none,pure,none,none,diagonal
120,backsolve,do_backsolve,src/main/array.c,0,BUILTINSXP,11,5,matrix,eager,fixed,identity,scalar,dimensions,dimensions,none,pure,none,none,array-runtime
121,max.col,do_maxcol,src/main/array.c,0,BUILTINSXP,11,2,matrix,eager,fixed,identity,scalar,dimensions,dimensions,none,pure,none,none,array-runtime
122,row,do_rowscols,src/main/array.c,1,BUILTINSXP,11,1,matrix,eager,fixed,identity,scalar,dimensions,dimensions,none,pure,none,none,coordinates
123,col,do_rowscols,src/main/array.c,2,BUILTINSXP,11,1,matrix,eager,fixed,identity,scalar,dimensions,dimensions,none,pure,none,none,coordinates
124,unlist,do_unlist,src/main/bind.c,0,BUILTINSXP,11,3,combine,eager,fixed,identity,recycle,none,combine,none,pure,none,none,none
125,cbind,do_bind,src/main/bind.c,1,SPECIALSXP,10,-1,language,special,variadic,identity,scalar,none,drop,none,control-or-environment,none,none,none
126,rbind,do_bind,src/main/bind.c,2,SPECIALSXP,10,-1,language,special,variadic,identity,scalar,none,drop,none,control-or-environment,none,none,none
127,drop,do_drop,src/main/array.c,0,BUILTINSXP,11,1,matrix,eager,fixed,identity,scalar,dimensions,dimensions,none,pure,none,none,drop
128,all.names,do_allnames,src/main/list.c,0,BUILTINSXP,11,4,attribute,eager,fixed,identity,scalar,none,central,object,pure,none,none,none
129,comment,do_comment,src/main/attrib.c,0,BUILTINSXP,11,1,attribute,eager,fixed,identity,scalar,none,central,none,pure,none,get-key,none
130,comment<-,do_commentgets,src/main/attrib.c,0,BUILTINSXP,11,2,replacement,eager,fixed,identity,scalar,none,replace,methods,environment,attribute-key,none,none
131,get,do_get,src/main/envir.c,1,BUILTINSXP,11,4,environment,eager,fixed,identity,scalar,none,drop,methods,environment,none,none,none
132,get0,do_get,src/main/envir.c,2,BUILTINSXP,11,5,environment,eager,fixed,identity,scalar,none,drop,methods,environment,none,none,none
133,mget,do_mget,src/main/envir.c,1,BUILTINSXP,11,5,environment,eager,fixed,identity,scalar,none,drop,methods,environment,none,none,none
134,exists,do_get,src/main/envir.c,0,BUILTINSXP,11,4,environment,eager,fixed,identity,scalar,none,drop,methods,environment,none,none,none
135,assign,do_assign,src/main/envir.c,0,BUILTINSXP,111,4,environment,eager,fixed,identity,scalar,none,drop,methods,environment,none,none,none
136,list2env,do_list2env,src/main/envir.c,0,BUILTINSXP,11,2,environment,eager,fixed,identity,scalar,none,drop,methods,environment,none,none,none
137,remove,do_remove,src/main/envir.c,0,BUILTINSXP,111,3,environment,eager,fixed,identity,scalar,none,drop,methods,environment,none,none,none
138,duplicated,do_duplicated,src/main/unique.c,0,BUILTINSXP,11,4,matching,eager,fixed,identity,hash-or-order,none,drop,none,pure,none,none,none
139,unique,do_duplicated,src/main/unique.c,1,BUILTINSXP,11,4,matching,eager,fixed,identity,hash-or-order,none,drop,none,pure,none,none,none
140,anyDuplicated,do_duplicated,src/main/unique.c,2,BUILTINSXP,11,3,matching,eager,fixed,identity,hash-or-order,none,drop,none,pure,none,none,none
141,anyNA,do_anyNA,src/main/coerce.c,0,BUILTINSXP,1,-1,missingness,eager,variadic,identity,elementwise-or-reduce,none,inspect,object,pure,none,none,none
142,which,do_which,src/main/summary.c,0,BUILTINSXP,11,1,runtime,eager,fixed,identity,scalar,none,drop,none,pure,none,none,none
143,which.min,do_first_min,src/main/summary.c,0,BUILTINSXP,11,1,runtime,eager,fixed,identity,scalar,none,drop,none,pure,none,none,none
144,pmin,do_pmin,src/main/summary.c,0,BUILTINSXP,11,-1,reduction,eager,variadic,common-numeric,reduce,none,summary,summary-group,pure,none,none,none
145,pmax,do_pmin,src/main/summary.c,1,BUILTINSXP,11,-1,reduction,eager,variadic,common-numeric,reduce,none,summary,summary-group,pure,none,none,none
146,which.max,do_first_min,src/main/summary.c,1,BUILTINSXP,11,1,runtime,eager,fixed,identity,scalar,none,drop,none,pure,none,none,none
147,match,do_match,src/main/unique.c,0,BUILTINSXP,11,4,matching,eager,fixed,identity,hash-or-order,none,drop,none,pure,none,none,none
148,pmatch,do_pmatch,src/main/unique.c,0,BUILTINSXP,11,4,matching,eager,fixed,identity,hash-or-order,none,drop,none,pure,none,none,none
149,charmatch,do_charmatch,src/main/unique.c,0,BUILTINSXP,11,3,character,eager,fixed,character,elementwise-recycle,none,drop,none,pure,none,none,none
150,match.call,do_matchcall,src/main/unique.c,0,BUILTINSXP,11,4,matching,eager,fixed,identity,hash-or-order,none,drop,none,pure,none,none,none
151,crossprod,do_matprod,src/main/array.c,1,BUILTINSXP,1,1,matrix,eager,fixed,numeric,column-major,dimensions,dimensions,none,pure,none,none,product
152,tcrossprod,do_matprod,src/main/array.c,2,BUILTINSXP,1,1,matrix,eager,fixed,numeric,column-major,dimensions,dimensions,none,pure,none,none,product
153,asplit,do_asplit,src/main/array.c,0,BUILTINSXP,11,8,matrix,eager,fixed,identity,scalar,dimensions,dimensions,none,pure,none,none,array-runtime
154,lengths,do_lengths,src/main/array.c,0,BUILTINSXP,11,2,matrix,eager,fixed,identity,scalar,dimensions,dimensions,none,pure,none,none,array-runtime
155,sequence,do_sequence,src/main/seq.c,0,BUILTINSXP,11,4,runtime,eager,fixed,identity,scalar,none,drop,none,pure,none,none,none
156,vhash,do_vhash,src/main/unique.c,0,BUILTINSXP,11,-1,matching,eager,variadic,identity,hash-or-order,none,drop,none,pure,none,none,none
157,attach,do_attach,src/main/envir.c,0,BUILTINSXP,111,3,environment,eager,fixed,identity,scalar,none,drop,none,environment,none,none,none
158,detach,do_detach,src/main/envir.c,0,BUILTINSXP,111,1,environment,eager,fixed,identity,scalar,none,drop,none,environment,none,none,none
159,search,do_search,src/main/envir.c,0,BUILTINSXP,11,0,environment,eager,fixed,identity,scalar,none,drop,none,environment,none,none,none
160,setFileTime,do_setFileTime,src/main/platform.c,0,BUILTINSXP,111,2,io,eager,fixed,identity,scalar,none,drop,none,external-io,none,none,none
161,round,do_Math2,src/main/arithmetic.c,10001,SPECIALSXP,0,-1,numeric-unary,special,variadic,numeric,elementwise-recycle,none,group,group-generic,pure,none,none,none
162,signif,do_Math2,src/main/arithmetic.c,10004,SPECIALSXP,0,-1,numeric-unary,special,variadic,numeric,elementwise-recycle,none,group,group-generic,pure,none,none,none
163,log,do_log,src/main/arithmetic.c,10003,SPECIALSXP,0,-1,numeric-unary,special,variadic,numeric,elementwise-recycle,none,group,group-generic,pure,none,none,none
164,log10,do_log1arg,src/main/arithmetic.c,10010,BUILTINSXP,1,1,numeric-unary,eager,fixed,numeric,elementwise-recycle,none,group,group-generic,pure,none,none,none
165,log2,do_log1arg,src/main/arithmetic.c,10002,BUILTINSXP,1,1,numeric-unary,eager,fixed,numeric,elementwise-recycle,none,group,group-generic,pure,none,none,none
166,abs,do_abs,src/main/arithmetic.c,6,BUILTINSXP,1,1,numeric-unary,eager,fixed,numeric,elementwise-recycle,none,group,group-generic,pure,none,none,none
167,floor,do_math1,src/main/arithmetic.c,1,BUILTINSXP,1,1,numeric-unary,eager,fixed,numeric,elementwise-recycle,none,group,group-generic,pure,none,none,none
168,ceiling,do_math1,src/main/arithmetic.c,2,BUILTINSXP,1,1,numeric-unary,eager,fixed,numeric,elementwise-recycle,none,group,group-generic,pure,none,none,none
169,sqrt,do_math1,src/main/arithmetic.c,3,BUILTINSXP,1,1,numeric-unary,eager,fixed,numeric,elementwise-recycle,none,group,group-generic,pure,none,none,none
170,sign,do_math1,src/main/arithmetic.c,4,BUILTINSXP,1,1,numeric-unary,eager,fixed,numeric,elementwise-recycle,none,group,group-generic,pure,none,none,none
171,trunc,do_trunc,src/main/arithmetic.c,5,BUILTINSXP,1,-1,numeric-unary,eager,variadic,numeric,elementwise-recycle,none,group,group-generic,pure,none,none,none
172,exp,do_math1,src/main/arithmetic.c,10,BUILTINSXP,1,1,numeric-unary,eager,fixed,numeric,elementwise-recycle,none,group,group-generic,pure,none,none,none
173,expm1,do_math1,src/main/arithmetic.c,11,BUILTINSXP,1,1,numeric-unary,eager,fixed,numeric,elementwise-recycle,none,group,group-generic,pure,none,none,none
174,log1p,do_math1,src/main/arithmetic.c,12,BUILTINSXP,1,1,numeric-unary,eager,fixed,numeric,elementwise-recycle,none,group,group-generic,pure,none,none,none
175,cos,do_math1,src/main/arithmetic.c,20,BUILTINSXP,1,1,numeric-unary,eager,fixed,numeric,elementwise-recycle,none,group,group-generic,pure,none,none,none
176,sin,do_math1,src/main/arithmetic.c,21,BUILTINSXP,1,1,numeric-unary,eager,fixed,numeric,elementwise-recycle,none,group,group-generic,pure,none,none,none
177,tan,do_math1,src/main/arithmetic.c,22,BUILTINSXP,1,1,numeric-unary,eager,fixed,numeric,elementwise-recycle,none,group,group-generic,pure,none,none,none
178,acos,do_math1,src/main/arithmetic.c,23,BUILTINSXP,1,1,numeric-unary,eager,fixed,numeric,elementwise-recycle,none,group,group-generic,pure,none,none,none
179,asin,do_math1,src/main/arithmetic.c,24,BUILTINSXP,1,1,numeric-unary,eager,fixed,numeric,elementwise-recycle,none,group,group-generic,pure,none,none,none
180,atan,do_math1,src/main/arithmetic.c,25,BUILTINSXP,1,1,numeric-unary,eager,fixed,numeric,elementwise-recycle,none,group,group-generic,pure,none,none,none
181,cosh,do_math1,src/main/arithmetic.c,30,BUILTINSXP,1,1,numeric-unary,eager,fixed,numeric,elementwise-recycle,none,group,group-generic,pure,none,none,none
182,sinh,do_math1,src/main/arithmetic.c,31,BUILTINSXP,1,1,numeric-unary,eager,fixed,numeric,elementwise-recycle,none,group,group-generic,pure,none,none,none
183,tanh,do_math1,src/main/arithmetic.c,32,BUILTINSXP,1,1,numeric-unary,eager,fixed,numeric,elementwise-recycle,none,group,group-generic,pure,none,none,none
184,acosh,do_math1,src/main/arithmetic.c,33,BUILTINSXP,1,1,numeric-unary,eager,fixed,numeric,elementwise-recycle,none,group,group-generic,pure,none,none,none
185,asinh,do_math1,src/main/arithmetic.c,34,BUILTINSXP,1,1,numeric-unary,eager,fixed,numeric,elementwise-recycle,none,group,group-generic,pure,none,none,none
186,atanh,do_math1,src/main/arithmetic.c,35,BUILTINSXP,1,1,numeric-unary,eager,fixed,numeric,elementwise-recycle,none,group,group-generic,pure,none,none,none
187,lgamma,do_math1,src/main/arithmetic.c,40,BUILTINSXP,1,1,numeric-unary,eager,fixed,numeric,elementwise-recycle,none,group,group-generic,pure,none,none,none
188,gamma,do_math1,src/main/arithmetic.c,41,BUILTINSXP,1,1,numeric-unary,eager,fixed,numeric,elementwise-recycle,none,group,group-generic,pure,none,none,none
189,digamma,do_math1,src/main/arithmetic.c,42,BUILTINSXP,1,1,numeric-unary,eager,fixed,numeric,elementwise-recycle,none,group,group-generic,pure,none,none,none
190,trigamma,do_math1,src/main/arithmetic.c,43,BUILTINSXP,1,1,numeric-unary,eager,fixed,numeric,elementwise-recycle,none,group,group-generic,pure,none,none,none
191,cospi,do_math1,src/main/arithmetic.c,47,BUILTINSXP,1,1,numeric-unary,eager,fixed,numeric,elementwise-recycle,none,group,group-generic,pure,none,none,none
192,sinpi,do_math1,src/main/arithmetic.c,48,BUILTINSXP,1,1,numeric-unary,eager,fixed,numeric,elementwise-recycle,none,group,group-generic,pure,none,none,none
193,tanpi,do_math1,src/main/arithmetic.c,49,BUILTINSXP,1,1,numeric-unary,eager,fixed,numeric,elementwise-recycle,none,group,group-generic,pure,none,none,none
194,atan2,do_math2,src/main/arithmetic.c,0,BUILTINSXP,11,2,numeric-binary,eager,fixed,numeric,elementwise-recycle,none,group,group-generic,pure,none,none,none
195,lbeta,do_math2,src/main/arithmetic.c,2,BUILTINSXP,11,2,numeric-binary,eager,fixed,numeric,elementwise-recycle,none,group,group-generic,pure,none,none,none
196,beta,do_math2,src/main/arithmetic.c,3,BUILTINSXP,11,2,numeric-binary,eager,fixed,numeric,elementwise-recycle,none,group,group-generic,pure,none,none,none
197,lchoose,do_math2,src/main/arithmetic.c,4,BUILTINSXP,11,2,numeric-binary,eager,fixed,numeric,elementwise-recycle,none,group,group-generic,pure,none,none,none
198,choose,do_math2,src/main/arithmetic.c,5,BUILTINSXP,11,2,numeric-binary,eager,fixed,numeric,elementwise-recycle,none,group,group-generic,pure,none,none,none
199,besselJ,do_math2,src/main/arithmetic.c,24,BUILTINSXP,11,2,numeric-binary,eager,fixed,numeric,elementwise-recycle,none,group,group-generic,pure,none,none,none
200,besselY,do_math2,src/main/arithmetic.c,25,BUILTINSXP,11,2,numeric-binary,eager,fixed,numeric,elementwise-recycle,none,group,group-generic,pure,none,none,none
201,psigamma,do_math2,src/main/arithmetic.c,26,BUILTINSXP,11,2,numeric-binary,eager,fixed,numeric,elementwise-recycle,none,group,group-generic,pure,none,none,none
202,Re,do_cmathfuns,src/main/arithmetic.c,1,BUILTINSXP,1,1,numeric-complex,eager,fixed,complex,elementwise-recycle,none,group,group-generic,pure,none,none,none
203,Im,do_cmathfuns,src/main/arithmetic.c,2,BUILTINSXP,1,1,numeric-complex,eager,fixed,complex,elementwise-recycle,none,group,group-generic,pure,none,none,none
204,Mod,do_cmathfuns,src/main/arithmetic.c,3,BUILTINSXP,1,1,numeric-complex,eager,fixed,complex,elementwise-recycle,none,group,group-generic,pure,none,none,none
205,Arg,do_cmathfuns,src/main/arithmetic.c,4,BUILTINSXP,1,1,numeric-complex,eager,fixed,complex,elementwise-recycle,none,group,group-generic,pure,none,none,none
206,Conj,do_cmathfuns,src/main/arithmetic.c,5,BUILTINSXP,1,1,numeric-complex,eager,fixed,complex,elementwise-recycle,none,group,group-generic,pure,none,none,none
207,besselI,do_math3,src/main/arithmetic.c,43,BUILTINSXP,11,3,numeric-ternary,eager,fixed,numeric,elementwise-recycle,none,group,group-generic,pure,none,none,none
208,besselK,do_math3,src/main/arithmetic.c,44,BUILTINSXP,11,3,numeric-ternary,eager,fixed,numeric,elementwise-recycle,none,group,group-generic,pure,none,none,none
209,rchisq,do_random1,src/main/random.c,0,BUILTINSXP,11,2,random,eager,fixed,numeric,elementwise,none,drop,none,rng-state,none,none,none
210,rexp,do_random1,src/main/random.c,1,BUILTINSXP,11,2,random,eager,fixed,numeric,elementwise,none,drop,none,rng-state,none,none,none
211,rgeom,do_random1,src/main/random.c,2,BUILTINSXP,11,2,random,eager,fixed,numeric,elementwise,none,drop,none,rng-state,none,none,none
212,rpois,do_random1,src/main/random.c,3,BUILTINSXP,11,2,random,eager,fixed,numeric,elementwise,none,drop,none,rng-state,none,none,none
213,rt,do_random1,src/main/random.c,4,BUILTINSXP,11,2,random,eager,fixed,numeric,elementwise,none,drop,none,rng-state,none,none,none
214,rsignrank,do_random1,src/main/random.c,5,BUILTINSXP,11,2,random,eager,fixed,numeric,elementwise,none,drop,none,rng-state,none,none,none
215,rbeta,do_random2,src/main/random.c,0,BUILTINSXP,11,3,random,eager,fixed,numeric,elementwise,none,drop,none,rng-state,none,none,none
216,rbinom,do_random2,src/main/random.c,1,BUILTINSXP,11,3,random,eager,fixed,numeric,elementwise,none,drop,none,rng-state,none,none,none
217,rcauchy,do_random2,src/main/random.c,2,BUILTINSXP,11,3,random,eager,fixed,numeric,elementwise,none,drop,none,rng-state,none,none,none
218,rf,do_random2,src/main/random.c,3,BUILTINSXP,11,3,random,eager,fixed,numeric,elementwise,none,drop,none,rng-state,none,none,none
219,rgamma,do_random2,src/main/random.c,4,BUILTINSXP,11,3,random,eager,fixed,numeric,elementwise,none,drop,none,rng-state,none,none,none
220,rlnorm,do_random2,src/main/random.c,5,BUILTINSXP,11,3,random,eager,fixed,numeric,elementwise,none,drop,none,rng-state,none,none,none
221,rlogis,do_random2,src/main/random.c,6,BUILTINSXP,11,3,random,eager,fixed,numeric,elementwise,none,drop,none,rng-state,none,none,none
222,rnbinom,do_random2,src/main/random.c,7,BUILTINSXP,11,3,random,eager,fixed,numeric,elementwise,none,drop,none,rng-state,none,none,none
223,rnbinom_mu,do_random2,src/main/random.c,13,BUILTINSXP,11,3,random,eager,fixed,numeric,elementwise,none,drop,none,rng-state,none,none,none
224,rnchisq,do_random2,src/main/random.c,12,BUILTINSXP,11,3,random,eager,fixed,numeric,elementwise,none,drop,none,rng-state,none,none,none
225,rnorm,do_random2,src/main/random.c,8,BUILTINSXP,11,3,random,eager,fixed,numeric,elementwise,none,drop,none,rng-state,none,none,none
226,runif,do_random2,src/main/random.c,9,BUILTINSXP,11,3,random,eager,fixed,numeric,elementwise,none,drop,none,rng-state,none,none,none
227,rweibull,do_random2,src/main/random.c,10,BUILTINSXP,11,3,random,eager,fixed,numeric,elementwise,none,drop,none,rng-state,none,none,none
228,rwilcox,do_random2,src/main/random.c,11,BUILTINSXP,11,3,random,eager,fixed,numeric,elementwise,none,drop,none,rng-state,none,none,none
229,rhyper,do_random3,src/main/random.c,0,BUILTINSXP,11,4,random,eager,fixed,numeric,elementwise,none,drop,none,rng-state,none,none,none
230,sample,do_sample,src/main/random.c,0,BUILTINSXP,11,4,random,eager,fixed,numeric,elementwise,none,drop,none,rng-state,none,none,none
231,sample2,do_sample2,src/main/unique.c,0,BUILTINSXP,11,2,random,eager,fixed,numeric,elementwise,none,drop,none,rng-state,none,none,none
232,RNGkind,do_RNGkind,,0,BUILTINSXP,11,4,random,eager,fixed,numeric,elementwise,none,drop,none,rng-state,none,none,none
233,set.seed,do_setseed,,0,BUILTINSXP,111,5,random,eager,fixed,numeric,elementwise,none,drop,none,rng-state,none,none,none
234,sum,do_summary,src/main/summary.c,0,BUILTINSXP,1,-1,reduction,eager,variadic,common-numeric,reduce,none,summary,summary-group,pure,none,none,none
235,min,do_summary,src/main/summary.c,2,BUILTINSXP,1,-1,reduction,eager,variadic,common-numeric,reduce,none,summary,summary-group,pure,none,none,none
236,max,do_summary,src/main/summary.c,3,BUILTINSXP,1,-1,reduction,eager,variadic,common-numeric,reduce,none,summary,summary-group,pure,none,none,none
237,prod,do_summary,src/main/summary.c,4,BUILTINSXP,1,-1,reduction,eager,variadic,common-numeric,reduce,none,summary,summary-group,pure,none,none,none
238,mean,do_summary,src/main/summary.c,1,BUILTINSXP,11,1,reduction,eager,fixed,common-numeric,reduce,none,summary,summary-group,pure,none,none,none
239,range,do_range,src/main/summary.c,0,BUILTINSXP,1,-1,runtime,eager,variadic,identity,scalar,none,drop,none,pure,none,none,none
240,cumsum,do_cum,src/main/cum.c,1,BUILTINSXP,1,1,cumulative,eager,fixed,numeric,scan,none,names,math-group,pure,none,none,none
241,cumprod,do_cum,src/main/cum.c,2,BUILTINSXP,1,1,cumulative,eager,fixed,numeric,scan,none,names,math-group,pure,none,none,none
242,cummax,do_cum,src/main/cum.c,3,BUILTINSXP,1,1,cumulative,eager,fixed,numeric,scan,none,names,math-group,pure,none,none,none
243,cummin,do_cum,src/main/cum.c,4,BUILTINSXP,1,1,cumulative,eager,fixed,numeric,scan,none,names,math-group,pure,none,none,none
244,cumvar,do_cum,src/main/cum.c,5,BUILTINSXP,1,1,cumulative,eager,fixed,numeric,scan,none,names,math-group,pure,none,none,none
245,as.character,do_asatomic,src/main/coerce.c,0,BUILTINSXP,1,-1,coercion-atomic,eager,variadic,target-from-offset,elementwise,none,coercion,methods,pure,none,none,none
246,as.integer,do_asatomic,src/main/coerce.c,1,BUILTINSXP,1,-1,coercion-atomic,eager,variadic,target-from-offset,elementwise,none,coercion,methods,pure,none,none,none
247,as.double,do_asatomic,src/main/coerce.c,2,BUILTINSXP,1,-1,coercion-atomic,eager,variadic,target-from-offset,elementwise,none,coercion,methods,pure,none,none,none
248,as.numeric,do_asatomic,src/main/coerce.c,2,BUILTINSXP,1,-1,coercion-atomic,eager,variadic,target-from-offset,elementwise,none,coercion,methods,pure,none,none,none
249,as.complex,do_asatomic,src/main/coerce.c,3,BUILTINSXP,1,-1,coercion-atomic,eager,variadic,target-from-offset,elementwise,none,coercion,methods,pure,none,none,none
250,as.logical,do_asatomic,src/main/coerce.c,4,BUILTINSXP,1,-1,coercion-atomic,eager,variadic,target-from-offset,elementwise,none,coercion,methods,pure,none,none,none
251,as.raw,do_asatomic,src/main/coerce.c,5,BUILTINSXP,1,1,coercion-atomic,eager,fixed,target-from-offset,elementwise,none,coercion,methods,pure,none,none,none
252,as.call,do_ascall,src/main/coerce.c,0,BUILTINSXP,1,1,runtime,eager,fixed,identity,scalar,none,drop,none,pure,none,none,none
253,as.environment,do_as_environment,src/main/envir.c,0,BUILTINSXP,1,1,environment,eager,fixed,identity,scalar,none,drop,methods,environment,none,none,none
254,storage.mode<-,do_storage_mode,src/main/coerce.c,0,BUILTINSXP,1,2,replacement,eager,fixed,target-from-argument,elementwise,none,replace,methods,environment,coercion-mode,none,none
255,asCharacterFactor,do_asCharacterFactor,src/main/coerce.c,0,BUILTINSXP,11,1,character,eager,fixed,character,elementwise-recycle,none,drop,none,pure,none,none,none
256,as.vector,do_asvector,src/main/coerce.c,0,BUILTINSXP,11,2,coercion-mode,eager,fixed,target-from-argument,elementwise,none,coercion,methods,pure,none,none,none
257,paste,do_paste,src/main/format.c,0,BUILTINSXP,11,4,character,eager,fixed,character,elementwise-recycle,none,drop,none,pure,none,none,none
258,paste0,do_paste,src/main/format.c,1,BUILTINSXP,11,3,character,eager,fixed,character,elementwise-recycle,none,drop,none,pure,none,none,none
259,file.path,do_filepath,src/main/paste.c,0,BUILTINSXP,11,2,io,eager,fixed,identity,scalar,none,drop,none,external-io,none,none,none
260,format,do_format,src/main/format.c,0,BUILTINSXP,11,9,runtime,eager,fixed,identity,scalar,none,drop,none,pure,none,none,none
261,format.info,do_formatinfo,src/main/format.c,0,BUILTINSXP,11,3,runtime,eager,fixed,identity,scalar,none,drop,none,pure,none,none,none
262,cat,do_cat,src/main/builtin.c,0,BUILTINSXP,111,6,runtime,eager,fixed,identity,scalar,none,drop,none,pure,none,none,none
263,do.call,do_docall,src/main/coerce.c,0,BUILTINSXP,211,3,runtime,eager,fixed,identity,scalar,none,drop,none,pure,none,none,none
264,str2lang,do_str2lang,src/main/coerce.c,0,BUILTINSXP,11,1,character,eager,fixed,character,elementwise-recycle,none,drop,none,pure,none,none,none
265,str2expression,do_str2lang,src/main/coerce.c,1,BUILTINSXP,11,1,character,eager,fixed,character,elementwise-recycle,none,drop,none,pure,none,none,none
266,nchar,do_nchar,src/main/character.c,1,BUILTINSXP,11,4,character,eager,fixed,character,elementwise-recycle,none,drop,none,pure,none,none,none
267,nzchar,do_nzchar,src/main/character.c,1,BUILTINSXP,1,-1,character,eager,variadic,character,elementwise-recycle,none,drop,none,pure,none,none,none
268,substr,do_substr,src/main/character.c,1,BUILTINSXP,11,3,character,eager,fixed,character,elementwise-recycle,none,drop,none,pure,none,none,none
269,startsWith,do_startsWith,src/main/character.c,0,BUILTINSXP,11,2,character,eager,fixed,character,elementwise-recycle,none,drop,none,pure,none,none,none
270,endsWith,do_startsWith,src/main/character.c,1,BUILTINSXP,11,2,character,eager,fixed,character,elementwise-recycle,none,drop,none,pure,none,none,none
271,substr<-,do_substrgets,src/main/character.c,1,BUILTINSXP,11,4,replacement,eager,fixed,identity,scalar,none,replace,methods,environment,string-range,none,none
272,strsplit,do_strsplit,src/main/grep.c,1,BUILTINSXP,11,5,character,eager,fixed,character,elementwise-recycle,none,drop,none,pure,none,none,none
273,abbreviate,do_abbrev,src/main/character.c,1,BUILTINSXP,11,3,character,eager,fixed,character,elementwise-recycle,none,drop,none,pure,none,none,none
274,make.names,do_makenames,src/main/character.c,0,BUILTINSXP,11,2,attribute,eager,fixed,identity,scalar,none,central,object,pure,none,none,none
275,pcre_config,do_pcre_config,src/main/grep.c,1,BUILTINSXP,11,0,runtime,eager,fixed,identity,scalar,none,drop,none,pure,none,none,none
276,grep,do_grep,src/main/grep.c,0,BUILTINSXP,11,8,character,eager,fixed,character,elementwise-recycle,none,drop,none,pure,none,none,none
277,grepl,do_grep,src/main/grep.c,1,BUILTINSXP,11,8,character,eager,fixed,character,elementwise-recycle,none,drop,none,pure,none,none,none
278,grepRaw,do_grepraw,src/main/grep.c,0,BUILTINSXP,11,8,character,eager,fixed,character,elementwise-recycle,none,drop,none,pure,none,none,none
279,sub,do_gsub,src/main/grep.c,0,BUILTINSXP,11,7,character,eager,fixed,character,elementwise-recycle,none,drop,none,pure,none,none,none
280,gsub,do_gsub,src/main/grep.c,1,BUILTINSXP,11,7,character,eager,fixed,character,elementwise-recycle,none,drop,none,pure,none,none,none
281,regexpr,do_regexpr,src/main/grep.c,0,BUILTINSXP,11,6,runtime,eager,fixed,identity,scalar,none,drop,none,pure,none,none,none
282,gregexpr,do_regexpr,src/main/grep.c,1,BUILTINSXP,11,6,runtime,eager,fixed,identity,scalar,none,drop,none,pure,none,none,none
283,regexec,do_regexec,src/main/grep.c,1,BUILTINSXP,11,5,runtime,eager,fixed,identity,scalar,none,drop,none,pure,none,none,none
284,agrep,do_agrep,src/main/agrep.c,0,BUILTINSXP,11,8,character,eager,fixed,character,elementwise-recycle,none,drop,none,pure,none,none,none
285,agrepl,do_agrep,src/main/agrep.c,1,BUILTINSXP,11,8,character,eager,fixed,character,elementwise-recycle,none,drop,none,pure,none,none,none
286,adist,do_adist,src/main/agrep.c,1,BUILTINSXP,11,8,runtime,eager,fixed,identity,scalar,none,drop,none,pure,none,none,none
287,aregexec,do_aregexec,src/main/agrep.c,1,BUILTINSXP,11,7,runtime,eager,fixed,identity,scalar,none,drop,none,pure,none,none,none
288,tolower,do_tolower,src/main/character.c,0,BUILTINSXP,11,1,character,eager,fixed,character,elementwise-recycle,none,drop,none,pure,none,none,none
289,toupper,do_tolower,src/main/character.c,1,BUILTINSXP,11,1,character,eager,fixed,character,elementwise-recycle,none,drop,none,pure,none,none,none
290,chartr,do_chartr,src/main/character.c,1,BUILTINSXP,11,3,character,eager,fixed,character,elementwise-recycle,none,drop,none,pure,none,none,none
291,sprintf,do_sprintf,src/main/sprintf.c,1,BUILTINSXP,11,-1,runtime,eager,variadic,identity,scalar,none,drop,none,pure,none,none,none
292,make.unique,do_makeunique,src/main/unique.c,0,BUILTINSXP,11,2,matching,eager,fixed,identity,hash-or-order,none,drop,none,pure,none,none,none
293,charToRaw,do_charToRaw,src/main/raw.c,1,BUILTINSXP,11,1,character,eager,fixed,character,elementwise-recycle,none,drop,none,pure,none,none,none
294,rawToChar,do_rawToChar,src/main/raw.c,1,BUILTINSXP,11,2,character,eager,fixed,character,elementwise-recycle,none,drop,none,pure,none,none,none
295,rawShift,do_rawShift,src/main/raw.c,1,BUILTINSXP,11,2,bitwise,eager,fixed,integer-or-raw,elementwise-recycle,none,drop,none,pure,none,none,none
296,intToBits,do_intToBits,src/main/raw.c,1,BUILTINSXP,11,1,bitwise,eager,fixed,integer-or-raw,elementwise-recycle,none,drop,none,pure,none,none,none
297,numToBits,do_numToBits,src/main/raw.c,1,BUILTINSXP,11,1,bitwise,eager,fixed,integer-or-raw,elementwise-recycle,none,drop,none,pure,none,none,none
298,numToInts,do_numToInts,src/main/raw.c,1,BUILTINSXP,11,1,runtime,eager,fixed,identity,scalar,none,drop,none,pure,none,none,none
299,rawToBits,do_rawToBits,src/main/raw.c,1,BUILTINSXP,11,1,bitwise,eager,fixed,integer-or-raw,elementwise-recycle,none,drop,none,pure,none,none,none
300,packBits,do_packBits,src/main/raw.c,1,BUILTINSXP,11,2,bitwise,eager,fixed,integer-or-raw,elementwise-recycle,none,drop,none,pure,none,none,none
301,utf8ToInt,do_utf8ToInt,src/main/raw.c,1,BUILTINSXP,11,1,character,eager,fixed,character,elementwise-recycle,none,drop,none,pure,none,none,none
302,intToUtf8,do_intToUtf8,src/main/raw.c,1,BUILTINSXP,11,3,character,eager,fixed,character,elementwise-recycle,none,drop,none,pure,none,none,none
303,validUTF8,do_validUTF8,src/main/util.c,1,BUILTINSXP,11,1,character,eager,fixed,character,elementwise-recycle,none,drop,none,pure,none,none,none
304,validEnc,do_validEnc,src/main/util.c,1,BUILTINSXP,11,1,runtime,eager,fixed,identity,scalar,none,drop,none,pure,none,none,none
305,encodeString,do_encodeString,src/main/util.c,1,BUILTINSXP,11,5,character,eager,fixed,character,elementwise-recycle,none,drop,none,pure,none,none,none
306,iconv,do_iconv,src/main/sysutils.c,0,BUILTINSXP,11,6,system,eager,fixed,identity,scalar,none,drop,none,external-system,none,none,none
307,strtrim,do_strtrim,src/main/character.c,0,BUILTINSXP,11,2,character,eager,fixed,character,elementwise-recycle,none,drop,none,pure,none,none,none
308,strtoi,do_strtoi,src/main/character.c,0,BUILTINSXP,11,2,character,eager,fixed,character,elementwise-recycle,none,drop,none,pure,none,none,none
309,strrep,do_strrep,src/main/character.c,0,BUILTINSXP,11,2,character,eager,fixed,character,elementwise-recycle,none,drop,none,pure,none,none,none
310,is.null,do_is,src/main/coerce.c,NILSXP,BUILTINSXP,1,1,predicate,eager,fixed,identity,elementwise-or-scalar,none,inspect,object,pure,none,none,none
311,is.logical,do_is,src/main/coerce.c,LGLSXP,BUILTINSXP,1,1,predicate,eager,fixed,identity,elementwise-or-scalar,none,inspect,object,pure,none,none,none
312,is.integer,do_is,src/main/coerce.c,INTSXP,BUILTINSXP,1,1,predicate,eager,fixed,identity,elementwise-or-scalar,none,inspect,object,pure,none,none,none
313,is.double,do_is,src/main/coerce.c,REALSXP,BUILTINSXP,1,1,predicate,eager,fixed,identity,elementwise-or-scalar,none,inspect,object,pure,none,none,none
314,is.complex,do_is,src/main/coerce.c,CPLXSXP,BUILTINSXP,1,1,predicate,eager,fixed,identity,elementwise-or-scalar,none,inspect,object,pure,none,none,none
315,is.character,do_is,src/main/coerce.c,STRSXP,BUILTINSXP,1,1,predicate,eager,fixed,identity,elementwise-or-scalar,none,inspect,object,pure,none,none,none
316,is.symbol,do_is,src/main/coerce.c,SYMSXP,BUILTINSXP,1,1,predicate,eager,fixed,identity,elementwise-or-scalar,none,inspect,object,pure,none,none,none
317,is.name,do_is,src/main/coerce.c,SYMSXP,BUILTINSXP,1,1,predicate,eager,fixed,identity,elementwise-or-scalar,none,inspect,object,pure,none,none,none
318,is.environment,do_is,src/main/coerce.c,ENVSXP,BUILTINSXP,1,1,predicate,eager,fixed,identity,elementwise-or-scalar,none,inspect,object,pure,none,none,none
319,is.list,do_is,src/main/coerce.c,VECSXP,BUILTINSXP,1,1,predicate,eager,fixed,identity,elementwise-or-scalar,none,inspect,object,pure,none,none,none
320,is.pairlist,do_is,src/main/coerce.c,LISTSXP,BUILTINSXP,1,1,predicate,eager,fixed,identity,elementwise-or-scalar,none,inspect,object,pure,none,none,none
321,is.expression,do_is,src/main/coerce.c,EXPRSXP,BUILTINSXP,1,1,predicate,eager,fixed,identity,elementwise-or-scalar,none,inspect,object,pure,none,none,none
322,is.raw,do_is,src/main/coerce.c,RAWSXP,BUILTINSXP,1,1,predicate,eager,fixed,identity,elementwise-or-scalar,none,inspect,object,pure,none,none,none
323,is.object,do_is,src/main/coerce.c,50,BUILTINSXP,1,1,predicate,eager,fixed,identity,elementwise-or-scalar,none,inspect,object,pure,none,none,none
324,isS4,do_is,src/main/coerce.c,51,BUILTINSXP,1,1,predicate,eager,fixed,identity,elementwise-or-scalar,none,inspect,object,pure,none,none,none
325,is.numeric,do_is,src/main/coerce.c,100,BUILTINSXP,1,1,predicate,eager,fixed,identity,elementwise-or-scalar,none,inspect,object,pure,none,none,none
326,is.matrix,do_is,src/main/coerce.c,101,BUILTINSXP,1,1,predicate,eager,fixed,identity,elementwise-or-scalar,none,inspect,object,pure,none,none,none
327,is.array,do_is,src/main/coerce.c,102,BUILTINSXP,1,1,predicate,eager,fixed,identity,elementwise-or-scalar,none,inspect,object,pure,none,none,none
328,is.atomic,do_is,src/main/coerce.c,200,BUILTINSXP,1,1,predicate,eager,fixed,identity,elementwise-or-scalar,none,inspect,object,pure,none,none,none
329,is.recursive,do_is,src/main/coerce.c,201,BUILTINSXP,1,1,predicate,eager,fixed,identity,elementwise-or-scalar,none,inspect,object,pure,none,none,none
330,is.call,do_is,src/main/coerce.c,300,BUILTINSXP,1,1,predicate,eager,fixed,identity,elementwise-or-scalar,none,inspect,object,pure,none,none,none
331,is.language,do_is,src/main/coerce.c,301,BUILTINSXP,1,1,predicate,eager,fixed,identity,elementwise-or-scalar,none,inspect,object,pure,none,none,none
332,is.function,do_is,src/main/coerce.c,302,BUILTINSXP,1,1,predicate,eager,fixed,identity,elementwise-or-scalar,none,inspect,object,pure,none,none,none
333,is.single,do_is,src/main/coerce.c,999,BUILTINSXP,1,1,predicate,eager,fixed,identity,elementwise-or-scalar,none,inspect,object,pure,none,none,none
334,is.na,do_isna,src/main/coerce.c,0,BUILTINSXP,1,1,missingness,eager,fixed,identity,elementwise-or-reduce,none,inspect,object,pure,none,none,none
335,is.nan,do_isnan,src/main/coerce.c,0,BUILTINSXP,1,1,numeric-predicate,eager,fixed,numeric,elementwise,none,drop,none,pure,none,none,none
336,is.finite,do_isfinite,src/main/coerce.c,0,BUILTINSXP,1,1,numeric-predicate,eager,fixed,numeric,elementwise,none,drop,none,pure,none,none,none
337,is.infinite,do_isinfinite,src/main/coerce.c,0,BUILTINSXP,1,1,numeric-predicate,eager,fixed,numeric,elementwise,none,drop,none,pure,none,none,none
338,is.vector,do_isvector,src/main/coerce.c,0,BUILTINSXP,11,2,runtime,eager,fixed,identity,scalar,none,drop,none,pure,none,none,none
339,proc.time,do_proctime,src/main/sysutils.c,0,BUILTINSXP,1,0,system,eager,fixed,identity,scalar,none,drop,none,external-system,none,none,none
340,gc.time,do_gctime,src/main/memory.c,0,BUILTINSXP,1,-1,runtime,eager,variadic,identity,scalar,none,drop,none,pure,none,none,none
341,withVisible,do_withVisible,src/main/eval.c,1,SPECIALSXP,10,1,language,special,fixed,identity,scalar,none,drop,none,control-or-environment,none,none,none
342,expression,do_expression,src/main/builtin.c,1,SPECIALSXP,0,-1,language,special,variadic,identity,scalar,none,drop,none,control-or-environment,none,none,none
343,interactive,do_interactive,src/main/sysutils.c,0,BUILTINSXP,1,0,system,eager,fixed,identity,scalar,none,drop,none,external-system,none,none,none
344,invisible,do_invisible,src/main/print.c,0,BUILTINSXP,101,1,runtime,eager,fixed,identity,scalar,none,drop,none,pure,none,none,none
345,rep,do_rep,src/main/seq.c,0,SPECIALSXP,0,-1,language,special,variadic,identity,scalar,none,drop,none,control-or-environment,none,none,none
346,rep.int,do_rep_int,src/main/seq.c,0,BUILTINSXP,11,2,runtime,eager,fixed,identity,scalar,none,drop,none,pure,none,none,none
347,rep_len,do_rep_len,src/main/seq.c,0,BUILTINSXP,11,2,runtime,eager,fixed,identity,scalar,none,drop,none,pure,none,none,none
348,seq.int,do_seq,src/main/seq.c,0,BUILTINSXP,1,-1,runtime,eager,variadic,identity,scalar,none,drop,none,pure,none,none,none
349,seq_len,do_seq_len,src/main/seq.c,0,BUILTINSXP,1,1,runtime,eager,fixed,identity,scalar,none,drop,none,pure,none,none,none
350,seq_along,do_seq_along,src/main/seq.c,0,BUILTINSXP,1,1,runtime,eager,fixed,identity,scalar,none,drop,none,pure,none,none,none
351,list,do_makelist,src/main/builtin.c,1,BUILTINSXP,1,-1,runtime,eager,variadic,identity,scalar,none,drop,none,pure,none,none,none
352,xtfrm,do_xtfrm,src/main/sort.c,0,BUILTINSXP,1,1,ordering,eager,fixed,identity,order,none,drop,none,pure,none,none,none
353,enc2native,do_enc2,src/main/util.c,0,BUILTINSXP,1,1,runtime,eager,fixed,identity,scalar,none,drop,none,pure,none,none,none
354,enc2utf8,do_enc2,src/main/util.c,1,BUILTINSXP,1,1,runtime,eager,fixed,identity,scalar,none,drop,none,pure,none,none,none
355,emptyenv,do_emptyenv,src/main/envir.c,0,BUILTINSXP,1,0,environment,eager,fixed,identity,scalar,none,drop,methods,environment,none,none,none
356,baseenv,do_baseenv,src/main/envir.c,0,BUILTINSXP,1,0,environment,eager,fixed,identity,scalar,none,drop,methods,environment,none,none,none
357,globalenv,do_globalenv,src/main/envir.c,0,BUILTINSXP,1,0,environment,eager,fixed,identity,scalar,none,drop,methods,environment,none,none,none
358,environment<-,do_envirgets,src/main/builtin.c,0,BUILTINSXP,1,2,replacement,eager,fixed,identity,scalar,none,replace,methods,environment,closure-environment,none,none
359,pos.to.env,do_pos2env,src/main/envir.c,0,BUILTINSXP,1,1,environment,eager,fixed,identity,scalar,none,drop,methods,environment,none,none,none
360,.C,do_dotCode,src/main/dotcode.c,0,BUILTINSXP,1,-1,runtime,eager,variadic,identity,scalar,none,drop,none,pure,none,none,none
361,.Fortran,do_dotCode,src/main/dotcode.c,1,BUILTINSXP,1,-1,runtime,eager,variadic,identity,scalar,none,drop,none,pure,none,none,none
362,.External,do_External,src/main/dotcode.c,0,BUILTINSXP,1,-1,runtime,eager,variadic,identity,scalar,none,drop,none,pure,none,none,none
363,.External2,do_External,src/main/dotcode.c,1,BUILTINSXP,201,-1,runtime,eager,variadic,identity,scalar,none,drop,none,pure,none,none,none
364,.Call,do_dotcall,src/main/dotcode.c,0,BUILTINSXP,1,-1,runtime,eager,variadic,identity,scalar,none,drop,none,pure,none,none,none
365,.External.graphics,do_Externalgr,src/main/dotcode.c,0,BUILTINSXP,1,-1,runtime,eager,variadic,identity,scalar,none,drop,none,pure,none,none,none
366,.Call.graphics,do_dotcallgr,src/main/dotcode.c,0,BUILTINSXP,1,-1,runtime,eager,variadic,identity,scalar,none,drop,none,pure,none,none,none
367,eapply,do_eapply,src/main/envir.c,0,SPECIALSXP,10,4,language,special,fixed,identity,scalar,none,drop,none,control-or-environment,none,none,none
368,lapply,do_lapply,src/main/apply.c,0,SPECIALSXP,10,2,language,special,fixed,identity,scalar,none,drop,none,control-or-environment,none,none,none
369,vapply,do_vapply,src/main/apply.c,0,SPECIALSXP,10,4,language,special,fixed,identity,scalar,none,drop,none,control-or-environment,none,none,none
370,mapply,do_mapply,src/main/mapply.c,0,BUILTINSXP,11,3,runtime,eager,fixed,identity,scalar,none,drop,none,pure,none,none,none
371,Version,do_version,src/main/version.c,0,BUILTINSXP,11,0,runtime,eager,fixed,identity,scalar,none,drop,none,pure,none,none,none
372,machine,do_machine,src/gnuwin32/sys-win32.c,0,BUILTINSXP,11,0,runtime,eager,fixed,identity,scalar,none,drop,none,pure,none,none,none
373,commandArgs,do_commandArgs,src/main/CommandLineArgs.c,0,BUILTINSXP,11,0,runtime,eager,fixed,identity,scalar,none,drop,none,pure,none,none,none
374,internalsID,do_internalsID,src/main/version.c,0,BUILTINSXP,11,0,runtime,eager,fixed,identity,scalar,none,drop,none,pure,none,none,none
375,system,do_system,src/gnuwin32/sys-win32.c,0,BUILTINSXP,211,7,runtime,eager,fixed,identity,scalar,none,drop,none,pure,none,none,none
376,system,do_system,src/gnuwin32/sys-win32.c,0,BUILTINSXP,211,4,runtime,eager,fixed,identity,scalar,none,drop,none,pure,none,none,none
377,shell.exec,do_shellexec,src/gnuwin32/extra.c,0,BUILTINSXP,111,1,runtime,eager,fixed,identity,scalar,none,drop,none,pure,none,none,none
378,Sys.which,do_syswhich,src/gnuwin32/run.c,0,BUILTINSXP,11,1,runtime,eager,fixed,identity,scalar,none,drop,none,pure,none,none,none
379,mkjunction,do_mkjunction,src/main/platform.c,0,BUILTINSXP,11,2,system,eager,fixed,identity,scalar,none,drop,none,external-system,none,none,none
380,tzone_name,do_tzone_name,src/gnuwin32/extra.c,0,BUILTINSXP,11,0,runtime,eager,fixed,identity,scalar,none,drop,none,pure,none,none,none
381,parse,do_parse,src/main/coerce.c,0,BUILTINSXP,11,6,runtime,eager,fixed,identity,scalar,none,drop,none,pure,none,none,none
382,parse_Rd,do_parseRd,,0,BUILTINSXP,11,7,runtime,eager,fixed,identity,scalar,none,drop,none,pure,none,none,none
383,deparseRd,do_deparseRd,,0,BUILTINSXP,11,2,runtime,eager,fixed,identity,scalar,none,drop,none,pure,none,none,none
384,parseLatex,do_parseLatex,,0,BUILTINSXP,11,5,runtime,eager,fixed,identity,scalar,none,drop,none,pure,none,none,none
385,save,do_save,src/main/saveload.c,0,BUILTINSXP,111,6,serialization,eager,fixed,identity,scalar,none,graph,none,external-io,none,none,none
386,saveToConn,do_saveToConn,src/main/saveload.c,0,BUILTINSXP,111,6,serialization,eager,fixed,identity,scalar,none,graph,none,external-io,none,none,none
387,load,do_load,src/main/saveload.c,0,BUILTINSXP,111,2,serialization,eager,fixed,identity,scalar,none,graph,none,external-io,none,none,none
388,loadFromConn2,do_loadFromConn2,src/main/saveload.c,0,BUILTINSXP,111,3,serialization,eager,fixed,identity,scalar,none,graph,none,external-io,none,none,none
389,loadInfoFromConn2,do_loadFromConn2,src/main/saveload.c,1,BUILTINSXP,11,1,serialization,eager,fixed,identity,scalar,none,graph,none,external-io,none,none,none
390,serializeToConn,do_serializeToConn,src/main/serialize.c,0,BUILTINSXP,111,5,serialization,eager,fixed,identity,scalar,none,graph,none,external-io,none,none,none
391,unserializeFromConn,do_unserializeFromConn,src/main/serialize.c,0,BUILTINSXP,11,2,serialization,eager,fixed,identity,scalar,none,graph,none,external-io,none,none,none
392,serializeInfoFromConn,do_unserializeFromConn,src/main/serialize.c,1,BUILTINSXP,11,1,serialization,eager,fixed,identity,scalar,none,graph,none,external-io,none,none,none
393,deparse,do_deparse,src/main/deparse.c,0,BUILTINSXP,11,5,runtime,eager,fixed,identity,scalar,none,drop,none,pure,none,none,none
394,dput,do_dput,src/main/deparse.c,0,BUILTINSXP,111,3,runtime,eager,fixed,identity,scalar,none,drop,none,pure,none,none,none
395,dump,do_dump,src/main/deparse.c,0,BUILTINSXP,111,5,runtime,eager,fixed,identity,scalar,none,drop,none,pure,none,none,none
396,quit,do_quit,src/main/main.c,0,BUILTINSXP,111,3,runtime,eager,fixed,identity,scalar,none,drop,none,pure,none,none,none
397,readline,do_readln,src/main/scan.c,0,BUILTINSXP,11,1,io,eager,fixed,identity,scalar,none,drop,none,external-io,none,none,none
398,print.default,do_printdefault,src/main/print.c,0,BUILTINSXP,111,3,runtime,eager,fixed,identity,scalar,none,drop,none,pure,none,none,none
399,prmatrix,do_prmatrix,src/main/print.c,0,BUILTINSXP,111,6,matrix,eager,fixed,numeric,column-major,dimensions,dimensions,none,pure,none,none,array-runtime
400,gc,do_gc,src/main/memory.c,0,BUILTINSXP,11,3,runtime,eager,fixed,identity,scalar,none,drop,none,pure,none,none,none
401,gcinfo,do_gcinfo,src/main/memory.c,0,BUILTINSXP,11,1,runtime,eager,fixed,identity,scalar,none,drop,none,pure,none,none,none
402,gctorture,do_gctorture,src/main/memory.c,0,BUILTINSXP,111,1,runtime,eager,fixed,identity,scalar,none,drop,none,pure,none,none,none
403,gctorture2,do_gctorture2,src/main/memory.c,0,BUILTINSXP,11,3,runtime,eager,fixed,identity,scalar,none,drop,none,pure,none,none,none
404,memory.profile,do_memoryprofile,src/main/memory.c,0,BUILTINSXP,11,0,io,eager,fixed,identity,scalar,none,drop,none,external-io,none,none,none
405,mem.maxVSize,do_maxVSize,src/main/memory.c,0,BUILTINSXP,11,1,runtime,eager,fixed,identity,scalar,none,drop,none,pure,none,none,none
406,mem.maxNSize,do_maxNSize,src/main/memory.c,0,BUILTINSXP,11,1,runtime,eager,fixed,identity,scalar,none,drop,none,pure,none,none,none
407,split,do_split,src/main/split.c,0,BUILTINSXP,11,2,runtime,eager,fixed,identity,scalar,none,drop,none,pure,none,none,none
408,is.loaded,do_isloaded,src/main/dotcode.c,0,BUILTINSXP,11,-1,serialization,eager,variadic,identity,scalar,none,graph,none,external-io,none,none,none
409,recordGraphics,do_recordGraphics,src/main/engine.c,0,BUILTINSXP,211,3,runtime,eager,fixed,identity,scalar,none,drop,none,pure,none,none,none
410,dyn.load,do_dynload,src/main/Rdynload.c,0,BUILTINSXP,111,4,serialization,eager,fixed,identity,scalar,none,graph,none,external-io,none,none,none
411,dyn.unload,do_dynunload,src/main/Rdynload.c,0,BUILTINSXP,111,1,serialization,eager,fixed,identity,scalar,none,graph,none,external-io,none,none,none
412,ls,do_ls,src/main/envir.c,1,BUILTINSXP,11,3,environment,eager,fixed,identity,scalar,none,drop,none,environment,none,none,none
413,typeof,do_typeof,src/main/coerce.c,1,BUILTINSXP,11,1,runtime,eager,fixed,identity,scalar,none,drop,none,pure,none,none,none
414,eval,do_eval,src/main/eval.c,0,BUILTINSXP,211,3,language,eager,fixed,identity,scalar,none,drop,none,control-or-environment,none,none,none
415,Exec,do_tailcall,src/main/eval.c,0,SPECIALSXP,200,-1,language,special,variadic,identity,scalar,none,drop,none,control-or-environment,none,none,none
416,Tailcall,do_tailcall,src/main/eval.c,1,SPECIALSXP,200,-1,language,special,variadic,identity,scalar,none,drop,none,control-or-environment,none,none,none
417,returnValue,do_returnValue,src/main/eval.c,0,BUILTINSXP,11,1,language,eager,fixed,identity,scalar,none,drop,none,control-or-environment,none,none,none
418,sys.parent,do_sys,src/main/context.c,1,BUILTINSXP,11,-1,runtime,eager,variadic,identity,scalar,none,drop,none,pure,none,none,none
419,sys.call,do_sys,src/main/context.c,2,BUILTINSXP,11,-1,runtime,eager,variadic,identity,scalar,none,drop,none,pure,none,none,none
420,sys.frame,do_sys,src/main/context.c,3,BUILTINSXP,11,-1,runtime,eager,variadic,identity,scalar,none,drop,none,pure,none,none,none
421,sys.nframe,do_sys,src/main/context.c,4,BUILTINSXP,11,-1,runtime,eager,variadic,identity,scalar,none,drop,none,pure,none,none,none
422,sys.calls,do_sys,src/main/context.c,5,BUILTINSXP,11,-1,runtime,eager,variadic,identity,scalar,none,drop,none,pure,none,none,none
423,sys.frames,do_sys,src/main/context.c,6,BUILTINSXP,11,-1,runtime,eager,variadic,identity,scalar,none,drop,none,pure,none,none,none
424,sys.on.exit,do_sys,src/main/context.c,7,BUILTINSXP,11,-1,runtime,eager,variadic,identity,scalar,none,drop,none,pure,none,none,none
425,sys.parents,do_sys,src/main/context.c,8,BUILTINSXP,11,-1,runtime,eager,variadic,identity,scalar,none,drop,none,pure,none,none,none
426,sys.function,do_sys,src/main/context.c,9,BUILTINSXP,11,-1,runtime,eager,variadic,identity,scalar,none,drop,none,pure,none,none,none
427,traceback,do_traceback,src/main/errors.c,0,BUILTINSXP,11,1,runtime,eager,fixed,identity,scalar,none,drop,none,pure,none,none,none
428,browserText,do_sysbrowser,src/main/context.c,1,BUILTINSXP,11,1,runtime,eager,fixed,identity,scalar,none,drop,none,pure,none,none,none
429,browserCondition,do_sysbrowser,src/main/context.c,2,BUILTINSXP,11,1,runtime,eager,fixed,identity,scalar,none,drop,none,pure,none,none,none
430,browserSetDebug,do_sysbrowser,src/main/context.c,3,BUILTINSXP,111,1,runtime,eager,fixed,identity,scalar,none,drop,none,pure,none,none,none
431,parent.frame,do_parentframe,src/main/context.c,0,BUILTINSXP,11,1,runtime,eager,fixed,identity,scalar,none,drop,none,pure,none,none,none
432,sort,do_sort,src/main/sort.c,1,BUILTINSXP,11,2,ordering,eager,fixed,identity,order,none,drop,none,pure,none,none,none
433,is.unsorted,do_isunsorted,src/main/sort.c,0,BUILTINSXP,11,3,ordering,eager,fixed,identity,order,none,drop,none,pure,none,none,none
434,sorted_fpass,do_sorted_fpass,src/main/sort.c,0,BUILTINSXP,11,3,ordering,eager,fixed,identity,order,none,drop,none,pure,none,none,none
435,psort,do_psort,src/main/sort.c,0,BUILTINSXP,11,2,ordering,eager,fixed,identity,order,none,drop,none,pure,none,none,none
436,qsort,do_qsort,src/main/qsort.c,0,BUILTINSXP,11,2,runtime,eager,fixed,identity,scalar,none,drop,none,pure,none,none,none
437,radixsort,do_radixsort,src/main/radixsort.c,0,BUILTINSXP,11,-1,runtime,eager,variadic,identity,scalar,none,drop,none,pure,none,none,none
438,order,do_order,src/main/sort.c,0,BUILTINSXP,11,-1,ordering,eager,variadic,identity,order,none,drop,none,pure,none,none,none
439,rank,do_rank,src/main/sort.c,0,BUILTINSXP,11,3,ordering,eager,fixed,identity,order,none,drop,none,pure,none,none,none
440,scan,do_scan,src/main/scan.c,0,BUILTINSXP,11,19,runtime,eager,fixed,identity,scalar,none,drop,none,pure,none,none,none
441,t.default,do_transpose,src/main/array.c,0,BUILTINSXP,11,1,matrix,eager,fixed,numeric,column-major,dimensions,dimensions,none,pure,none,none,transpose
442,aperm,do_aperm,src/main/array.c,0,BUILTINSXP,11,3,matrix,eager,fixed,identity,scalar,dimensions,dimensions,none,pure,none,none,array-runtime
443,builtins,do_builtins,src/main/envir.c,0,BUILTINSXP,11,1,environment,eager,fixed,identity,scalar,none,drop,none,environment,none,none,none
444,args,do_args,src/main/builtin.c,0,BUILTINSXP,11,1,runtime,eager,fixed,identity,scalar,none,drop,none,pure,none,none,none
445,formals,do_formals,src/main/builtin.c,0,BUILTINSXP,11,1,runtime,eager,fixed,identity,scalar,none,drop,none,pure,none,none,none
446,body,do_body,src/main/builtin.c,0,BUILTINSXP,11,1,runtime,eager,fixed,identity,scalar,none,drop,none,pure,none,none,none
447,bodyCode,do_bodyCode,src/main/builtin.c,0,BUILTINSXP,11,1,runtime,eager,fixed,identity,scalar,none,drop,none,pure,none,none,none
448,environment,do_envir,src/main/builtin.c,0,BUILTINSXP,11,1,environment,eager,fixed,identity,scalar,none,drop,methods,environment,none,none,none
449,environmentName,do_envirName,src/main/builtin.c,0,BUILTINSXP,11,1,environment,eager,fixed,identity,scalar,none,drop,methods,environment,none,none,none
450,env2list,do_env2list,src/main/envir.c,0,BUILTINSXP,11,3,environment,eager,fixed,identity,scalar,none,drop,methods,environment,none,none,none
451,reg.finalizer,do_regFinaliz,src/main/memory.c,0,BUILTINSXP,11,3,runtime,eager,fixed,identity,scalar,none,drop,none,pure,none,none,none
452,options,do_options,src/main/options.c,0,BUILTINSXP,211,-1,runtime,eager,variadic,identity,scalar,none,drop,none,pure,none,none,none
453,getOption,do_getOption,src/main/options.c,0,BUILTINSXP,11,1,environment,eager,fixed,identity,scalar,none,drop,methods,environment,none,none,none
454,sink,do_sink,src/main/connections.c,0,BUILTINSXP,111,4,io,eager,fixed,identity,scalar,none,drop,none,external-io,none,none,none
455,sink.number,do_sinknumber,src/main/connections.c,0,BUILTINSXP,11,1,io,eager,fixed,identity,scalar,none,drop,none,external-io,none,none,none
456,rapply,do_rapply,src/main/apply.c,0,BUILTINSXP,11,5,iteration,eager,fixed,identity,map,none,drop,none,pure,none,none,none
457,islistfactor,do_islistfactor,src/main/apply.c,0,BUILTINSXP,11,2,iteration,eager,fixed,identity,map,none,drop,none,pure,none,none,none
458,colSums,do_colsum,src/main/array.c,0,BUILTINSXP,11,4,reduction,eager,fixed,common-numeric,reduce,none,summary,summary-group,pure,none,none,none
459,colMeans,do_colsum,src/main/array.c,1,BUILTINSXP,11,4,reduction,eager,fixed,common-numeric,reduce,none,summary,summary-group,pure,none,none,none
460,rowSums,do_colsum,src/main/array.c,2,BUILTINSXP,11,4,reduction,eager,fixed,common-numeric,reduce,none,summary,summary-group,pure,none,none,none
461,rowMeans,do_colsum,src/main/array.c,3,BUILTINSXP,11,4,reduction,eager,fixed,common-numeric,reduce,none,summary,summary-group,pure,none,none,none
462,tracemem,do_tracemem,src/main/debug.c,0,BUILTINSXP,1,1,runtime,eager,fixed,identity,scalar,none,drop,none,pure,none,none,none
463,retracemem,do_retracemem,src/main/debug.c,0,BUILTINSXP,201,-1,runtime,eager,variadic,identity,scalar,none,drop,none,pure,none,none,none
464,untracemem,do_untracemem,src/main/debug.c,0,BUILTINSXP,101,1,runtime,eager,fixed,identity,scalar,none,drop,none,pure,none,none,none
465,inspect,do_inspect,src/main/inspect.c,0,BUILTINSXP,111,-1,runtime,eager,variadic,identity,scalar,none,drop,none,pure,none,none,none
466,address,do_address,src/main/inspect.c,0,BUILTINSXP,11,1,runtime,eager,fixed,identity,scalar,none,drop,none,pure,none,none,none
467,named,do_named,src/main/inspect.c,0,BUILTINSXP,11,1,runtime,eager,fixed,identity,scalar,none,drop,none,pure,none,none,none
468,refcnt,do_refcnt,src/main/inspect.c,0,BUILTINSXP,11,1,runtime,eager,fixed,identity,scalar,none,drop,none,pure,none,none,none
469,merge,do_merge,src/main/util.c,0,BUILTINSXP,11,4,runtime,eager,fixed,identity,scalar,none,drop,none,pure,none,none,none
470,capabilities,do_capabilities,src/main/platform.c,0,BUILTINSXP,11,0,system,eager,fixed,identity,scalar,none,drop,none,external-system,none,none,none
471,capabilitiesX11,do_capabilitiesX11,src/main/platform.c,0,BUILTINSXP,11,0,system,eager,fixed,identity,scalar,none,drop,none,external-system,none,none,none
472,new.env,do_newenv,src/main/builtin.c,0,BUILTINSXP,11,3,environment,eager,fixed,identity,scalar,none,drop,methods,environment,none,none,none
473,parent.env,do_parentenv,src/main/builtin.c,0,BUILTINSXP,11,1,environment,eager,fixed,identity,scalar,none,drop,methods,environment,none,none,none
474,parent.env<-,do_parentenvgets,src/main/builtin.c,0,BUILTINSXP,11,2,replacement,eager,fixed,identity,scalar,none,replace,methods,environment,parent-environment,none,none
475,topenv,do_topenv,src/main/envir.c,0,BUILTINSXP,11,2,environment,eager,fixed,identity,scalar,none,drop,methods,environment,none,none,none
476,l10n_info,do_l10n_info,src/main/platform.c,0,BUILTINSXP,11,0,system,eager,fixed,identity,scalar,none,drop,none,external-system,none,none,none
477,Cstack_info,do_Cstack_info,src/main/platform.c,0,BUILTINSXP,11,0,system,eager,fixed,identity,scalar,none,drop,none,external-system,none,none,none
478,mmap_file,do_mmap_file,src/main/altclasses.c,0,BUILTINSXP,11,-1,io,eager,variadic,identity,scalar,none,drop,none,external-io,none,none,none
479,munmap_file,do_munmap_file,src/main/altclasses.c,0,BUILTINSXP,111,1,io,eager,fixed,identity,scalar,none,drop,none,external-io,none,none,none
480,wrap_meta,do_wrap_meta,src/main/altclasses.c,0,BUILTINSXP,11,3,runtime,eager,fixed,identity,scalar,none,drop,none,pure,none,none,none
481,tryWrap,do_tryWrap,src/main/altclasses.c,0,BUILTINSXP,11,1,runtime,eager,fixed,identity,scalar,none,drop,none,pure,none,none,none
482,altrep_class,do_altrep_class,src/main/altrep.c,0,BUILTINSXP,11,1,attribute,eager,fixed,identity,scalar,none,central,object,pure,none,none,none
483,file.show,do_fileshow,src/main/platform.c,0,BUILTINSXP,111,5,io,eager,fixed,identity,scalar,none,drop,none,external-io,none,none,none
484,file.create,do_filecreate,src/main/platform.c,0,BUILTINSXP,11,2,io,eager,fixed,identity,scalar,none,drop,none,external-io,none,none,none
485,file.remove,do_fileremove,src/main/platform.c,0,BUILTINSXP,11,1,environment,eager,fixed,identity,scalar,none,drop,methods,environment,none,none,none
486,file.rename,do_filerename,src/main/platform.c,0,BUILTINSXP,11,2,io,eager,fixed,identity,scalar,none,drop,none,external-io,none,none,none
487,file.append,do_fileappend,src/main/platform.c,0,BUILTINSXP,11,2,io,eager,fixed,identity,scalar,none,drop,none,external-io,none,none,none
488,file.symlink,do_filesymlink,src/main/platform.c,0,BUILTINSXP,11,2,io,eager,fixed,identity,scalar,none,drop,none,external-io,none,none,none
489,file.link,do_filelink,src/main/platform.c,0,BUILTINSXP,11,2,io,eager,fixed,identity,scalar,none,drop,none,external-io,none,none,none
490,file.copy,do_filecopy,src/main/platform.c,0,BUILTINSXP,11,6,io,eager,fixed,identity,scalar,none,drop,none,external-io,none,none,none
491,list.files,do_listfiles,src/main/platform.c,0,BUILTINSXP,11,9,io,eager,fixed,identity,scalar,none,drop,none,external-io,none,none,none
492,list.dirs,do_listdirs,src/main/platform.c,0,BUILTINSXP,11,3,io,eager,fixed,identity,scalar,none,drop,none,external-io,none,none,none
493,file.exists,do_fileexists,src/main/platform.c,0,BUILTINSXP,11,1,io,eager,fixed,identity,scalar,none,drop,none,external-io,none,none,none
494,file.choose,do_filechoose,src/gnuwin32/extra.c,0,BUILTINSXP,11,1,io,eager,fixed,identity,scalar,none,drop,none,external-io,none,none,none
495,file.info,do_fileinfo,src/main/platform.c,0,BUILTINSXP,11,2,io,eager,fixed,identity,scalar,none,drop,none,external-io,none,none,none
496,file.access,do_fileaccess,src/main/platform.c,0,BUILTINSXP,11,2,io,eager,fixed,identity,scalar,none,drop,none,external-io,none,none,none
497,dir.exists,do_direxists,src/main/platform.c,0,BUILTINSXP,11,1,io,eager,fixed,identity,scalar,none,drop,none,external-io,none,none,none
498,dir.create,do_dircreate,src/main/platform.c,0,BUILTINSXP,111,4,io,eager,fixed,identity,scalar,none,drop,none,external-io,none,none,none
499,tempfile,do_tempfile,src/main/sysutils.c,0,BUILTINSXP,11,3,io,eager,fixed,identity,scalar,none,drop,none,external-io,none,none,none
500,tempdir,do_tempdir,src/main/sysutils.c,0,BUILTINSXP,11,1,io,eager,fixed,identity,scalar,none,drop,none,external-io,none,none,none
501,R.home,do_Rhome,src/main/platform.c,0,BUILTINSXP,11,0,system,eager,fixed,identity,scalar,none,drop,none,external-system,none,none,none
502,date,do_date,src/main/platform.c,0,BUILTINSXP,11,0,system,eager,fixed,identity,scalar,none,drop,none,external-system,none,none,none
503,Sys.getenv,do_getenv,src/main/sysutils.c,0,BUILTINSXP,11,2,environment,eager,fixed,identity,scalar,none,drop,methods,environment,none,none,none
504,Sys.setenv,do_setenv,src/main/sysutils.c,0,BUILTINSXP,111,2,environment,eager,fixed,identity,scalar,none,drop,methods,environment,none,none,none
505,Sys.unsetenv,do_unsetenv,src/main/sysutils.c,0,BUILTINSXP,111,1,environment,eager,fixed,identity,scalar,none,drop,methods,environment,none,none,none
506,getwd,do_getwd,src/main/util.c,0,BUILTINSXP,11,0,environment,eager,fixed,identity,scalar,none,drop,methods,environment,none,none,none
507,setwd,do_setwd,src/main/util.c,0,BUILTINSXP,111,1,runtime,eager,fixed,identity,scalar,none,drop,none,pure,none,none,none
508,basename,do_basename,src/main/util.c,0,BUILTINSXP,11,1,runtime,eager,fixed,identity,scalar,none,drop,none,pure,none,none,none
509,dirname,do_dirname,src/main/util.c,0,BUILTINSXP,11,1,io,eager,fixed,identity,scalar,none,drop,none,external-io,none,none,none
510,Sys.chmod,do_syschmod,src/main/platform.c,0,BUILTINSXP,111,3,system,eager,fixed,identity,scalar,none,drop,none,external-system,none,none,none
511,Sys.umask,do_sysumask,src/main/platform.c,0,BUILTINSXP,211,1,system,eager,fixed,identity,scalar,none,drop,none,external-system,none,none,none
512,Sys.readlink,do_readlink,src/main/platform.c,0,BUILTINSXP,11,1,io,eager,fixed,identity,scalar,none,drop,none,external-io,none,none,none
513,Sys.info,do_sysinfo,src/gnuwin32/extra.c,0,BUILTINSXP,11,0,runtime,eager,fixed,identity,scalar,none,drop,none,pure,none,none,none
514,Sys.sleep,do_syssleep,src/main/platform.c,0,BUILTINSXP,111,1,system,eager,fixed,identity,scalar,none,drop,none,external-system,none,none,none
515,Sys.getlocale,do_getlocale,src/main/platform.c,0,BUILTINSXP,11,1,environment,eager,fixed,identity,scalar,none,drop,methods,environment,none,none,none
516,Sys.setlocale,do_setlocale,src/main/platform.c,0,BUILTINSXP,11,2,system,eager,fixed,identity,scalar,none,drop,none,external-system,none,none,none
517,Sys.localeconv,do_localeconv,src/main/platform.c,0,BUILTINSXP,11,0,system,eager,fixed,identity,scalar,none,drop,none,external-system,none,none,none
518,path.expand,do_pathexpand,src/main/platform.c,0,BUILTINSXP,11,1,system,eager,fixed,identity,scalar,none,drop,none,external-system,none,none,none
519,Sys.getpid,do_sysgetpid,src/main/platform.c,0,BUILTINSXP,11,0,environment,eager,fixed,identity,scalar,none,drop,methods,environment,none,none,none
520,normalizePath,do_normalizepath,src/gnuwin32/extra.c,0,BUILTINSXP,11,3,runtime,eager,fixed,identity,scalar,none,drop,none,pure,none,none,none
521,Sys.glob,do_glob,src/main/sysutils.c,0,BUILTINSXP,11,2,system,eager,fixed,identity,scalar,none,drop,none,external-system,none,none,none
522,unlink,do_unlink,src/main/platform.c,0,BUILTINSXP,111,4,system,eager,fixed,identity,scalar,none,drop,none,external-system,none,none,none
523,polyroot,do_polyroot,src/main/complex.c,0,BUILTINSXP,11,1,numeric-complex,eager,fixed,complex,elementwise-recycle,none,drop,none,pure,none,none,none
524,inherits,do_inherits,src/main/objects.c,0,BUILTINSXP,11,3,runtime,eager,fixed,identity,scalar,none,drop,none,pure,none,none,none
525,UseMethod,do_usemethod,src/main/objects.c,0,SPECIALSXP,200,-1,language,special,variadic,identity,scalar,none,drop,none,control-or-environment,none,none,none
526,NextMethod,do_nextmethod,src/main/objects.c,0,SPECIALSXP,210,-1,language,special,variadic,identity,scalar,none,drop,none,control-or-environment,none,none,none
527,standardGeneric,do_standardGeneric,src/main/objects.c,0,BUILTINSXP,201,-1,runtime,eager,variadic,identity,scalar,none,drop,none,pure,none,none,none
528,Sys.time,do_systime,src/main/times.c,0,BUILTINSXP,11,0,runtime,eager,fixed,identity,scalar,none,drop,none,pure,none,none,none
529,as.POSIXct,do_asPOSIXct,src/main/datetime.c,0,BUILTINSXP,11,2,datetime,eager,fixed,identity,scalar,none,drop,none,pure,none,none,none
530,as.POSIXlt,do_asPOSIXlt,src/main/datetime.c,0,BUILTINSXP,11,2,datetime,eager,fixed,identity,scalar,none,drop,none,pure,none,none,none
531,format.POSIXlt,do_formatPOSIXlt,src/main/datetime.c,0,BUILTINSXP,11,4,datetime,eager,fixed,identity,scalar,none,drop,none,pure,none,none,none
532,strptime,do_strptime,src/main/datetime.c,0,BUILTINSXP,11,3,character,eager,fixed,character,elementwise-recycle,none,drop,none,pure,none,none,none
533,Date2POSIXlt,do_D2POSIXlt,src/main/datetime.c,0,BUILTINSXP,11,2,datetime,eager,fixed,identity,scalar,none,drop,none,pure,none,none,none
534,POSIXlt2Date,do_POSIXlt2D,src/main/datetime.c,0,BUILTINSXP,11,1,datetime,eager,fixed,identity,scalar,none,drop,none,pure,none,none,none
535,balancePOSIXlt,do_balancePOSIXlt,src/main/datetime.c,0,BUILTINSXP,11,3,datetime,eager,fixed,identity,scalar,none,drop,none,pure,none,none,none
536,unCfillPOSIXlt,do_balancePOSIXlt,src/main/datetime.c,1,BUILTINSXP,1,1,datetime,eager,fixed,identity,scalar,none,drop,none,pure,none,none,none
537,compareNumericVersion,do_compareNumericVersion,src/main/util.c,0,BUILTINSXP,11,2,runtime,eager,fixed,identity,scalar,none,drop,none,pure,none,none,none
538,mkCode,do_mkcode,src/main/eval.c,0,BUILTINSXP,11,2,language,eager,fixed,identity,scalar,none,drop,none,control-or-environment,none,none,none
539,bcClose,do_bcclose,src/main/eval.c,0,BUILTINSXP,11,3,language,eager,fixed,identity,scalar,none,drop,none,control-or-environment,none,none,none
540,is.builtin.internal,do_is_builtin_internal,src/main/eval.c,0,BUILTINSXP,11,1,language,eager,fixed,identity,scalar,none,drop,none,control-or-environment,none,none,none
541,disassemble,do_disassemble,src/main/eval.c,0,BUILTINSXP,11,1,language,eager,fixed,identity,scalar,none,drop,none,control-or-environment,none,none,none
542,bcVersion,do_bcversion,src/main/eval.c,0,BUILTINSXP,11,0,language,eager,fixed,identity,scalar,none,drop,none,control-or-environment,none,none,none
543,load.from.file,do_loadfile,src/main/saveload.c,0,BUILTINSXP,11,1,io,eager,fixed,identity,scalar,none,drop,none,external-io,none,none,none
544,save.to.file,do_savefile,src/main/saveload.c,0,BUILTINSXP,11,4,io,eager,fixed,identity,scalar,none,drop,none,external-io,none,none,none
545,growconst,do_growconst,src/main/eval.c,0,BUILTINSXP,11,1,language,eager,fixed,identity,scalar,none,drop,none,control-or-environment,none,none,none
546,putconst,do_putconst,src/main/eval.c,0,BUILTINSXP,11,3,language,eager,fixed,identity,scalar,none,drop,none,control-or-environment,none,none,none
547,getconst,do_getconst,src/main/eval.c,0,BUILTINSXP,11,2,environment,eager,fixed,identity,scalar,none,drop,methods,environment,none,none,none
548,enableJIT,do_enablejit,src/main/eval.c,0,BUILTINSXP,11,1,language,eager,fixed,identity,scalar,none,drop,none,control-or-environment,none,none,none
549,compilePKGS,do_compilepkgs,src/main/eval.c,0,BUILTINSXP,11,1,language,eager,fixed,identity,scalar,none,drop,none,control-or-environment,none,none,none
550,setNumMathThreads,do_setnumthreads,src/main/eval.c,0,BUILTINSXP,11,1,io,eager,fixed,identity,scalar,none,drop,none,external-io,none,none,none
551,setMaxNumMathThreads,do_setmaxnumthreads,src/main/eval.c,0,BUILTINSXP,11,1,io,eager,fixed,identity,scalar,none,drop,none,external-io,none,none,none
552,stdin,do_stdin,src/main/connections.c,0,BUILTINSXP,11,0,io,eager,fixed,identity,scalar,none,drop,none,external-io,none,none,none
553,stdout,do_stdout,src/main/connections.c,0,BUILTINSXP,11,0,io,eager,fixed,identity,scalar,none,drop,none,external-io,none,none,none
554,stderr,do_stderr,src/main/connections.c,0,BUILTINSXP,11,0,io,eager,fixed,identity,scalar,none,drop,none,external-io,none,none,none
555,isatty,do_isatty,src/main/connections.c,0,BUILTINSXP,11,1,io,eager,fixed,identity,scalar,none,drop,none,external-io,none,none,none
556,readLines,do_readLines,src/main/connections.c,0,BUILTINSXP,11,6,io,eager,fixed,identity,scalar,none,drop,none,external-io,none,none,none
557,writeLines,do_writelines,src/main/connections.c,0,BUILTINSXP,111,4,io,eager,fixed,identity,scalar,none,drop,none,external-io,none,none,none
558,readBin,do_readbin,src/main/connections.c,0,BUILTINSXP,11,6,io,eager,fixed,identity,scalar,none,drop,none,external-io,none,none,none
559,writeBin,do_writebin,src/main/connections.c,0,BUILTINSXP,211,5,io,eager,fixed,identity,scalar,none,drop,none,external-io,none,none,none
560,readChar,do_readchar,src/main/connections.c,0,BUILTINSXP,11,3,io,eager,fixed,identity,scalar,none,drop,none,external-io,none,none,none
561,writeChar,do_writechar,src/main/connections.c,0,BUILTINSXP,211,5,io,eager,fixed,identity,scalar,none,drop,none,external-io,none,none,none
562,open,do_open,src/main/connections.c,0,BUILTINSXP,111,3,io,eager,fixed,identity,scalar,none,drop,none,external-io,none,none,none
563,isOpen,do_isopen,src/main/connections.c,0,BUILTINSXP,11,2,io,eager,fixed,identity,scalar,none,drop,none,external-io,none,none,none
564,isIncomplete,do_isincomplete,src/main/connections.c,0,BUILTINSXP,11,1,io,eager,fixed,identity,scalar,none,drop,none,external-io,none,none,none
565,isSeekable,do_isseekable,src/main/connections.c,0,BUILTINSXP,11,1,io,eager,fixed,identity,scalar,none,drop,none,external-io,none,none,none
566,close,do_close,src/main/connections.c,0,BUILTINSXP,111,2,io,eager,fixed,identity,scalar,none,drop,none,external-io,none,none,none
567,flush,do_flush,src/main/connections.c,0,BUILTINSXP,111,1,io,eager,fixed,identity,scalar,none,drop,none,external-io,none,none,none
568,file,do_url,src/main/connections.c,1,BUILTINSXP,11,6,io,eager,fixed,identity,scalar,none,drop,none,external-io,none,none,none
569,url,do_url,src/main/connections.c,0,BUILTINSXP,11,6,io,eager,fixed,identity,scalar,none,drop,none,external-io,none,none,none
570,pipe,do_pipe,src/main/connections.c,0,BUILTINSXP,11,3,io,eager,fixed,identity,scalar,none,drop,none,external-io,none,none,none
571,fifo,do_fifo,src/main/connections.c,0,BUILTINSXP,11,4,io,eager,fixed,identity,scalar,none,drop,none,external-io,none,none,none
572,gzfile,do_gzfile,src/main/connections.c,0,BUILTINSXP,11,4,io,eager,fixed,identity,scalar,none,drop,none,external-io,none,none,none
573,bzfile,do_gzfile,src/main/connections.c,1,BUILTINSXP,11,4,io,eager,fixed,identity,scalar,none,drop,none,external-io,none,none,none
574,xzfile,do_gzfile,src/main/connections.c,2,BUILTINSXP,11,4,io,eager,fixed,identity,scalar,none,drop,none,external-io,none,none,none
575,zstdfile,do_gzfile,src/main/connections.c,3,BUILTINSXP,11,4,io,eager,fixed,identity,scalar,none,drop,none,external-io,none,none,none
576,unz,do_unz,src/main/connections.c,0,BUILTINSXP,11,3,io,eager,fixed,identity,scalar,none,drop,none,external-io,none,none,none
577,seek,do_seek,src/main/connections.c,0,BUILTINSXP,11,4,io,eager,fixed,identity,scalar,none,drop,none,external-io,none,none,none
578,truncate,do_truncate,src/main/connections.c,0,BUILTINSXP,11,1,io,eager,fixed,identity,scalar,none,drop,none,external-io,none,none,none
579,pushBack,do_pushback,src/main/connections.c,0,BUILTINSXP,111,4,io,eager,fixed,identity,scalar,none,drop,none,external-io,none,none,none
580,clearPushBack,do_clearpushback,src/main/connections.c,0,BUILTINSXP,111,1,io,eager,fixed,identity,scalar,none,drop,none,external-io,none,none,none
581,pushBackLength,do_pushbacklength,src/main/connections.c,0,BUILTINSXP,11,1,io,eager,fixed,identity,scalar,none,drop,none,external-io,none,none,none
582,rawConnection,do_rawconnection,src/main/connections.c,0,BUILTINSXP,11,3,io,eager,fixed,identity,scalar,none,drop,none,external-io,none,none,none
583,rawConnectionValue,do_rawconvalue,src/main/connections.c,0,BUILTINSXP,11,1,io,eager,fixed,identity,scalar,none,drop,none,external-io,none,none,none
584,textConnection,do_textconnection,src/main/connections.c,0,BUILTINSXP,11,5,io,eager,fixed,identity,scalar,none,drop,none,external-io,none,none,none
585,textConnectionValue,do_textconvalue,src/main/connections.c,0,BUILTINSXP,11,1,io,eager,fixed,identity,scalar,none,drop,none,external-io,none,none,none
586,socketConnection,do_sockconn,src/main/connections.c,0,BUILTINSXP,11,8,io,eager,fixed,identity,scalar,none,drop,none,external-io,none,none,none
587,socketAccept,do_sockconn,src/main/connections.c,1,BUILTINSXP,11,6,io,eager,fixed,identity,scalar,none,drop,none,external-io,none,none,none
588,sockSelect,do_sockselect,src/main/connections.c,0,BUILTINSXP,11,3,io,eager,fixed,identity,scalar,none,drop,none,external-io,none,none,none
589,serverSocket,do_serversocket,src/main/connections.c,0,BUILTINSXP,11,1,io,eager,fixed,identity,scalar,none,drop,none,external-io,none,none,none
590,socketTimeout,do_socktimeout,src/main/connections.c,0,BUILTINSXP,11,2,io,eager,fixed,identity,scalar,none,drop,none,external-io,none,none,none
591,getConnection,do_getconnection,src/main/connections.c,0,BUILTINSXP,11,1,environment,eager,fixed,identity,scalar,none,drop,methods,environment,none,none,none
592,getAllConnections,do_getallconnections,src/main/connections.c,0,BUILTINSXP,11,0,environment,eager,fixed,identity,scalar,none,drop,methods,environment,none,none,none
593,summary.connection,do_sumconnection,src/main/connections.c,0,BUILTINSXP,11,1,io,eager,fixed,identity,scalar,none,drop,none,external-io,none,none,none
594,gzcon,do_gzcon,src/main/connections.c,0,BUILTINSXP,11,4,io,eager,fixed,identity,scalar,none,drop,none,external-io,none,none,none
595,memCompress,do_memCompress,src/main/connections.c,0,BUILTINSXP,11,2,io,eager,fixed,identity,scalar,none,drop,none,external-io,none,none,none
596,memDecompress,do_memDecompress,src/main/connections.c,0,BUILTINSXP,11,2,io,eager,fixed,identity,scalar,none,drop,none,external-io,none,none,none
597,readDCF,do_readDCF,src/main/dcf.c,0,BUILTINSXP,11,3,io,eager,fixed,identity,scalar,none,drop,none,external-io,none,none,none
598,lockEnvironment,do_lockEnv,src/main/envir.c,0,BUILTINSXP,111,2,environment,eager,fixed,identity,scalar,none,drop,methods,environment,none,none,none
599,environmentIsLocked,do_envIsLocked,src/main/envir.c,0,BUILTINSXP,11,1,environment,eager,fixed,identity,scalar,none,drop,methods,environment,none,none,none
600,lockBinding,do_lockBnd,src/main/envir.c,0,BUILTINSXP,111,2,environment,eager,fixed,identity,scalar,none,drop,none,environment,none,none,none
601,unlockBinding,do_lockBnd,src/main/envir.c,1,BUILTINSXP,111,2,environment,eager,fixed,identity,scalar,none,drop,none,environment,none,none,none
602,bindingIsLocked,do_bndIsLocked,src/main/envir.c,0,BUILTINSXP,11,2,environment,eager,fixed,identity,scalar,none,drop,none,environment,none,none,none
603,makeActiveBinding,do_mkActiveBnd,src/main/envir.c,0,BUILTINSXP,111,3,environment,eager,fixed,identity,scalar,none,drop,none,environment,none,none,none
604,bindingIsActive,do_bndIsActive,src/main/envir.c,0,BUILTINSXP,11,2,environment,eager,fixed,identity,scalar,none,drop,none,environment,none,none,none
605,activeBindingFunction,do_activeBndFun,src/main/envir.c,0,BUILTINSXP,11,2,environment,eager,fixed,identity,scalar,none,drop,none,environment,none,none,none
606,getBindingType,do_bindingType,src/main/envir.c,0,BUILTINSXP,11,2,environment,eager,fixed,identity,scalar,none,drop,methods,environment,none,none,none
607,delayedBindingExpression,do_delayedBindingExpr,src/main/envir.c,0,BUILTINSXP,11,2,environment,eager,fixed,identity,scalar,none,drop,methods,environment,none,none,none
608,delayedBindingEnvironment,do_delayedBindingEnv,src/main/envir.c,0,BUILTINSXP,11,2,environment,eager,fixed,identity,scalar,none,drop,methods,environment,none,none,none
609,forcedBindingExpression,do_forcedBindingExpr,src/main/envir.c,0,BUILTINSXP,11,2,environment,eager,fixed,identity,scalar,none,drop,methods,environment,none,none,none
610,dotsExist,do_dotsExist,src/main/envir.c,0,BUILTINSXP,11,2,environment,eager,fixed,identity,scalar,none,drop,none,environment,none,none,none
611,getDotType,do_dotType,src/main/envir.c,0,BUILTINSXP,11,3,environment,eager,fixed,identity,scalar,none,drop,none,environment,none,none,none
612,dotDelayedExpression,do_dotDelayedExpr,src/main/envir.c,0,BUILTINSXP,11,3,environment,eager,fixed,identity,scalar,none,drop,none,environment,none,none,none
613,dotDelayedEnvironment,do_dotDelayedEnv,src/main/envir.c,0,BUILTINSXP,11,3,environment,eager,fixed,identity,scalar,none,drop,methods,environment,none,none,none
614,dotForcedExpression,do_dotForcedExpr,src/main/envir.c,0,BUILTINSXP,11,3,environment,eager,fixed,identity,scalar,none,drop,none,environment,none,none,none
615,dotsLength,do_CDotsLength,src/main/envir.c,0,BUILTINSXP,11,2,environment,eager,fixed,identity,scalar,none,drop,none,environment,none,none,none
616,dotsNames,do_CDotsNames,src/main/envir.c,0,BUILTINSXP,11,2,attribute,eager,fixed,identity,scalar,none,central,object,pure,none,none,none
617,dotsElt,do_CDotsElt,src/main/envir.c,0,BUILTINSXP,11,3,environment,eager,fixed,identity,scalar,none,drop,none,environment,none,none,none
618,mkUnbound,do_mkUnbound,src/main/envir.c,0,BUILTINSXP,111,1,environment,eager,fixed,identity,scalar,none,drop,none,environment,none,none,none
619,isNamespaceEnv,do_isNSEnv,src/main/envir.c,0,BUILTINSXP,11,1,environment,eager,fixed,identity,scalar,none,drop,methods,environment,none,none,none
620,registerNamespace,do_regNS,src/main/envir.c,0,BUILTINSXP,11,2,environment,eager,fixed,identity,scalar,none,drop,none,environment,none,none,none
621,unregisterNamespace,do_unregNS,src/main/envir.c,0,BUILTINSXP,11,1,environment,eager,fixed,identity,scalar,none,drop,none,environment,none,none,none
622,getRegisteredNamespace,do_getRegNS,src/main/envir.c,0,BUILTINSXP,11,1,environment,eager,fixed,identity,scalar,none,drop,methods,environment,none,none,none
623,isRegisteredNamespace,do_getRegNS,src/main/envir.c,1,BUILTINSXP,11,1,environment,eager,fixed,identity,scalar,none,drop,methods,environment,none,none,none
624,getNamespaceRegistry,do_getNSRegistry,src/main/envir.c,0,BUILTINSXP,11,0,environment,eager,fixed,identity,scalar,none,drop,methods,environment,none,none,none
625,importIntoEnv,do_importIntoEnv,src/main/envir.c,0,BUILTINSXP,11,4,environment,eager,fixed,identity,scalar,none,drop,methods,environment,none,none,none
626,env.profile,do_envprofile,src/main/envir.c,0,BUILTINSXP,211,1,environment,eager,fixed,identity,scalar,none,drop,methods,environment,none,none,none
627,Encoding,do_encoding,src/main/util.c,0,BUILTINSXP,11,1,character,eager,fixed,character,elementwise-recycle,none,drop,none,pure,none,none,none
628,setEncoding,do_setencoding,src/main/util.c,0,BUILTINSXP,11,2,character,eager,fixed,character,elementwise-recycle,none,drop,none,pure,none,none,none
629,setTimeLimit,do_setTimeLimit,src/main/sysutils.c,0,BUILTINSXP,111,3,system,eager,fixed,identity,scalar,none,drop,none,external-system,none,none,none
630,setSessionTimeLimit,do_setSessionTimeLimit,src/main/sysutils.c,0,BUILTINSXP,111,2,system,eager,fixed,identity,scalar,none,drop,none,external-system,none,none,none
631,icuSetCollate,do_ICUset,src/main/util.c,0,BUILTINSXP,111,-1,runtime,eager,variadic,identity,scalar,none,drop,none,pure,none,none,none
632,icuGetCollate,do_ICUget,src/main/util.c,0,BUILTINSXP,11,1,environment,eager,fixed,identity,scalar,none,drop,methods,environment,none,none,none
633,readRenviron,do_readEnviron,src/main/Renviron.c,0,BUILTINSXP,111,1,environment,eager,fixed,identity,scalar,none,drop,methods,environment,none,none,none
634,shortRowNames,do_shortRowNames,src/main/attrib.c,0,BUILTINSXP,11,2,attribute,eager,fixed,identity,scalar,none,central,object,pure,none,row-names,none
635,copyDFattr,do_copyDFattr,src/main/attrib.c,0,BUILTINSXP,11,2,attribute,eager,fixed,identity,scalar,none,central,object,pure,none,copy,none
636,getRegisteredRoutines,do_getRegisteredRoutines,src/main/Rdynload.c,0,BUILTINSXP,11,1,environment,eager,fixed,identity,scalar,none,drop,methods,environment,none,none,none
637,getLoadedDLLs,do_getDllTable,src/main/Rdynload.c,0,BUILTINSXP,11,0,environment,eager,fixed,identity,scalar,none,drop,methods,environment,none,none,none
638,getSymbolInfo,do_getSymbolInfo,src/main/Rdynload.c,0,BUILTINSXP,11,3,environment,eager,fixed,identity,scalar,none,drop,methods,environment,none,none,none
639,.isMethodsDispatchOn,do_S4on,src/main/objects.c,0,BUILTINSXP,1,-1,runtime,eager,variadic,identity,scalar,none,drop,none,pure,none,none,none
640,lazyLoadDBfetch,do_lazyLoadDBfetch,src/main/serialize.c,0,BUILTINSXP,1,4,serialization,eager,fixed,identity,scalar,none,graph,none,external-io,none,none,none
641,lazyLoadDBflush,do_lazyLoadDBflush,src/main/serialize.c,0,BUILTINSXP,11,1,serialization,eager,fixed,identity,scalar,none,graph,none,external-io,none,none,none
642,getVarsFromFrame,do_getVarsFromFrame,src/main/serialize.c,0,BUILTINSXP,11,3,environment,eager,fixed,identity,scalar,none,drop,methods,environment,none,none,none
643,lazyLoadDBinsertValue,do_lazyLoadDBinsertValue,src/main/serialize.c,0,BUILTINSXP,11,5,serialization,eager,fixed,identity,scalar,none,graph,none,external-io,none,none,none
644,bincode,do_bincode,src/main/util.c,0,BUILTINSXP,11,4,runtime,eager,fixed,identity,scalar,none,drop,none,pure,none,none,none
645,tabulate,do_tabulate,src/main/util.c,0,BUILTINSXP,11,2,runtime,eager,fixed,identity,scalar,none,drop,none,pure,none,none,none
646,findInterval,do_findinterval,src/main/util.c,0,BUILTINSXP,11,6,runtime,eager,fixed,identity,scalar,none,drop,none,pure,none,none,none
647,pretty,do_pretty,src/main/util.c,0,BUILTINSXP,11,8,runtime,eager,fixed,identity,scalar,none,drop,none,pure,none,none,none
648,formatC,do_formatC,src/main/format.c,0,BUILTINSXP,11,7,runtime,eager,fixed,identity,scalar,none,drop,none,pure,none,none,none
649,crc64,do_crc64,src/main/util.c,0,BUILTINSXP,11,1,runtime,eager,fixed,identity,scalar,none,drop,none,pure,none,none,none
650,bitwiseAnd,do_bitwise,src/main/relop.c,1,BUILTINSXP,11,2,bitwise,eager,fixed,integer-or-raw,elementwise-recycle,none,drop,none,pure,none,none,none
651,bitwiseNot,do_bitwise,src/main/relop.c,2,BUILTINSXP,11,1,bitwise,eager,fixed,integer-or-raw,elementwise-recycle,none,drop,none,pure,none,none,none
652,bitwiseOr,do_bitwise,src/main/relop.c,3,BUILTINSXP,11,2,bitwise,eager,fixed,integer-or-raw,elementwise-recycle,none,drop,none,pure,none,none,none
653,bitwiseXor,do_bitwise,src/main/relop.c,4,BUILTINSXP,11,2,bitwise,eager,fixed,integer-or-raw,elementwise-recycle,none,drop,none,pure,none,none,none
654,bitwiseShiftL,do_bitwise,src/main/relop.c,5,BUILTINSXP,11,2,bitwise,eager,fixed,integer-or-raw,elementwise-recycle,none,drop,none,pure,none,none,none
655,bitwiseShiftR,do_bitwise,src/main/relop.c,6,BUILTINSXP,11,2,bitwise,eager,fixed,integer-or-raw,elementwise-recycle,none,drop,none,pure,none,none,none
656,serialize,do_serialize,src/main/serialize.c,0,BUILTINSXP,11,5,serialization,eager,fixed,identity,scalar,none,graph,none,external-io,none,none,none
657,serializeb,do_serialize,src/main/serialize.c,1,BUILTINSXP,11,5,serialization,eager,fixed,identity,scalar,none,graph,none,external-io,none,none,none
658,unserialize,do_serialize,src/main/serialize.c,2,BUILTINSXP,11,2,serialization,eager,fixed,identity,scalar,none,graph,none,external-io,none,none,none
659,rowsum_matrix,do_rowsum,src/main/unique.c,0,BUILTINSXP,11,5,reduction,eager,fixed,common-numeric,reduce,none,summary,summary-group,pure,none,none,none
660,rowsum_df,do_rowsum,src/main/unique.c,1,BUILTINSXP,11,5,reduction,eager,fixed,common-numeric,reduce,none,summary,summary-group,pure,none,none,none
661,objsxp,do_objsxp,src/main/objects.c,0,BUILTINSXP,11,0,runtime,eager,fixed,identity,scalar,none,drop,none,pure,none,none,none
662,setS4Object,do_setS4Object,src/main/objects.c,0,BUILTINSXP,11,3,runtime,eager,fixed,identity,scalar,none,drop,none,pure,none,none,none
663,traceOnOff,do_traceOnOff,src/main/debug.c,0,BUILTINSXP,11,1,runtime,eager,fixed,identity,scalar,none,drop,none,pure,none,none,none
664,debugOnOff,do_traceOnOff,src/main/debug.c,1,BUILTINSXP,11,1,runtime,eager,fixed,identity,scalar,none,drop,none,pure,none,none,none
665,La_qr_cmplx,do_lapack,src/main/lapack.c,0,BUILTINSXP,11,1,matrix,eager,fixed,numeric,column-major,dimensions,dimensions,none,pure,none,none,lapack-backend
666,La_rs,do_lapack,src/main/lapack.c,1,BUILTINSXP,11,2,matrix,eager,fixed,numeric,column-major,dimensions,dimensions,none,pure,none,none,lapack-backend
667,La_rs_cmplx,do_lapack,src/main/lapack.c,2,BUILTINSXP,11,2,matrix,eager,fixed,numeric,column-major,dimensions,dimensions,none,pure,none,none,lapack-backend
668,La_rg,do_lapack,src/main/lapack.c,3,BUILTINSXP,11,2,matrix,eager,fixed,numeric,column-major,dimensions,dimensions,none,pure,none,none,lapack-backend
669,La_rg_cmplx,do_lapack,src/main/lapack.c,41,BUILTINSXP,11,2,matrix,eager,fixed,numeric,column-major,dimensions,dimensions,none,pure,none,none,lapack-backend
670,La_rs,do_lapack,src/main/lapack.c,5,BUILTINSXP,11,2,matrix,eager,fixed,numeric,column-major,dimensions,dimensions,none,pure,none,none,lapack-backend
671,La_rs_cmplx,do_lapack,src/main/lapack.c,51,BUILTINSXP,11,2,matrix,eager,fixed,numeric,column-major,dimensions,dimensions,none,pure,none,none,lapack-backend
672,La_dlange,do_lapack,src/main/lapack.c,6,BUILTINSXP,11,2,matrix,eager,fixed,numeric,column-major,dimensions,dimensions,none,pure,none,none,lapack-backend
673,La_dgecon,do_lapack,src/main/lapack.c,7,BUILTINSXP,11,2,matrix,eager,fixed,numeric,column-major,dimensions,dimensions,none,pure,none,none,lapack-backend
674,La_dtrcon,do_lapack,src/main/lapack.c,8,BUILTINSXP,11,2,matrix,eager,fixed,numeric,column-major,dimensions,dimensions,none,pure,none,none,lapack-backend
675,La_dtrcon3,do_lapack,src/main/lapack.c,81,BUILTINSXP,11,3,matrix,eager,fixed,numeric,column-major,dimensions,dimensions,none,pure,none,none,lapack-backend
676,La_zlange,do_lapack,src/main/lapack.c,61,BUILTINSXP,11,2,matrix,eager,fixed,numeric,column-major,dimensions,dimensions,none,pure,none,none,lapack-backend
677,La_zgecon,do_lapack,src/main/lapack.c,9,BUILTINSXP,11,2,matrix,eager,fixed,numeric,column-major,dimensions,dimensions,none,pure,none,none,lapack-backend
678,La_ztrcon,do_lapack,src/main/lapack.c,10,BUILTINSXP,11,2,matrix,eager,fixed,numeric,column-major,dimensions,dimensions,none,pure,none,none,lapack-backend
679,La_ztrcon3,do_lapack,src/main/lapack.c,13,BUILTINSXP,11,3,matrix,eager,fixed,numeric,column-major,dimensions,dimensions,none,pure,none,none,lapack-backend
680,La_solve_cmplx,do_lapack,src/main/lapack.c,11,BUILTINSXP,11,3,matrix,eager,fixed,numeric,column-major,dimensions,dimensions,none,pure,none,none,lapack-backend
681,La_solve,do_lapack,src/main/lapack.c,100,BUILTINSXP,11,3,matrix,eager,fixed,numeric,column-major,dimensions,dimensions,none,pure,none,none,lapack-backend
682,La_qr,do_lapack,src/main/lapack.c,101,BUILTINSXP,11,1,matrix,eager,fixed,numeric,column-major,dimensions,dimensions,none,pure,none,none,lapack-backend
683,La_chol,do_lapack,src/main/lapack.c,200,BUILTINSXP,11,3,matrix,eager,fixed,numeric,column-major,dimensions,dimensions,none,pure,none,none,lapack-backend
684,La_chol2inv,do_lapack,src/main/lapack.c,201,BUILTINSXP,11,2,matrix,eager,fixed,numeric,column-major,dimensions,dimensions,none,pure,none,none,lapack-backend
685,qr_coef_real,do_lapack,src/main/lapack.c,300,BUILTINSXP,11,2,matrix,eager,fixed,numeric,column-major,dimensions,dimensions,none,pure,none,none,lapack-backend
686,qr_qy_real,do_lapack,src/main/lapack.c,301,BUILTINSXP,11,3,matrix,eager,fixed,numeric,column-major,dimensions,dimensions,none,pure,none,none,lapack-backend
687,det_ge_real,do_lapack,src/main/lapack.c,302,BUILTINSXP,11,2,matrix,eager,fixed,numeric,column-major,dimensions,dimensions,none,pure,none,none,lapack-backend
688,qr_coef_cmplx,do_lapack,src/main/lapack.c,303,BUILTINSXP,11,2,matrix,eager,fixed,numeric,column-major,dimensions,dimensions,none,pure,none,none,lapack-backend
689,qr_qy_cmplx,do_lapack,src/main/lapack.c,304,BUILTINSXP,11,3,matrix,eager,fixed,numeric,column-major,dimensions,dimensions,none,pure,none,none,lapack-backend
690,La_svd,do_lapack,src/main/lapack.c,400,BUILTINSXP,11,5,matrix,eager,fixed,numeric,column-major,dimensions,dimensions,none,pure,none,none,lapack-backend
691,La_svd_cmplx,do_lapack,src/main/lapack.c,401,BUILTINSXP,11,5,matrix,eager,fixed,numeric,column-major,dimensions,dimensions,none,pure,none,none,lapack-backend
692,La_version,do_lapack,src/main/lapack.c,1000,BUILTINSXP,11,0,matrix,eager,fixed,numeric,column-major,dimensions,dimensions,none,pure,none,none,lapack-backend
693,La_library,do_lapack,src/main/lapack.c,1001,BUILTINSXP,11,0,matrix,eager,fixed,numeric,column-major,dimensions,dimensions,none,pure,none,none,lapack-backend
694,bcprofcounts,do_bcprofcounts,src/main/eval.c,0,BUILTINSXP,11,0,language,eager,fixed,identity,scalar,none,drop,none,control-or-environment,none,none,none
695,bcprofstart,do_bcprofstart,src/main/eval.c,0,BUILTINSXP,11,0,language,eager,fixed,identity,scalar,none,drop,none,control-or-environment,none,none,none
696,bcprofstop,do_bcprofstop,src/main/eval.c,0,BUILTINSXP,11,0,language,eager,fixed,identity,scalar,none,drop,none,control-or-environment,none,none,none
697,eSoftVersion,do_eSoftVersion,src/main/platform.c,0,BUILTINSXP,11,0,system,eager,fixed,identity,scalar,none,drop,none,external-system,none,none,none
698,curlVersion,do_curlVersion,src/main/internet.c,0,BUILTINSXP,11,0,io,eager,fixed,identity,scalar,none,drop,none,external-io,none,none,none
699,curlGetHeaders,do_curlGetHeaders,src/main/internet.c,0,BUILTINSXP,11,5,environment,eager,fixed,identity,scalar,none,drop,methods,environment,none,none,none
700,curlDownload,do_curlDownload,src/main/internet.c,0,BUILTINSXP,11,6,io,eager,fixed,identity,scalar,none,drop,none,external-io,none,none,none
701,compilerVersion,do_compilerVersion,src/main/platform.c,0,BUILTINSXP,11,0,system,eager,fixed,identity,scalar,none,drop,none,external-system,none,none,none
