?   	rtdal/generated	[no test files]
?   	rtdal/generated/r-files/DBI/R/00-Id	[no test files]
?   	rtdal/generated/r-files/DBI/R/01-DBIObject	[no test files]
?   	rtdal/generated/r-files/DBI/R/02-DBIDriver	[no test files]
?   	rtdal/generated/r-files/DBI/R/03-DBIConnection	[no test files]
?   	rtdal/generated/r-files/DBI/R/04-DBIResult	[no test files]
?   	rtdal/generated/r-files/DBI/R/06-ANSI	[no test files]
?   	rtdal/generated/r-files/DBI/R/07-DBIResultArrow	[no test files]
?   	rtdal/generated/r-files/DBI/R/11-dbAppendTable	[no test files]
?   	rtdal/generated/r-files/DBI/R/12-dbCreateTable	[no test files]
?   	rtdal/generated/r-files/DBI/R/13-dbWriteTable	[no test files]
?   	rtdal/generated/r-files/DBI/R/14-dbSendQuery	[no test files]
?   	rtdal/generated/r-files/DBI/R/15-dbBind	[no test files]
?   	rtdal/generated/r-files/DBI/R/21-dbAppendTableArrow	[no test files]
?   	rtdal/generated/r-files/DBI/R/22-dbCreateTableArrow	[no test files]
?   	rtdal/generated/r-files/DBI/R/23-dbWriteTableArrow	[no test files]
?   	rtdal/generated/r-files/DBI/R/24-dbSendQueryArrow	[no test files]
?   	rtdal/generated/r-files/DBI/R/25-dbBindArrow	[no test files]
?   	rtdal/generated/r-files/DBI/R/DBI-package	[no test files]
?   	rtdal/generated/r-files/DBI/R/DBIConnector	[no test files]
?   	rtdal/generated/r-files/DBI/R/SQL	[no test files]
?   	rtdal/generated/r-files/DBI/R/SQLKeywords	[no test files]
?   	rtdal/generated/r-files/DBI/R/SQLKeywords_DBIObject	[no test files]
?   	rtdal/generated/r-files/DBI/R/SQLKeywords_missing	[no test files]
?   	rtdal/generated/r-files/DBI/R/data	[no test files]
?   	rtdal/generated/r-files/DBI/R/data-types	[no test files]
?   	rtdal/generated/r-files/DBI/R/dbAppendTableArrow_DBIConnection	[no test files]
?   	rtdal/generated/r-files/DBI/R/dbAppendTable_DBIConnection	[no test files]
?   	rtdal/generated/r-files/DBI/R/dbBegin	[no test files]
?   	rtdal/generated/r-files/DBI/R/dbBindArrow_DBIResult	[no test files]
?   	rtdal/generated/r-files/DBI/R/dbBindArrow_DBIResultArrowDefault	[no test files]
?   	rtdal/generated/r-files/DBI/R/dbBind_DBIResultArrow	[no test files]
?   	rtdal/generated/r-files/DBI/R/dbCallProc	[no test files]
?   	rtdal/generated/r-files/DBI/R/dbCanConnect	[no test files]
?   	rtdal/generated/r-files/DBI/R/dbCanConnect_DBIDriver	[no test files]
?   	rtdal/generated/r-files/DBI/R/dbClearResult	[no test files]
?   	rtdal/generated/r-files/DBI/R/dbClearResult_DBIResultArrow	[no test files]
?   	rtdal/generated/r-files/DBI/R/dbColumnInfo	[no test files]
?   	rtdal/generated/r-files/DBI/R/dbCommit	[no test files]
?   	rtdal/generated/r-files/DBI/R/dbConnect	[no test files]
?   	rtdal/generated/r-files/DBI/R/dbConnect_DBIConnector	[no test files]
?   	rtdal/generated/r-files/DBI/R/dbCreateTableArrow_DBIConnection	[no test files]
?   	rtdal/generated/r-files/DBI/R/dbCreateTable_DBIConnection	[no test files]
?   	rtdal/generated/r-files/DBI/R/dbDataType	[no test files]
?   	rtdal/generated/r-files/DBI/R/dbDataType_DBIConnector	[no test files]
?   	rtdal/generated/r-files/DBI/R/dbDataType_DBIObject	[no test files]
?   	rtdal/generated/r-files/DBI/R/dbDisconnect	[no test files]
?   	rtdal/generated/r-files/DBI/R/dbDriver	[no test files]
?   	rtdal/generated/r-files/DBI/R/dbDriver_character	[no test files]
?   	rtdal/generated/r-files/DBI/R/dbExecute	[no test files]
?   	rtdal/generated/r-files/DBI/R/dbExecute_DBIConnection_character	[no test files]
?   	rtdal/generated/r-files/DBI/R/dbExistsTable	[no test files]
?   	rtdal/generated/r-files/DBI/R/dbExistsTable_DBIConnection_Id	[no test files]
?   	rtdal/generated/r-files/DBI/R/dbFetch	[no test files]
?   	rtdal/generated/r-files/DBI/R/dbFetchArrow	[no test files]
?   	rtdal/generated/r-files/DBI/R/dbFetchArrowChunk	[no test files]
?   	rtdal/generated/r-files/DBI/R/dbFetchArrowChunk_DBIResultArrow	[no test files]
?   	rtdal/generated/r-files/DBI/R/dbFetchArrow_DBIResultArrow	[no test files]
?   	rtdal/generated/r-files/DBI/R/dbFetch_DBIResult	[no test files]
?   	rtdal/generated/r-files/DBI/R/dbFetch_DBIResultArrow	[no test files]
?   	rtdal/generated/r-files/DBI/R/dbGetConnectArgs	[no test files]
?   	rtdal/generated/r-files/DBI/R/dbGetConnectArgs_DBIConnector	[no test files]
?   	rtdal/generated/r-files/DBI/R/dbGetException	[no test files]
?   	rtdal/generated/r-files/DBI/R/dbGetInfo	[no test files]
?   	rtdal/generated/r-files/DBI/R/dbGetInfo_DBIResult	[no test files]
?   	rtdal/generated/r-files/DBI/R/dbGetInfo_DBIResultArrow	[no test files]
?   	rtdal/generated/r-files/DBI/R/dbGetQuery	[no test files]
?   	rtdal/generated/r-files/DBI/R/dbGetQueryArrow	[no test files]
?   	rtdal/generated/r-files/DBI/R/dbGetQueryArrow_DBIConnection	[no test files]
?   	rtdal/generated/r-files/DBI/R/dbGetQuery_DBIConnection_character	[no test files]
?   	rtdal/generated/r-files/DBI/R/dbGetRowCount	[no test files]
?   	rtdal/generated/r-files/DBI/R/dbGetRowCount_DBIResultArrow	[no test files]
?   	rtdal/generated/r-files/DBI/R/dbGetRowsAffected	[no test files]
?   	rtdal/generated/r-files/DBI/R/dbGetRowsAffected_DBIResultArrow	[no test files]
?   	rtdal/generated/r-files/DBI/R/dbGetStatement	[no test files]
?   	rtdal/generated/r-files/DBI/R/dbGetStatement_DBIResultArrow	[no test files]
?   	rtdal/generated/r-files/DBI/R/dbHasCompleted	[no test files]
?   	rtdal/generated/r-files/DBI/R/dbHasCompleted_DBIResultArrow	[no test files]
?   	rtdal/generated/r-files/DBI/R/dbIsReadOnly	[no test files]
?   	rtdal/generated/r-files/DBI/R/dbIsReadOnly_DBIConnector	[no test files]
?   	rtdal/generated/r-files/DBI/R/dbIsReadOnly_DBIObject	[no test files]
?   	rtdal/generated/r-files/DBI/R/dbIsValid	[no test files]
?   	rtdal/generated/r-files/DBI/R/dbIsValid_DBIResultArrowDefault	[no test files]
?   	rtdal/generated/r-files/DBI/R/dbListConnections	[no test files]
?   	rtdal/generated/r-files/DBI/R/dbListFields	[no test files]
?   	rtdal/generated/r-files/DBI/R/dbListFields_DBIConnection_Id	[no test files]
?   	rtdal/generated/r-files/DBI/R/dbListFields_DBIConnection_character	[no test files]
?   	rtdal/generated/r-files/DBI/R/dbListObjects	[no test files]
?   	rtdal/generated/r-files/DBI/R/dbListObjects_DBIConnection_ANY	[no test files]
?   	rtdal/generated/r-files/DBI/R/dbListResults	[no test files]
?   	rtdal/generated/r-files/DBI/R/dbListTables	[no test files]
?   	rtdal/generated/r-files/DBI/R/dbQuoteIdentifier	[no test files]
?   	rtdal/generated/r-files/DBI/R/dbQuoteIdentifier_DBIConnection	[no test files]
?   	rtdal/generated/r-files/DBI/R/dbQuoteLiteral	[no test files]
?   	rtdal/generated/r-files/DBI/R/dbQuoteLiteral_DBIConnection	[no test files]
?   	rtdal/generated/r-files/DBI/R/dbQuoteString	[no test files]
?   	rtdal/generated/r-files/DBI/R/dbQuoteString_DBIConnection	[no test files]
?   	rtdal/generated/r-files/DBI/R/dbReadTable	[no test files]
?   	rtdal/generated/r-files/DBI/R/dbReadTableArrow	[no test files]
?   	rtdal/generated/r-files/DBI/R/dbReadTableArrow_DBIConnection	[no test files]
?   	rtdal/generated/r-files/DBI/R/dbReadTable_DBIConnection_Id	[no test files]
?   	rtdal/generated/r-files/DBI/R/dbReadTable_DBIConnection_character	[no test files]
?   	rtdal/generated/r-files/DBI/R/dbRemoveTable	[no test files]
?   	rtdal/generated/r-files/DBI/R/dbRemoveTable_DBIConnection_Id	[no test files]
?   	rtdal/generated/r-files/DBI/R/dbRollback	[no test files]
?   	rtdal/generated/r-files/DBI/R/dbSendQueryArrow_DBIConnection	[no test files]
?   	rtdal/generated/r-files/DBI/R/dbSendStatement	[no test files]
?   	rtdal/generated/r-files/DBI/R/dbSendStatement_DBIConnection_character	[no test files]
?   	rtdal/generated/r-files/DBI/R/dbSetDataMappings	[no test files]
?   	rtdal/generated/r-files/DBI/R/dbUnloadDriver	[no test files]
?   	rtdal/generated/r-files/DBI/R/dbUnquoteIdentifier	[no test files]
?   	rtdal/generated/r-files/DBI/R/dbUnquoteIdentifier_DBIConnection	[no test files]
?   	rtdal/generated/r-files/DBI/R/dbWithTransaction	[no test files]
?   	rtdal/generated/r-files/DBI/R/dbWithTransaction_DBIConnection	[no test files]
?   	rtdal/generated/r-files/DBI/R/dbWriteTableArrow_DBIConnection	[no test files]
?   	rtdal/generated/r-files/DBI/R/dbWriteTable_DBIConnection_Id_ANY	[no test files]
?   	rtdal/generated/r-files/DBI/R/dbiDataType	[no test files]
?   	rtdal/generated/r-files/DBI/R/dbiDataType_ANY	[no test files]
?   	rtdal/generated/r-files/DBI/R/dbiDataType_AsIs	[no test files]
?   	rtdal/generated/r-files/DBI/R/dbiDataType_Date	[no test files]
?   	rtdal/generated/r-files/DBI/R/dbiDataType_POSIXct	[no test files]
?   	rtdal/generated/r-files/DBI/R/dbiDataType_character	[no test files]
?   	rtdal/generated/r-files/DBI/R/dbiDataType_data.frame	[no test files]
?   	rtdal/generated/r-files/DBI/R/dbiDataType_default	[no test files]
?   	rtdal/generated/r-files/DBI/R/dbiDataType_difftime	[no test files]
?   	rtdal/generated/r-files/DBI/R/dbiDataType_integer	[no test files]
?   	rtdal/generated/r-files/DBI/R/dbiDataType_list	[no test files]
?   	rtdal/generated/r-files/DBI/R/dbiDataType_logical	[no test files]
?   	rtdal/generated/r-files/DBI/R/dbiDataType_numeric	[no test files]
?   	rtdal/generated/r-files/DBI/R/deprecated	[no test files]
?   	rtdal/generated/r-files/DBI/R/fetch	[no test files]
?   	rtdal/generated/r-files/DBI/R/hms	[no test files]
?   	rtdal/generated/r-files/DBI/R/interpolate	[no test files]
?   	rtdal/generated/r-files/DBI/R/isSQLKeyword	[no test files]
?   	rtdal/generated/r-files/DBI/R/isSQLKeyword_DBIObject_character	[no test files]
?   	rtdal/generated/r-files/DBI/R/make.db.names	[no test files]
?   	rtdal/generated/r-files/DBI/R/make.db.names_DBIObject_character	[no test files]
?   	rtdal/generated/r-files/DBI/R/methods_as_rd	[no test files]
?   	rtdal/generated/r-files/DBI/R/otel	[no test files]
?   	rtdal/generated/r-files/DBI/R/rownames	[no test files]
?   	rtdal/generated/r-files/DBI/R/show_AnsiConnection	[no test files]
?   	rtdal/generated/r-files/DBI/R/show_DBIConnection	[no test files]
?   	rtdal/generated/r-files/DBI/R/show_DBIConnector	[no test files]
?   	rtdal/generated/r-files/DBI/R/show_DBIDriver	[no test files]
?   	rtdal/generated/r-files/DBI/R/show_DBIResult	[no test files]
?   	rtdal/generated/r-files/DBI/R/show_Id	[no test files]
?   	rtdal/generated/r-files/DBI/R/show_SQL	[no test files]
?   	rtdal/generated/r-files/DBI/R/sqlAppendTable	[no test files]
?   	rtdal/generated/r-files/DBI/R/sqlAppendTableTemplate	[no test files]
?   	rtdal/generated/r-files/DBI/R/sqlAppendTable_DBIConnection	[no test files]
?   	rtdal/generated/r-files/DBI/R/sqlCreateTable	[no test files]
?   	rtdal/generated/r-files/DBI/R/sqlCreateTable_DBIConnection	[no test files]
?   	rtdal/generated/r-files/DBI/R/sqlData	[no test files]
?   	rtdal/generated/r-files/DBI/R/sqlData_DBIConnection	[no test files]
?   	rtdal/generated/r-files/DBI/R/sqlInterpolate	[no test files]
?   	rtdal/generated/r-files/DBI/R/sqlInterpolate_DBIConnection	[no test files]
?   	rtdal/generated/r-files/DBI/R/sqlParseVariables	[no test files]
?   	rtdal/generated/r-files/DBI/R/sqlParseVariables_DBIConnection	[no test files]
?   	rtdal/generated/r-files/DBI/R/summary	[no test files]
?   	rtdal/generated/r-files/DBI/R/summary_DBIObject	[no test files]
?   	rtdal/generated/r-files/DBI/R/transactions	[no test files]
?   	rtdal/generated/r-files/DBI/inst/doc/DBI	[no test files]
?   	rtdal/generated/r-files/DBI/inst/doc/DBI-advanced	[no test files]
?   	rtdal/generated/r-files/DBI/inst/doc/DBI-arrow	[no test files]
?   	rtdal/generated/r-files/DBI/inst/doc/backend	[no test files]
?   	rtdal/generated/r-files/DBI/inst/doc/spec	[no test files]
?   	rtdal/generated/r-files/DBI/tests/testthat	[no test files]
?   	rtdal/generated/r-files/DBI/tests/testthat/helper-dummy	[no test files]
?   	rtdal/generated/r-files/DBI/tests/testthat/setup	[no test files]
?   	rtdal/generated/r-files/DBI/tests/testthat/test-00-Id	[no test files]
?   	rtdal/generated/r-files/DBI/tests/testthat/test-DBItest	[no test files]
?   	rtdal/generated/r-files/DBI/tests/testthat/test-arrow	[no test files]
?   	rtdal/generated/r-files/DBI/tests/testthat/test-data-type	[no test files]
?   	rtdal/generated/r-files/DBI/tests/testthat/test-dbUnquoteIdentifier_DBIConnection	[no test files]
?   	rtdal/generated/r-files/DBI/tests/testthat/test-interpolate	[no test files]
?   	rtdal/generated/r-files/DBI/tests/testthat/test-methods	[no test files]
?   	rtdal/generated/r-files/DBI/tests/testthat/test-otel	[no test files]
?   	rtdal/generated/r-files/DBI/tests/testthat/test-quote	[no test files]
?   	rtdal/generated/r-files/DBI/tests/testthat/test-quoting	[no test files]
?   	rtdal/generated/r-files/DBI/tests/testthat/test-rownames	[no test files]
?   	rtdal/generated/r-files/DBI/tests/testthat/test-sql-df	[no test files]
?   	rtdal/generated/r-files/DBI/tests/testthat/test-table-insert	[no test files]
?   	rtdal/generated/r-files/DBI/tests/testthat/test-transactions_interrupt	[no test files]
?   	rtdal/generated/r-files/DEoptimR/R/JDEoptim	[no test files]
?   	rtdal/generated/r-files/DEoptimR/R/NCDEoptim	[no test files]
?   	rtdal/generated/r-files/DEoptimR/R/SPJDEoptim	[no test files]
?   	rtdal/generated/r-files/DEoptimR/inst/xtraR/opt-test-funs	[no test files]
?   	rtdal/generated/r-files/DEoptimR/tests/JDEoptim-tst	[no test files]
?   	rtdal/generated/r-files/DEoptimR/tests/NCDEoptim-tst	[no test files]
?   	rtdal/generated/r-files/DEoptimR/tests/SPJDEoptim-tst	[no test files]
?   	rtdal/generated/r-files/FNN/R/KNN	[no test files]
?   	rtdal/generated/r-files/FNN/R/KNN.information.measures	[no test files]
?   	rtdal/generated/r-files/FNN/R/KNNCR	[no test files]
?   	rtdal/generated/r-files/FNN/R/OWNN	[no test files]
?   	rtdal/generated/r-files/KernSmooth/R/all	[no test files]
?   	rtdal/generated/r-files/KernSmooth/tests/bkfe	[no test files]
?   	rtdal/generated/r-files/KernSmooth/tests/locpoly	[no test files]
?   	rtdal/generated/r-files/MASS/R/add	[no test files]
?   	rtdal/generated/r-files/MASS/R/area	[no test files]
?   	rtdal/generated/r-files/MASS/R/boxcox	[no test files]
?   	rtdal/generated/r-files/MASS/R/contr.sdif	[no test files]
?   	rtdal/generated/r-files/MASS/R/corresp	[no test files]
?   	rtdal/generated/r-files/MASS/R/cov.trob	[no test files]
?   	rtdal/generated/r-files/MASS/R/dose.p	[no test files]
?   	rtdal/generated/r-files/MASS/R/enlist	[no test files]
?   	rtdal/generated/r-files/MASS/R/eqscplot	[no test files]
?   	rtdal/generated/r-files/MASS/R/fitdistr	[no test files]
?   	rtdal/generated/r-files/MASS/R/fractions	[no test files]
?   	rtdal/generated/r-files/MASS/R/gamma.shape	[no test files]
?   	rtdal/generated/r-files/MASS/R/glmmPQL	[no test files]
?   	rtdal/generated/r-files/MASS/R/hist.scott	[no test files]
?   	rtdal/generated/r-files/MASS/R/huber	[no test files]
?   	rtdal/generated/r-files/MASS/R/hubers	[no test files]
?   	rtdal/generated/r-files/MASS/R/isoMDS	[no test files]
?   	rtdal/generated/r-files/MASS/R/kde2d	[no test files]
?   	rtdal/generated/r-files/MASS/R/lda	[no test files]
?   	rtdal/generated/r-files/MASS/R/lm.gls	[no test files]
?   	rtdal/generated/r-files/MASS/R/lm.ridge	[no test files]
?   	rtdal/generated/r-files/MASS/R/loglm	[no test files]
?   	rtdal/generated/r-files/MASS/R/logtrans	[no test files]
?   	rtdal/generated/r-files/MASS/R/lqs	[no test files]
?   	rtdal/generated/r-files/MASS/R/mca	[no test files]
?   	rtdal/generated/r-files/MASS/R/misc	[no test files]
?   	rtdal/generated/r-files/MASS/R/mvrnorm	[no test files]
?   	rtdal/generated/r-files/MASS/R/neg.bin	[no test files]
?   	rtdal/generated/r-files/MASS/R/negbin	[no test files]
?   	rtdal/generated/r-files/MASS/R/negexp	[no test files]
?   	rtdal/generated/r-files/MASS/R/parcoord	[no test files]
?   	rtdal/generated/r-files/MASS/R/polr	[no test files]
?   	rtdal/generated/r-files/MASS/R/qda	[no test files]
?   	rtdal/generated/r-files/MASS/R/rlm	[no test files]
?   	rtdal/generated/r-files/MASS/R/rms.curv	[no test files]
?   	rtdal/generated/r-files/MASS/R/sammon	[no test files]
?   	rtdal/generated/r-files/MASS/R/stdres	[no test files]
?   	rtdal/generated/r-files/MASS/R/stepAIC	[no test files]
?   	rtdal/generated/r-files/MASS/R/truehist	[no test files]
?   	rtdal/generated/r-files/MASS/R/ucv	[no test files]
?   	rtdal/generated/r-files/MASS/R/write.matrix	[no test files]
?   	rtdal/generated/r-files/MASS/R/zzz	[no test files]
?   	rtdal/generated/r-files/MASS/inst/scripts/ch01	[no test files]
?   	rtdal/generated/r-files/MASS/inst/scripts/ch02	[no test files]
?   	rtdal/generated/r-files/MASS/inst/scripts/ch03	[no test files]
?   	rtdal/generated/r-files/MASS/inst/scripts/ch04	[no test files]
?   	rtdal/generated/r-files/MASS/inst/scripts/ch05	[no test files]
?   	rtdal/generated/r-files/MASS/inst/scripts/ch06	[no test files]
?   	rtdal/generated/r-files/MASS/inst/scripts/ch07	[no test files]
?   	rtdal/generated/r-files/MASS/inst/scripts/ch08	[no test files]
?   	rtdal/generated/r-files/MASS/inst/scripts/ch09	[no test files]
?   	rtdal/generated/r-files/MASS/inst/scripts/ch10	[no test files]
?   	rtdal/generated/r-files/MASS/inst/scripts/ch11	[no test files]
?   	rtdal/generated/r-files/MASS/inst/scripts/ch12	[no test files]
?   	rtdal/generated/r-files/MASS/inst/scripts/ch13	[no test files]
?   	rtdal/generated/r-files/MASS/inst/scripts/ch14	[no test files]
?   	rtdal/generated/r-files/MASS/inst/scripts/ch15	[no test files]
?   	rtdal/generated/r-files/MASS/inst/scripts/ch16	[no test files]
?   	rtdal/generated/r-files/MASS/tests/confint	[no test files]
?   	rtdal/generated/r-files/MASS/tests/cov.mcd	[no test files]
?   	rtdal/generated/r-files/MASS/tests/fitdistr	[no test files]
?   	rtdal/generated/r-files/MASS/tests/glm.nb	[no test files]
?   	rtdal/generated/r-files/MASS/tests/glmmPQL	[no test files]
?   	rtdal/generated/r-files/MASS/tests/hubers	[no test files]
?   	rtdal/generated/r-files/MASS/tests/lme	[no test files]
?   	rtdal/generated/r-files/MASS/tests/loglm	[no test files]
?   	rtdal/generated/r-files/MASS/tests/polr	[no test files]
?   	rtdal/generated/r-files/MASS/tests/profile	[no test files]
?   	rtdal/generated/r-files/MASS/tests/regression	[no test files]
?   	rtdal/generated/r-files/MASS/tests/rlm	[no test files]
?   	rtdal/generated/r-files/MASS/tests/scripts	[no test files]
?   	rtdal/generated/r-files/Matrix/R/00_Class	[no test files]
?   	rtdal/generated/r-files/Matrix/R/00_Generic	[no test files]
?   	rtdal/generated/r-files/Matrix/R/Auxiliaries	[no test files]
?   	rtdal/generated/r-files/Matrix/R/BunchKaufman	[no test files]
?   	rtdal/generated/r-files/Matrix/R/Cholesky	[no test files]
?   	rtdal/generated/r-files/Matrix/R/HBMM	[no test files]
?   	rtdal/generated/r-files/Matrix/R/KhatriRao	[no test files]
?   	rtdal/generated/r-files/Matrix/R/Math	[no test files]
?   	rtdal/generated/r-files/Matrix/R/Ops	[no test files]
?   	rtdal/generated/r-files/Matrix/R/Schur	[no test files]
?   	rtdal/generated/r-files/Matrix/R/Summary	[no test files]
?   	rtdal/generated/r-files/Matrix/R/abstract	[no test files]
?   	rtdal/generated/r-files/Matrix/R/all.equal	[no test files]
?   	rtdal/generated/r-files/Matrix/R/cbind2	[no test files]
?   	rtdal/generated/r-files/Matrix/R/coerce	[no test files]
?   	rtdal/generated/r-files/Matrix/R/coerce-SparseM	[no test files]
?   	rtdal/generated/r-files/Matrix/R/coerce-graph	[no test files]
?   	rtdal/generated/r-files/Matrix/R/colSums	[no test files]
?   	rtdal/generated/r-files/Matrix/R/condest	[no test files]
?   	rtdal/generated/r-files/Matrix/R/construct	[no test files]
?   	rtdal/generated/r-files/Matrix/R/dense	[no test files]
?   	rtdal/generated/r-files/Matrix/R/determinant	[no test files]
?   	rtdal/generated/r-files/Matrix/R/diagonal	[no test files]
?   	rtdal/generated/r-files/Matrix/R/dim	[no test files]
?   	rtdal/generated/r-files/Matrix/R/expm	[no test files]
?   	rtdal/generated/r-files/Matrix/R/image	[no test files]
?   	rtdal/generated/r-files/Matrix/R/index	[no test files]
?   	rtdal/generated/r-files/Matrix/R/is.na	[no test files]
?   	rtdal/generated/r-files/Matrix/R/kappa	[no test files]
?   	rtdal/generated/r-files/Matrix/R/kronecker	[no test files]
?   	rtdal/generated/r-files/Matrix/R/lu	[no test files]
?   	rtdal/generated/r-files/Matrix/R/matmult	[no test files]
?   	rtdal/generated/r-files/Matrix/R/models	[no test files]
?   	rtdal/generated/r-files/Matrix/R/nearPD	[no test files]
?   	rtdal/generated/r-files/Matrix/R/nnzero	[no test files]
?   	rtdal/generated/r-files/Matrix/R/not	[no test files]
?   	rtdal/generated/r-files/Matrix/R/objects	[no test files]
?   	rtdal/generated/r-files/Matrix/R/perm	[no test files]
?   	rtdal/generated/r-files/Matrix/R/posdef	[no test files]
?   	rtdal/generated/r-files/Matrix/R/qr	[no test files]
?   	rtdal/generated/r-files/Matrix/R/rankMatrix	[no test files]
?   	rtdal/generated/r-files/Matrix/R/show	[no test files]
?   	rtdal/generated/r-files/Matrix/R/solve	[no test files]
?   	rtdal/generated/r-files/Matrix/R/sparse	[no test files]
?   	rtdal/generated/r-files/Matrix/R/subassign	[no test files]
?   	rtdal/generated/r-files/Matrix/R/subscript	[no test files]
?   	rtdal/generated/r-files/Matrix/R/vector	[no test files]
?   	rtdal/generated/r-files/Matrix/R/which	[no test files]
?   	rtdal/generated/r-files/Matrix/R/zzz	[no test files]
?   	rtdal/generated/r-files/Matrix/data/CAex	[no test files]
?   	rtdal/generated/r-files/Matrix/data/KNex	[no test files]
?   	rtdal/generated/r-files/Matrix/data/USCounties	[no test files]
?   	rtdal/generated/r-files/Matrix/data/wrld_1deg	[no test files]
?   	rtdal/generated/r-files/Matrix/inst/doc/Comparisons	[no test files]
?   	rtdal/generated/r-files/Matrix/inst/doc/Design-issues	[no test files]
?   	rtdal/generated/r-files/Matrix/inst/doc/Intro2Matrix	[no test files]
?   	rtdal/generated/r-files/Matrix/inst/doc/Introduction	[no test files]
?   	rtdal/generated/r-files/Matrix/inst/doc/sparseModels	[no test files]
?   	rtdal/generated/r-files/Matrix/inst/test-tools	[no test files]
?   	rtdal/generated/r-files/Matrix/inst/test-tools-1	[no test files]
?   	rtdal/generated/r-files/Matrix/inst/test-tools-Matrix	[no test files]
?   	rtdal/generated/r-files/Matrix/tests/Class+Meth	[no test files]
?   	rtdal/generated/r-files/Matrix/tests/Simple	[no test files]
?   	rtdal/generated/r-files/Matrix/tests/abIndex-tsts	[no test files]
?   	rtdal/generated/r-files/Matrix/tests/base-matrix-fun	[no test files]
?   	rtdal/generated/r-files/Matrix/tests/bind	[no test files]
?   	rtdal/generated/r-files/Matrix/tests/dg_Matrix	[no test files]
?   	rtdal/generated/r-files/Matrix/tests/dpo-test	[no test files]
?   	rtdal/generated/r-files/Matrix/tests/dtpMatrix	[no test files]
?   	rtdal/generated/r-files/Matrix/tests/factorizing	[no test files]
?   	rtdal/generated/r-files/Matrix/tests/group-methods	[no test files]
?   	rtdal/generated/r-files/Matrix/tests/indexing	[no test files]
?   	rtdal/generated/r-files/Matrix/tests/matprod	[no test files]
?   	rtdal/generated/r-files/Matrix/tests/matr-exp	[no test files]
?   	rtdal/generated/r-files/Matrix/tests/other-pkgs	[no test files]
?   	rtdal/generated/r-files/Matrix/tests/packed-unpacked	[no test files]
?   	rtdal/generated/r-files/Matrix/tests/spModel.matrix	[no test files]
?   	rtdal/generated/r-files/Matrix/tests/symmDN	[no test files]
?   	rtdal/generated/r-files/Matrix/tests/validObj	[no test files]
?   	rtdal/generated/r-files/Matrix/tests/write-read	[no test files]
?   	rtdal/generated/r-files/MatrixModels/R/AllClass	[no test files]
?   	rtdal/generated/r-files/MatrixModels/R/AllGeneric	[no test files]
?   	rtdal/generated/r-files/MatrixModels/R/modelMatrix	[no test files]
?   	rtdal/generated/r-files/MatrixModels/tests/MModels	[no test files]
?   	rtdal/generated/r-files/R6/R/R6-package	[no test files]
?   	rtdal/generated/r-files/R6/R/aaa	[no test files]
?   	rtdal/generated/r-files/R6/R/aslist	[no test files]
?   	rtdal/generated/r-files/R6/R/clone	[no test files]
?   	rtdal/generated/r-files/R6/R/env_utils	[no test files]
?   	rtdal/generated/r-files/R6/R/generator_funs	[no test files]
?   	rtdal/generated/r-files/R6/R/is	[no test files]
?   	rtdal/generated/r-files/R6/R/new	[no test files]
?   	rtdal/generated/r-files/R6/R/print	[no test files]
?   	rtdal/generated/r-files/R6/R/r6_class	[no test files]
?   	rtdal/generated/r-files/R6/R/utils	[no test files]
?   	rtdal/generated/r-files/R6/tests/manual/encapsulation	[no test files]
?   	rtdal/generated/r-files/R6/tests/manual/test-inheritance	[no test files]
?   	rtdal/generated/r-files/R6/tests/testthat	[no test files]
?   	rtdal/generated/r-files/R6/tests/testthat/helper	[no test files]
?   	rtdal/generated/r-files/R6/tests/testthat/test-aslist	[no test files]
?   	rtdal/generated/r-files/R6/tests/testthat/test-clone	[no test files]
?   	rtdal/generated/r-files/R6/tests/testthat/test-cloning-inheritance	[no test files]
?   	rtdal/generated/r-files/R6/tests/testthat/test-dollarnames	[no test files]
?   	rtdal/generated/r-files/R6/tests/testthat/test-finalizer	[no test files]
?   	rtdal/generated/r-files/R6/tests/testthat/test-is	[no test files]
?   	rtdal/generated/r-files/R6/tests/testthat/test-nonportable	[no test files]
?   	rtdal/generated/r-files/R6/tests/testthat/test-nonportable-inheritance	[no test files]
?   	rtdal/generated/r-files/R6/tests/testthat/test-portable	[no test files]
?   	rtdal/generated/r-files/R6/tests/testthat/test-portable-inheritance	[no test files]
?   	rtdal/generated/r-files/R6/tests/testthat/test-s3-methods	[no test files]
?   	rtdal/generated/r-files/R6/tests/testthat/test-set	[no test files]
?   	rtdal/generated/r-files/RColorBrewer/R/ColorBrewer	[no test files]
?   	rtdal/generated/r-files/Rcpp/R/00_classes	[no test files]
?   	rtdal/generated/r-files/Rcpp/R/01_show	[no test files]
?   	rtdal/generated/r-files/Rcpp/R/02_completion	[no test files]
?   	rtdal/generated/r-files/Rcpp/R/03_prompt	[no test files]
?   	rtdal/generated/r-files/Rcpp/R/Attributes	[no test files]
?   	rtdal/generated/r-files/Rcpp/R/Module	[no test files]
?   	rtdal/generated/r-files/Rcpp/R/Rcpp.package.skeleton	[no test files]
?   	rtdal/generated/r-files/Rcpp/R/RcppClass	[no test files]
?   	rtdal/generated/r-files/Rcpp/R/RcppLdpath	[no test files]
?   	rtdal/generated/r-files/Rcpp/R/asis	[no test files]
?   	rtdal/generated/r-files/Rcpp/R/bib	[no test files]
?   	rtdal/generated/r-files/Rcpp/R/exceptions	[no test files]
?   	rtdal/generated/r-files/Rcpp/R/exposeClass	[no test files]
?   	rtdal/generated/r-files/Rcpp/R/inline	[no test files]
?   	rtdal/generated/r-files/Rcpp/R/loadModule	[no test files]
?   	rtdal/generated/r-files/Rcpp/R/populate	[no test files]
?   	rtdal/generated/r-files/Rcpp/R/tools	[no test files]
?   	rtdal/generated/r-files/Rcpp/R/zzz	[no test files]
?   	rtdal/generated/r-files/Rcpp/inst/discovery/cxx0x	[no test files]
?   	rtdal/generated/r-files/Rcpp/inst/examples/Attributes/cppFunction	[no test files]
?   	rtdal/generated/r-files/Rcpp/inst/examples/Attributes/sourceCpp	[no test files]
?   	rtdal/generated/r-files/Rcpp/inst/examples/ConvolveBenchmarks/exampleRCode	[no test files]
?   	rtdal/generated/r-files/Rcpp/inst/examples/ConvolveBenchmarks/overhead	[no test files]
?   	rtdal/generated/r-files/Rcpp/inst/examples/FastLM/benchmark	[no test files]
?   	rtdal/generated/r-files/Rcpp/inst/examples/FastLM/benchmarkLongley	[no test files]
?   	rtdal/generated/r-files/Rcpp/inst/examples/FastLM/fastLMviaArmadillo	[no test files]
?   	rtdal/generated/r-files/Rcpp/inst/examples/FastLM/fastLMviaGSL	[no test files]
?   	rtdal/generated/r-files/Rcpp/inst/examples/FastLM/lmArmadillo	[no test files]
?   	rtdal/generated/r-files/Rcpp/inst/examples/FastLM/lmGSL	[no test files]
?   	rtdal/generated/r-files/Rcpp/inst/examples/Misc/fibonacci	[no test files]
?   	rtdal/generated/r-files/Rcpp/inst/examples/Misc/ifelseLooped	[no test files]
?   	rtdal/generated/r-files/Rcpp/inst/examples/Misc/newFib	[no test files]
?   	rtdal/generated/r-files/Rcpp/inst/examples/Misc/piBySimulation	[no test files]
?   	rtdal/generated/r-files/Rcpp/inst/examples/OpenMP/OpenMPandInline	[no test files]
?   	rtdal/generated/r-files/Rcpp/inst/examples/OpenMP/check	[no test files]
?   	rtdal/generated/r-files/Rcpp/inst/examples/RcppGibbs/RcppGibbs	[no test files]
?   	rtdal/generated/r-files/Rcpp/inst/examples/RcppGibbs/RcppGibbs_Updated	[no test files]
?   	rtdal/generated/r-files/Rcpp/inst/examples/RcppGibbs/timeRNGs	[no test files]
?   	rtdal/generated/r-files/Rcpp/inst/examples/RcppInline/RObject	[no test files]
?   	rtdal/generated/r-files/Rcpp/inst/examples/RcppInline/RcppInlineExample	[no test files]
?   	rtdal/generated/r-files/Rcpp/inst/examples/RcppInline/RcppInlineWithLibsExamples	[no test files]
?   	rtdal/generated/r-files/Rcpp/inst/examples/RcppInline/RcppSimpleExample	[no test files]
?   	rtdal/generated/r-files/Rcpp/inst/examples/RcppInline/UncaughtExceptions	[no test files]
?   	rtdal/generated/r-files/Rcpp/inst/examples/RcppInline/external_pointer	[no test files]
?   	rtdal/generated/r-files/Rcpp/inst/examples/SugarPerformance/sugarBenchmarks	[no test files]
?   	rtdal/generated/r-files/Rcpp/inst/examples/functionCallback/newApiExample	[no test files]
?   	rtdal/generated/r-files/Rcpp/inst/examples/performance/extractors	[no test files]
?   	rtdal/generated/r-files/Rcpp/inst/examples/performance/performance	[no test files]
?   	rtdal/generated/r-files/Rcpp/inst/skeleton/rcpp_hello_world	[no test files]
?   	rtdal/generated/r-files/Rcpp/inst/skeleton/zzz	[no test files]
?   	rtdal/generated/r-files/Rcpp/inst/tinytest/testRcppClass/R/load	[no test files]
?   	rtdal/generated/r-files/Rcpp/inst/tinytest/testRcppClass/R/rcpp_hello_world	[no test files]
?   	rtdal/generated/r-files/Rcpp/inst/tinytest/testRcppClass/tests/classes	[no test files]
?   	rtdal/generated/r-files/Rcpp/inst/tinytest/testRcppInterfaceExporter/R/RcppExports	[no test files]
?   	rtdal/generated/r-files/Rcpp/inst/tinytest/testRcppInterfaceExporter/R/exporter	[no test files]
?   	rtdal/generated/r-files/Rcpp/inst/tinytest/testRcppInterfaceUser/R/user	[no test files]
?   	rtdal/generated/r-files/Rcpp/inst/tinytest/testRcppInterfaceUser/tests/tests	[no test files]
?   	rtdal/generated/r-files/Rcpp/inst/tinytest/testRcppModule/R/rcpp_hello_world	[no test files]
?   	rtdal/generated/r-files/Rcpp/inst/tinytest/testRcppModule/R/zzz	[no test files]
?   	rtdal/generated/r-files/Rcpp/inst/tinytest/testRcppModule/tests/modules	[no test files]
?   	rtdal/generated/r-files/Rcpp/inst/tinytest/testRcppPackage/R/rcpp_hello_world	[no test files]
?   	rtdal/generated/r-files/Rcpp/inst/tinytest/test_algorithm	[no test files]
?   	rtdal/generated/r-files/Rcpp/inst/tinytest/test_as	[no test files]
?   	rtdal/generated/r-files/Rcpp/inst/tinytest/test_attribute_package	[no test files]
?   	rtdal/generated/r-files/Rcpp/inst/tinytest/test_attributes	[no test files]
?   	rtdal/generated/r-files/Rcpp/inst/tinytest/test_attributes_extended	[no test files]
?   	rtdal/generated/r-files/Rcpp/inst/tinytest/test_binary_package	[no test files]
?   	rtdal/generated/r-files/Rcpp/inst/tinytest/test_client_package	[no test files]
?   	rtdal/generated/r-files/Rcpp/inst/tinytest/test_coerce	[no test files]
?   	rtdal/generated/r-files/Rcpp/inst/tinytest/test_compile_attributes_errors	[no test files]
?   	rtdal/generated/r-files/Rcpp/inst/tinytest/test_cppfunction_errors	[no test files]
?   	rtdal/generated/r-files/Rcpp/inst/tinytest/test_dataframe	[no test files]
?   	rtdal/generated/r-files/Rcpp/inst/tinytest/test_date	[no test files]
?   	rtdal/generated/r-files/Rcpp/inst/tinytest/test_dispatch	[no test files]
?   	rtdal/generated/r-files/Rcpp/inst/tinytest/test_embedded_r	[no test files]
?   	rtdal/generated/r-files/Rcpp/inst/tinytest/test_environments	[no test files]
?   	rtdal/generated/r-files/Rcpp/inst/tinytest/test_exceptions	[no test files]
?   	rtdal/generated/r-files/Rcpp/inst/tinytest/test_exceptions_nocall	[no test files]
?   	rtdal/generated/r-files/Rcpp/inst/tinytest/test_expose_class	[no test files]
?   	rtdal/generated/r-files/Rcpp/inst/tinytest/test_function	[no test files]
?   	rtdal/generated/r-files/Rcpp/inst/tinytest/test_global_rostream	[no test files]
?   	rtdal/generated/r-files/Rcpp/inst/tinytest/test_interface	[no test files]
?   	rtdal/generated/r-files/Rcpp/inst/tinytest/test_internal_function	[no test files]
?   	rtdal/generated/r-files/Rcpp/inst/tinytest/test_internal_function_cpp11	[no test files]
?   	rtdal/generated/r-files/Rcpp/inst/tinytest/test_language	[no test files]
?   	rtdal/generated/r-files/Rcpp/inst/tinytest/test_listof	[no test files]
?   	rtdal/generated/r-files/Rcpp/inst/tinytest/test_matrix	[no test files]
?   	rtdal/generated/r-files/Rcpp/inst/tinytest/test_misc	[no test files]
?   	rtdal/generated/r-files/Rcpp/inst/tinytest/test_modref	[no test files]
?   	rtdal/generated/r-files/Rcpp/inst/tinytest/test_module	[no test files]
?   	rtdal/generated/r-files/Rcpp/inst/tinytest/test_module_client_package	[no test files]
?   	rtdal/generated/r-files/Rcpp/inst/tinytest/test_na	[no test files]
?   	rtdal/generated/r-files/Rcpp/inst/tinytest/test_packageversion	[no test files]
?   	rtdal/generated/r-files/Rcpp/inst/tinytest/test_quickanddirty	[no test files]
?   	rtdal/generated/r-files/Rcpp/inst/tinytest/test_rcpp_package_skeleton	[no test files]
?   	rtdal/generated/r-files/Rcpp/inst/tinytest/test_reference	[no test files]
?   	rtdal/generated/r-files/Rcpp/inst/tinytest/test_rmath	[no test files]
?   	rtdal/generated/r-files/Rcpp/inst/tinytest/test_robject	[no test files]
?   	rtdal/generated/r-files/Rcpp/inst/tinytest/test_s4	[no test files]
?   	rtdal/generated/r-files/Rcpp/inst/tinytest/test_sourcecpp_errors	[no test files]
?   	rtdal/generated/r-files/Rcpp/inst/tinytest/test_stack	[no test files]
?   	rtdal/generated/r-files/Rcpp/inst/tinytest/test_stats	[no test files]
?   	rtdal/generated/r-files/Rcpp/inst/tinytest/test_string	[no test files]
?   	rtdal/generated/r-files/Rcpp/inst/tinytest/test_subset	[no test files]
?   	rtdal/generated/r-files/Rcpp/inst/tinytest/test_sugar	[no test files]
?   	rtdal/generated/r-files/Rcpp/inst/tinytest/test_sugar_var	[no test files]
?   	rtdal/generated/r-files/Rcpp/inst/tinytest/test_support	[no test files]
?   	rtdal/generated/r-files/Rcpp/inst/tinytest/test_system	[no test files]
?   	rtdal/generated/r-files/Rcpp/inst/tinytest/test_table	[no test files]
?   	rtdal/generated/r-files/Rcpp/inst/tinytest/test_vector	[no test files]
?   	rtdal/generated/r-files/Rcpp/inst/tinytest/test_vector_old	[no test files]
?   	rtdal/generated/r-files/Rcpp/inst/tinytest/test_wrap	[no test files]
?   	rtdal/generated/r-files/Rcpp/inst/tinytest/test_wstring	[no test files]
?   	rtdal/generated/r-files/Rcpp/inst/tinytest/test_xptr	[no test files]
?   	rtdal/generated/r-files/Rcpp/tests/tinytest	[no test files]
?   	rtdal/generated/r-files/RcppArmadillo/R/RcppArmadillo.package.skeleton	[no test files]
?   	rtdal/generated/r-files/RcppArmadillo/R/RcppExports	[no test files]
?   	rtdal/generated/r-files/RcppArmadillo/R/SciPy2R	[no test files]
?   	rtdal/generated/r-files/RcppArmadillo/R/fastLm	[no test files]
?   	rtdal/generated/r-files/RcppArmadillo/R/flags	[no test files]
?   	rtdal/generated/r-files/RcppArmadillo/R/init	[no test files]
?   	rtdal/generated/r-files/RcppArmadillo/R/inline	[no test files]
?   	rtdal/generated/r-files/RcppArmadillo/inst/examples/fastLm	[no test files]
?   	rtdal/generated/r-files/RcppArmadillo/inst/examples/kalman/FirstKalmanR	[no test files]
?   	rtdal/generated/r-files/RcppArmadillo/inst/examples/kalman/KalmanR	[no test files]
?   	rtdal/generated/r-files/RcppArmadillo/inst/examples/kalman/KalmanRimp	[no test files]
?   	rtdal/generated/r-files/RcppArmadillo/inst/examples/kalman/benchmark	[no test files]
?   	rtdal/generated/r-files/RcppArmadillo/inst/examples/kalman/firstExample	[no test files]
?   	rtdal/generated/r-files/RcppArmadillo/inst/examples/varSimulation	[no test files]
?   	rtdal/generated/r-files/RcppArmadillo/inst/tinytest/test_Rlapack	[no test files]
?   	rtdal/generated/r-files/RcppArmadillo/inst/tinytest/test_complex	[no test files]
?   	rtdal/generated/r-files/RcppArmadillo/inst/tinytest/test_cube	[no test files]
?   	rtdal/generated/r-files/RcppArmadillo/inst/tinytest/test_fastLm	[no test files]
?   	rtdal/generated/r-files/RcppArmadillo/inst/tinytest/test_fields	[no test files]
?   	rtdal/generated/r-files/RcppArmadillo/inst/tinytest/test_fields_new	[no test files]
?   	rtdal/generated/r-files/RcppArmadillo/inst/tinytest/test_misc	[no test files]
?   	rtdal/generated/r-files/RcppArmadillo/inst/tinytest/test_rcpparmadillo	[no test files]
?   	rtdal/generated/r-files/RcppArmadillo/inst/tinytest/test_rmultinom	[no test files]
?   	rtdal/generated/r-files/RcppArmadillo/inst/tinytest/test_rng	[no test files]
?   	rtdal/generated/r-files/RcppArmadillo/inst/tinytest/test_sample	[no test files]
?   	rtdal/generated/r-files/RcppArmadillo/inst/tinytest/test_scipy2r	[no test files]
?   	rtdal/generated/r-files/RcppArmadillo/inst/tinytest/test_sparse	[no test files]
?   	rtdal/generated/r-files/RcppArmadillo/inst/tinytest/test_sparseConversion	[no test files]
?   	rtdal/generated/r-files/RcppArmadillo/tests/tinytest	[no test files]
?   	rtdal/generated/r-files/S7/R/S3	[no test files]
?   	rtdal/generated/r-files/S7/R/S4	[no test files]
?   	rtdal/generated/r-files/S7/R/S7-package	[no test files]
?   	rtdal/generated/r-files/S7/R/aaa	[no test files]
?   	rtdal/generated/r-files/S7/R/base	[no test files]
?   	rtdal/generated/r-files/S7/R/class	[no test files]
?   	rtdal/generated/r-files/S7/R/class-spec	[no test files]
?   	rtdal/generated/r-files/S7/R/compatibility	[no test files]
?   	rtdal/generated/r-files/S7/R/constructor	[no test files]
?   	rtdal/generated/r-files/S7/R/convert	[no test files]
?   	rtdal/generated/r-files/S7/R/data	[no test files]
?   	rtdal/generated/r-files/S7/R/external-generic	[no test files]
?   	rtdal/generated/r-files/S7/R/generic	[no test files]
?   	rtdal/generated/r-files/S7/R/generic-spec	[no test files]
?   	rtdal/generated/r-files/S7/R/inherits	[no test files]
?   	rtdal/generated/r-files/S7/R/method-dispatch	[no test files]
?   	rtdal/generated/r-files/S7/R/method-introspect	[no test files]
?   	rtdal/generated/r-files/S7/R/method-ops	[no test files]
?   	rtdal/generated/r-files/S7/R/method-register	[no test files]
?   	rtdal/generated/r-files/S7/R/property	[no test files]
?   	rtdal/generated/r-files/S7/R/special	[no test files]
?   	rtdal/generated/r-files/S7/R/super	[no test files]
?   	rtdal/generated/r-files/S7/R/union	[no test files]
?   	rtdal/generated/r-files/S7/R/utils	[no test files]
?   	rtdal/generated/r-files/S7/R/valid	[no test files]
?   	rtdal/generated/r-files/S7/R/zzz	[no test files]
?   	rtdal/generated/r-files/S7/inst/doc/S7	[no test files]
?   	rtdal/generated/r-files/S7/inst/doc/classes-objects	[no test files]
?   	rtdal/generated/r-files/S7/inst/doc/compatibility	[no test files]
?   	rtdal/generated/r-files/S7/inst/doc/generics-methods	[no test files]
?   	rtdal/generated/r-files/S7/inst/doc/motivation	[no test files]
?   	rtdal/generated/r-files/S7/inst/doc/packages	[no test files]
?   	rtdal/generated/r-files/S7/inst/doc/performance	[no test files]
?   	rtdal/generated/r-files/S7/tests/testthat	[no test files]
?   	rtdal/generated/r-files/S7/tests/testthat/helper	[no test files]
?   	rtdal/generated/r-files/S7/tests/testthat/t0/R/t0	[no test files]
?   	rtdal/generated/r-files/S7/tests/testthat/t1/R/t1	[no test files]
?   	rtdal/generated/r-files/S7/tests/testthat/t2/R/t2	[no test files]
?   	rtdal/generated/r-files/S7/tests/testthat/test-S3	[no test files]
?   	rtdal/generated/r-files/S7/tests/testthat/test-S4	[no test files]
?   	rtdal/generated/r-files/S7/tests/testthat/test-base	[no test files]
?   	rtdal/generated/r-files/S7/tests/testthat/test-base-r	[no test files]
?   	rtdal/generated/r-files/S7/tests/testthat/test-class	[no test files]
?   	rtdal/generated/r-files/S7/tests/testthat/test-class-spec	[no test files]
?   	rtdal/generated/r-files/S7/tests/testthat/test-constructor	[no test files]
?   	rtdal/generated/r-files/S7/tests/testthat/test-convert	[no test files]
?   	rtdal/generated/r-files/S7/tests/testthat/test-data	[no test files]
?   	rtdal/generated/r-files/S7/tests/testthat/test-external-generic	[no test files]
?   	rtdal/generated/r-files/S7/tests/testthat/test-generic	[no test files]
?   	rtdal/generated/r-files/S7/tests/testthat/test-generic-spec	[no test files]
?   	rtdal/generated/r-files/S7/tests/testthat/test-inherits	[no test files]
?   	rtdal/generated/r-files/S7/tests/testthat/test-method-dispatch	[no test files]
?   	rtdal/generated/r-files/S7/tests/testthat/test-method-introspect	[no test files]
?   	rtdal/generated/r-files/S7/tests/testthat/test-method-ops	[no test files]
?   	rtdal/generated/r-files/S7/tests/testthat/test-method-register	[no test files]
?   	rtdal/generated/r-files/S7/tests/testthat/test-property	[no test files]
?   	rtdal/generated/r-files/S7/tests/testthat/test-special	[no test files]
?   	rtdal/generated/r-files/S7/tests/testthat/test-super	[no test files]
?   	rtdal/generated/r-files/S7/tests/testthat/test-union	[no test files]
?   	rtdal/generated/r-files/S7/tests/testthat/test-valid	[no test files]
?   	rtdal/generated/r-files/S7/tests/testthat/test-zzz	[no test files]
?   	rtdal/generated/r-files/SparseM/R/SparseM	[no test files]
?   	rtdal/generated/r-files/SparseM/demo/Binding	[no test files]
?   	rtdal/generated/r-files/SparseM/demo/Coercion	[no test files]
?   	rtdal/generated/r-files/SparseM/demo/LeastSquares	[no test files]
?   	rtdal/generated/r-files/SparseM/demo/LinearAlgebra	[no test files]
?   	rtdal/generated/r-files/SparseM/demo/Solve	[no test files]
?   	rtdal/generated/r-files/SparseM/demo/Visualization	[no test files]
?   	rtdal/generated/r-files/SparseM/inst/doc/SparseM	[no test files]
?   	rtdal/generated/r-files/XML/R/AAA	[no test files]
?   	rtdal/generated/r-files/XML/R/DTDClasses	[no test files]
?   	rtdal/generated/r-files/XML/R/DTDRef	[no test files]
?   	rtdal/generated/r-files/XML/R/SAXMethods	[no test files]
?   	rtdal/generated/r-files/XML/R/XMLClasses	[no test files]
?   	rtdal/generated/r-files/XML/R/XMLRErrorInfo	[no test files]
?   	rtdal/generated/r-files/XML/R/applyDOM	[no test files]
?   	rtdal/generated/r-files/XML/R/assignChild	[no test files]
?   	rtdal/generated/r-files/XML/R/bitList	[no test files]
?   	rtdal/generated/r-files/XML/R/catalog	[no test files]
?   	rtdal/generated/r-files/XML/R/compare	[no test files]
?   	rtdal/generated/r-files/XML/R/createNode	[no test files]
?   	rtdal/generated/r-files/XML/R/defunct	[no test files]
?   	rtdal/generated/r-files/XML/R/dynSupports	[no test files]
?   	rtdal/generated/r-files/XML/R/encoding	[no test files]
?   	rtdal/generated/r-files/XML/R/error	[no test files]
?   	rtdal/generated/r-files/XML/R/fixNS	[no test files]
?   	rtdal/generated/r-files/XML/R/flatTree	[no test files]
?   	rtdal/generated/r-files/XML/R/getDependencies	[no test files]
?   	rtdal/generated/r-files/XML/R/getRelativeURL	[no test files]
?   	rtdal/generated/r-files/XML/R/hashTree	[no test files]
?   	rtdal/generated/r-files/XML/R/htmlLinks	[no test files]
?   	rtdal/generated/r-files/XML/R/htmlLists	[no test files]
?   	rtdal/generated/r-files/XML/R/htmlParse	[no test files]
?   	rtdal/generated/r-files/XML/R/keyValueDB	[no test files]
?   	rtdal/generated/r-files/XML/R/libxmlFeatures	[no test files]
?   	rtdal/generated/r-files/XML/R/namespaceHandlers	[no test files]
?   	rtdal/generated/r-files/XML/R/namespaces	[no test files]
?   	rtdal/generated/r-files/XML/R/nodeAccessors	[no test files]
?   	rtdal/generated/r-files/XML/R/parser	[no test files]
?   	rtdal/generated/r-files/XML/R/readHTMLTable	[no test files]
?   	rtdal/generated/r-files/XML/R/reflection	[no test files]
?   	rtdal/generated/r-files/XML/R/saveXML	[no test files]
?   	rtdal/generated/r-files/XML/R/schema	[no test files]
?   	rtdal/generated/r-files/XML/R/serialize	[no test files]
?   	rtdal/generated/r-files/XML/R/simplifyPath	[no test files]
?   	rtdal/generated/r-files/XML/R/solrDocs	[no test files]
?   	rtdal/generated/r-files/XML/R/summary	[no test files]
?   	rtdal/generated/r-files/XML/R/tangle	[no test files]
?   	rtdal/generated/r-files/XML/R/tangle1	[no test files]
?   	rtdal/generated/r-files/XML/R/toString	[no test files]
?   	rtdal/generated/r-files/XML/R/tree	[no test files]
?   	rtdal/generated/r-files/XML/R/version	[no test files]
?   	rtdal/generated/r-files/XML/R/xincludes	[no test files]
?   	rtdal/generated/r-files/XML/R/xmlErrorEnums	[no test files]
?   	rtdal/generated/r-files/XML/R/xmlEventHandler	[no test files]
?   	rtdal/generated/r-files/XML/R/xmlEventParse	[no test files]
?   	rtdal/generated/r-files/XML/R/xmlHandler	[no test files]
?   	rtdal/generated/r-files/XML/R/xmlIncludes	[no test files]
?   	rtdal/generated/r-files/XML/R/xmlInternalSource	[no test files]
?   	rtdal/generated/r-files/XML/R/xmlMemoryMgmt	[no test files]
?   	rtdal/generated/r-files/XML/R/xmlNodes	[no test files]
?   	rtdal/generated/r-files/XML/R/xmlOutputBuffer	[no test files]
?   	rtdal/generated/r-files/XML/R/xmlOutputDOM	[no test files]
?   	rtdal/generated/r-files/XML/R/xmlRoot	[no test files]
?   	rtdal/generated/r-files/XML/R/xmlString	[no test files]
?   	rtdal/generated/r-files/XML/R/xmlToDataFrame	[no test files]
?   	rtdal/generated/r-files/XML/R/xmlTree	[no test files]
?   	rtdal/generated/r-files/XML/R/xmlTreeParse	[no test files]
?   	rtdal/generated/r-files/XML/R/zzz	[no test files]
?   	rtdal/generated/r-files/XML/inst/examples/CIS	[no test files]
?   	rtdal/generated/r-files/XML/inst/examples/DiGIR	[no test files]
?   	rtdal/generated/r-files/XML/inst/examples/HTMLText	[no test files]
?   	rtdal/generated/r-files/XML/inst/examples/SAXEntity	[no test files]
?   	rtdal/generated/r-files/XML/inst/examples/author	[no test files]
?   	rtdal/generated/r-files/XML/inst/examples/bondYields	[no test files]
?   	rtdal/generated/r-files/XML/inst/examples/bondsTables	[no test files]
?   	rtdal/generated/r-files/XML/inst/examples/catalog	[no test files]
?   	rtdal/generated/r-files/XML/inst/examples/connections	[no test files]
?   	rtdal/generated/r-files/XML/inst/examples/connections1	[no test files]
?   	rtdal/generated/r-files/XML/inst/examples/createTree	[no test files]
?   	rtdal/generated/r-files/XML/inst/examples/createTree1	[no test files]
?   	rtdal/generated/r-files/XML/inst/examples/dataFrameEvent	[no test files]
?   	rtdal/generated/r-files/XML/inst/examples/docbook	[no test files]
?   	rtdal/generated/r-files/XML/inst/examples/ecb	[no test files]
?   	rtdal/generated/r-files/XML/inst/examples/enhancedDataFrame	[no test files]
?   	rtdal/generated/r-files/XML/inst/examples/event	[no test files]
?   	rtdal/generated/r-files/XML/inst/examples/eventHandlers	[no test files]
?   	rtdal/generated/r-files/XML/inst/examples/faq	[no test files]
?   	rtdal/generated/r-files/XML/inst/examples/filterDataFrameEvent	[no test files]
?   	rtdal/generated/r-files/XML/inst/examples/genericHandlers	[no test files]
?   	rtdal/generated/r-files/XML/inst/examples/gnumericHandler	[no test files]
?   	rtdal/generated/r-files/XML/inst/examples/hashTree	[no test files]
?   	rtdal/generated/r-files/XML/inst/examples/itunes	[no test files]
?   	rtdal/generated/r-files/XML/inst/examples/itunesSax	[no test files]
?   	rtdal/generated/r-files/XML/inst/examples/itunesSax1	[no test files]
?   	rtdal/generated/r-files/XML/inst/examples/itunesSax2	[no test files]
?   	rtdal/generated/r-files/XML/inst/examples/mathml	[no test files]
?   	rtdal/generated/r-files/XML/inst/examples/mathmlPlot	[no test files]
?   	rtdal/generated/r-files/XML/inst/examples/metlin	[no test files]
?   	rtdal/generated/r-files/XML/inst/examples/mexico	[no test files]
?   	rtdal/generated/r-files/XML/inst/examples/mi1	[no test files]
?   	rtdal/generated/r-files/XML/inst/examples/modified_itunes_sax	[no test files]
?   	rtdal/generated/r-files/XML/inst/examples/newNodes	[no test files]
?   	rtdal/generated/r-files/XML/inst/examples/pmml	[no test files]
?   	rtdal/generated/r-files/XML/inst/examples/promptXML	[no test files]
?   	rtdal/generated/r-files/XML/inst/examples/redirection	[no test files]
?   	rtdal/generated/r-files/XML/inst/examples/svg	[no test files]
?   	rtdal/generated/r-files/XML/inst/examples/trademe_cars	[no test files]
?   	rtdal/generated/r-files/XML/inst/examples/valueFilterDataFrameEvent	[no test files]
?   	rtdal/generated/r-files/XML/inst/examples/wordML	[no test files]
?   	rtdal/generated/r-files/XML/inst/examples/xmlSource	[no test files]
?   	rtdal/generated/r-files/XML/inst/examples/xmlTree	[no test files]
?   	rtdal/generated/r-files/XML/inst/examples/xpath	[no test files]
?   	rtdal/generated/r-files/XML/tests/reg-tests	[no test files]
?   	rtdal/generated/r-files/abind/R/abind	[no test files]
?   	rtdal/generated/r-files/abind/R/acorn	[no test files]
?   	rtdal/generated/r-files/abind/R/adrop	[no test files]
?   	rtdal/generated/r-files/abind/R/afill	[no test files]
?   	rtdal/generated/r-files/abind/R/asub	[no test files]
?   	rtdal/generated/r-files/abind/tests/abind	[no test files]
?   	rtdal/generated/r-files/abind/tests/adrop	[no test files]
?   	rtdal/generated/r-files/abind/tests/afill	[no test files]
?   	rtdal/generated/r-files/abind/tests/asub	[no test files]
?   	rtdal/generated/r-files/abind/tests/dnns	[no test files]
?   	rtdal/generated/r-files/ape/R/CADM.global	[no test files]
?   	rtdal/generated/r-files/ape/R/CADM.post	[no test files]
?   	rtdal/generated/r-files/ape/R/CDF.birth.death	[no test files]
?   	rtdal/generated/r-files/ape/R/Cheverud	[no test files]
?   	rtdal/generated/r-files/ape/R/DNA	[no test files]
?   	rtdal/generated/r-files/ape/R/MPR	[no test files]
?   	rtdal/generated/r-files/ape/R/MoranI	[no test files]
?   	rtdal/generated/r-files/ape/R/PGLS	[no test files]
?   	rtdal/generated/r-files/ape/R/RcppExports	[no test files]
?   	rtdal/generated/r-files/ape/R/SDM	[no test files]
?   	rtdal/generated/r-files/ape/R/SlowinskiGuyer	[no test files]
?   	rtdal/generated/r-files/ape/R/ace	[no test files]
?   	rtdal/generated/r-files/ape/R/additive	[no test files]
?   	rtdal/generated/r-files/ape/R/alex	[no test files]
?   	rtdal/generated/r-files/ape/R/all.equal.phylo	[no test files]
?   	rtdal/generated/r-files/ape/R/apetools	[no test files]
?   	rtdal/generated/r-files/ape/R/as.bitsplits	[no test files]
?   	rtdal/generated/r-files/ape/R/as.matching	[no test files]
?   	rtdal/generated/r-files/ape/R/as.phylo	[no test files]
?   	rtdal/generated/r-files/ape/R/as.phylo.formula	[no test files]
?   	rtdal/generated/r-files/ape/R/balance	[no test files]
?   	rtdal/generated/r-files/ape/R/binaryPGLMM	[no test files]
?   	rtdal/generated/r-files/ape/R/bind.tree	[no test files]
?   	rtdal/generated/r-files/ape/R/biplot.pcoa	[no test files]
?   	rtdal/generated/r-files/ape/R/birthdeath	[no test files]
?   	rtdal/generated/r-files/ape/R/branching.times	[no test files]
?   	rtdal/generated/r-files/ape/R/checkValidPhylo	[no test files]
?   	rtdal/generated/r-files/ape/R/cherry	[no test files]
?   	rtdal/generated/r-files/ape/R/chronoMPL	[no test files]
?   	rtdal/generated/r-files/ape/R/chronopl	[no test files]
?   	rtdal/generated/r-files/ape/R/chronos	[no test files]
?   	rtdal/generated/r-files/ape/R/clustal	[no test files]
?   	rtdal/generated/r-files/ape/R/coalescent.intervals	[no test files]
?   	rtdal/generated/r-files/ape/R/collapse.singles	[no test files]
?   	rtdal/generated/r-files/ape/R/collapsed.intervals	[no test files]
?   	rtdal/generated/r-files/ape/R/compar.gee	[no test files]
?   	rtdal/generated/r-files/ape/R/compar.lynch	[no test files]
?   	rtdal/generated/r-files/ape/R/compar.ou	[no test files]
?   	rtdal/generated/r-files/ape/R/comparePhylo	[no test files]
?   	rtdal/generated/r-files/ape/R/compute.brtime	[no test files]
?   	rtdal/generated/r-files/ape/R/cophenetic.phylo	[no test files]
?   	rtdal/generated/r-files/ape/R/cophyloplot	[no test files]
?   	rtdal/generated/r-files/ape/R/corphylo	[no test files]
?   	rtdal/generated/r-files/ape/R/dbd	[no test files]
?   	rtdal/generated/r-files/ape/R/def	[no test files]
?   	rtdal/generated/r-files/ape/R/delta.plot	[no test files]
?   	rtdal/generated/r-files/ape/R/dist.gene	[no test files]
?   	rtdal/generated/r-files/ape/R/dist.topo	[no test files]
?   	rtdal/generated/r-files/ape/R/diversi.gof	[no test files]
?   	rtdal/generated/r-files/ape/R/diversi.time	[no test files]
?   	rtdal/generated/r-files/ape/R/drop.tip	[no test files]
?   	rtdal/generated/r-files/ape/R/evonet	[no test files]
?   	rtdal/generated/r-files/ape/R/ewLasso	[no test files]
?   	rtdal/generated/r-files/ape/R/extract.popsize	[no test files]
?   	rtdal/generated/r-files/ape/R/gammaStat	[no test files]
?   	rtdal/generated/r-files/ape/R/howmanytrees	[no test files]
?   	rtdal/generated/r-files/ape/R/identify.phylo	[no test files]
?   	rtdal/generated/r-files/ape/R/is.binary.tree	[no test files]
?   	rtdal/generated/r-files/ape/R/is.compatible	[no test files]
?   	rtdal/generated/r-files/ape/R/is.monophyletic	[no test files]
?   	rtdal/generated/r-files/ape/R/is.ultrametric	[no test files]
?   	rtdal/generated/r-files/ape/R/ladderize	[no test files]
?   	rtdal/generated/r-files/ape/R/lmorigin	[no test files]
?   	rtdal/generated/r-files/ape/R/ltt.plot	[no test files]
?   	rtdal/generated/r-files/ape/R/makeLabel	[no test files]
?   	rtdal/generated/r-files/ape/R/makeNodeLabel	[no test files]
?   	rtdal/generated/r-files/ape/R/mantel.test	[no test files]
?   	rtdal/generated/r-files/ape/R/matexpo	[no test files]
?   	rtdal/generated/r-files/ape/R/mcmc.popsize	[no test files]
?   	rtdal/generated/r-files/ape/R/me	[no test files]
?   	rtdal/generated/r-files/ape/R/mrca	[no test files]
?   	rtdal/generated/r-files/ape/R/mst	[no test files]
?   	rtdal/generated/r-files/ape/R/multi2di	[no test files]
?   	rtdal/generated/r-files/ape/R/mvr	[no test files]
?   	rtdal/generated/r-files/ape/R/nj	[no test files]
?   	rtdal/generated/r-files/ape/R/njs	[no test files]
?   	rtdal/generated/r-files/ape/R/node.dating	[no test files]
?   	rtdal/generated/r-files/ape/R/nodelabels	[no test files]
?   	rtdal/generated/r-files/ape/R/nodepath	[no test files]
?   	rtdal/generated/r-files/ape/R/parafit	[no test files]
?   	rtdal/generated/r-files/ape/R/pcoa	[no test files]
?   	rtdal/generated/r-files/ape/R/phydataplot	[no test files]
?   	rtdal/generated/r-files/ape/R/phymltest	[no test files]
?   	rtdal/generated/r-files/ape/R/pic	[no test files]
?   	rtdal/generated/r-files/ape/R/plot.phylo	[no test files]
?   	rtdal/generated/r-files/ape/R/plot.phyloExtra	[no test files]
?   	rtdal/generated/r-files/ape/R/plot.popsize	[no test files]
?   	rtdal/generated/r-files/ape/R/plotPhyloCoor	[no test files]
?   	rtdal/generated/r-files/ape/R/print.lmorigin	[no test files]
?   	rtdal/generated/r-files/ape/R/print.parafit	[no test files]
?   	rtdal/generated/r-files/ape/R/rTrait	[no test files]
?   	rtdal/generated/r-files/ape/R/read.GenBank	[no test files]
?   	rtdal/generated/r-files/ape/R/read.caic	[no test files]
?   	rtdal/generated/r-files/ape/R/read.dna	[no test files]
?   	rtdal/generated/r-files/ape/R/read.gff	[no test files]
?   	rtdal/generated/r-files/ape/R/read.nexus	[no test files]
?   	rtdal/generated/r-files/ape/R/read.nexus.data	[no test files]
?   	rtdal/generated/r-files/ape/R/read.tree	[no test files]
?   	rtdal/generated/r-files/ape/R/reconstruct	[no test files]
?   	rtdal/generated/r-files/ape/R/reorder.phylo	[no test files]
?   	rtdal/generated/r-files/ape/R/root	[no test files]
?   	rtdal/generated/r-files/ape/R/rotate	[no test files]
?   	rtdal/generated/r-files/ape/R/rtree	[no test files]
?   	rtdal/generated/r-files/ape/R/rtt	[no test files]
?   	rtdal/generated/r-files/ape/R/scales	[no test files]
?   	rtdal/generated/r-files/ape/R/skyline	[no test files]
?   	rtdal/generated/r-files/ape/R/skylineplot	[no test files]
?   	rtdal/generated/r-files/ape/R/speciesTree	[no test files]
?   	rtdal/generated/r-files/ape/R/subtreeplot	[no test files]
?   	rtdal/generated/r-files/ape/R/subtrees	[no test files]
?   	rtdal/generated/r-files/ape/R/summary.phylo	[no test files]
?   	rtdal/generated/r-files/ape/R/treePop	[no test files]
?   	rtdal/generated/r-files/ape/R/triangMtd	[no test files]
?   	rtdal/generated/r-files/ape/R/unique.multiPhylo	[no test files]
?   	rtdal/generated/r-files/ape/R/varcomp	[no test files]
?   	rtdal/generated/r-files/ape/R/vcv.phylo	[no test files]
?   	rtdal/generated/r-files/ape/R/vcv2phylo	[no test files]
?   	rtdal/generated/r-files/ape/R/which.edge	[no test files]
?   	rtdal/generated/r-files/ape/R/write.dna	[no test files]
?   	rtdal/generated/r-files/ape/R/write.nexus	[no test files]
?   	rtdal/generated/r-files/ape/R/write.nexus.data	[no test files]
?   	rtdal/generated/r-files/ape/R/write.phyloXML	[no test files]
?   	rtdal/generated/r-files/ape/R/write.tree	[no test files]
?   	rtdal/generated/r-files/ape/R/yule	[no test files]
?   	rtdal/generated/r-files/ape/R/yule.time	[no test files]
?   	rtdal/generated/r-files/ape/R/zoom	[no test files]
?   	rtdal/generated/r-files/ape/R/zzz	[no test files]
?   	rtdal/generated/r-files/ape/inst/doc/DrawingPhylogenies	[no test files]
?   	rtdal/generated/r-files/ape/inst/doc/MoranI	[no test files]
?   	rtdal/generated/r-files/ape/inst/doc/RandomTopologies	[no test files]
?   	rtdal/generated/r-files/askpass/R/askpass	[no test files]
?   	rtdal/generated/r-files/askpass/R/interactive	[no test files]
?   	rtdal/generated/r-files/askpass/R/onload	[no test files]
?   	rtdal/generated/r-files/askpass/R/ssh	[no test files]
?   	rtdal/generated/r-files/askpass/tests/testthat	[no test files]
?   	rtdal/generated/r-files/askpass/tests/testthat/test-option	[no test files]
?   	rtdal/generated/r-files/assertthat/R/assert-that	[no test files]
?   	rtdal/generated/r-files/assertthat/R/assertions	[no test files]
?   	rtdal/generated/r-files/assertthat/R/assertions-file	[no test files]
?   	rtdal/generated/r-files/assertthat/R/assertions-scalar	[no test files]
?   	rtdal/generated/r-files/assertthat/R/base	[no test files]
?   	rtdal/generated/r-files/assertthat/R/base-comparison	[no test files]
?   	rtdal/generated/r-files/assertthat/R/base-is	[no test files]
?   	rtdal/generated/r-files/assertthat/R/base-logical	[no test files]
?   	rtdal/generated/r-files/assertthat/R/base-misc	[no test files]
?   	rtdal/generated/r-files/assertthat/R/on-failure	[no test files]
?   	rtdal/generated/r-files/assertthat/R/utils	[no test files]
?   	rtdal/generated/r-files/assertthat/R/validate-that	[no test files]
?   	rtdal/generated/r-files/assertthat/tests/testthat	[no test files]
?   	rtdal/generated/r-files/assertthat/tests/testthat/test-assert-that	[no test files]
?   	rtdal/generated/r-files/assertthat/tests/testthat/test-assertions	[no test files]
?   	rtdal/generated/r-files/assertthat/tests/testthat/test-base	[no test files]
?   	rtdal/generated/r-files/assertthat/tests/testthat/test-base-comparison	[no test files]
?   	rtdal/generated/r-files/assertthat/tests/testthat/test-file	[no test files]
?   	rtdal/generated/r-files/assertthat/tests/testthat/test-on-failure	[no test files]
?   	rtdal/generated/r-files/assertthat/tests/testthat/test-scalar	[no test files]
?   	rtdal/generated/r-files/base64enc/R/URI	[no test files]
?   	rtdal/generated/r-files/base64enc/R/UTF8	[no test files]
?   	rtdal/generated/r-files/base64enc/R/base64	[no test files]
?   	rtdal/generated/r-files/base64enc/R/dataURI	[no test files]
?   	rtdal/generated/r-files/bit/R/attrutil	[no test files]
?   	rtdal/generated/r-files/bit/R/bit	[no test files]
?   	rtdal/generated/r-files/bit/R/bit-package	[no test files]
?   	rtdal/generated/r-files/bit/R/bitsort	[no test files]
?   	rtdal/generated/r-files/bit/R/chunkutil	[no test files]
?   	rtdal/generated/r-files/bit/R/clone	[no test files]
?   	rtdal/generated/r-files/bit/R/generics	[no test files]
?   	rtdal/generated/r-files/bit/R/integerutil	[no test files]
?   	rtdal/generated/r-files/bit/R/merge	[no test files]
?   	rtdal/generated/r-files/bit/R/rle	[no test files]
?   	rtdal/generated/r-files/bit/R/timeutil	[no test files]
?   	rtdal/generated/r-files/bit/R/zzz	[no test files]
?   	rtdal/generated/r-files/bit/inst/doc/bit-demo	[no test files]
?   	rtdal/generated/r-files/bit/inst/doc/bit-performance	[no test files]
?   	rtdal/generated/r-files/bit/inst/doc/bit-usage	[no test files]
?   	rtdal/generated/r-files/bit/tests/ff_tests	[no test files]
?   	rtdal/generated/r-files/bit/tests/testthat	[no test files]
?   	rtdal/generated/r-files/bit/tests/testthat/test-bit	[no test files]
?   	rtdal/generated/r-files/bit/tests/testthat/test-bitsort	[no test files]
?   	rtdal/generated/r-files/bit/tests/testthat/test-merge	[no test files]
?   	rtdal/generated/r-files/bit/tests/testthat/test-old-regtest	[no test files]
?   	rtdal/generated/r-files/bit/tests/testthat/test-rle	[no test files]
?   	rtdal/generated/r-files/bit64/R/bit64-package	[no test files]
?   	rtdal/generated/r-files/bit64/R/cache	[no test files]
?   	rtdal/generated/r-files/bit64/R/data	[no test files]
?   	rtdal/generated/r-files/bit64/R/hash64	[no test files]
?   	rtdal/generated/r-files/bit64/R/highlevel64	[no test files]
?   	rtdal/generated/r-files/bit64/R/integer64	[no test files]
?   	rtdal/generated/r-files/bit64/R/matrix64	[no test files]
?   	rtdal/generated/r-files/bit64/R/ops64	[no test files]
?   	rtdal/generated/r-files/bit64/R/patch64	[no test files]
?   	rtdal/generated/r-files/bit64/R/setops64	[no test files]
?   	rtdal/generated/r-files/bit64/R/sort64	[no test files]
?   	rtdal/generated/r-files/bit64/R/sortuse64	[no test files]
?   	rtdal/generated/r-files/bit64/R/zzz	[no test files]
?   	rtdal/generated/r-files/bit64/tests/testthat	[no test files]
?   	rtdal/generated/r-files/bit64/tests/testthat/helper	[no test files]
?   	rtdal/generated/r-files/bit64/tests/testthat/test-bit64-package	[no test files]
?   	rtdal/generated/r-files/bit64/tests/testthat/test-cache	[no test files]
?   	rtdal/generated/r-files/bit64/tests/testthat/test-hash64	[no test files]
?   	rtdal/generated/r-files/bit64/tests/testthat/test-highlevel64	[no test files]
?   	rtdal/generated/r-files/bit64/tests/testthat/test-integer64	[no test files]
?   	rtdal/generated/r-files/bit64/tests/testthat/test-matrix64	[no test files]
?   	rtdal/generated/r-files/bit64/tests/testthat/test-ops64	[no test files]
?   	rtdal/generated/r-files/bit64/tests/testthat/test-patch64	[no test files]
?   	rtdal/generated/r-files/bit64/tests/testthat/test-setops64	[no test files]
?   	rtdal/generated/r-files/bit64/tests/testthat/test-sort64	[no test files]
?   	rtdal/generated/r-files/bit64/tests/testthat/test-sortuse64	[no test files]
?   	rtdal/generated/r-files/bit64/tests/testthat/test-zzz	[no test files]
?   	rtdal/generated/r-files/boot/tests/parallel-censboot	[no test files]
?   	rtdal/generated/r-files/bslib/R/accordion	[no test files]
?   	rtdal/generated/r-files/bslib/R/breakpoints	[no test files]
?   	rtdal/generated/r-files/bslib/R/bs-current-theme	[no test files]
?   	rtdal/generated/r-files/bslib/R/bs-dependencies	[no test files]
?   	rtdal/generated/r-files/bslib/R/bs-global	[no test files]
?   	rtdal/generated/r-files/bslib/R/bs-remove	[no test files]
?   	rtdal/generated/r-files/bslib/R/bs-theme	[no test files]
?   	rtdal/generated/r-files/bslib/R/bs-theme-layers	[no test files]
?   	rtdal/generated/r-files/bslib/R/bs-theme-preset	[no test files]
?   	rtdal/generated/r-files/bslib/R/bs-theme-preset-bootswatch	[no test files]
?   	rtdal/generated/r-files/bslib/R/bs-theme-preset-brand	[no test files]
?   	rtdal/generated/r-files/bslib/R/bs-theme-preset-builtin	[no test files]
?   	rtdal/generated/r-files/bslib/R/bs-theme-preview	[no test files]
?   	rtdal/generated/r-files/bslib/R/bs-theme-update	[no test files]
?   	rtdal/generated/r-files/bslib/R/bslib-package	[no test files]
?   	rtdal/generated/r-files/bslib/R/buttons	[no test files]
?   	rtdal/generated/r-files/bslib/R/card	[no test files]
?   	rtdal/generated/r-files/bslib/R/deprecated	[no test files]
?   	rtdal/generated/r-files/bslib/R/files	[no test files]
?   	rtdal/generated/r-files/bslib/R/fill	[no test files]
?   	rtdal/generated/r-files/bslib/R/imports	[no test files]
?   	rtdal/generated/r-files/bslib/R/input-code-editor	[no test files]
?   	rtdal/generated/r-files/bslib/R/input-dark-mode	[no test files]
?   	rtdal/generated/r-files/bslib/R/input-submit	[no test files]
?   	rtdal/generated/r-files/bslib/R/input-switch	[no test files]
?   	rtdal/generated/r-files/bslib/R/layout	[no test files]
?   	rtdal/generated/r-files/bslib/R/nav-items	[no test files]
?   	rtdal/generated/r-files/bslib/R/nav-update	[no test files]
?   	rtdal/generated/r-files/bslib/R/navbar_options	[no test files]
?   	rtdal/generated/r-files/bslib/R/navs	[no test files]
?   	rtdal/generated/r-files/bslib/R/navs-legacy	[no test files]
?   	rtdal/generated/r-files/bslib/R/offcanvas	[no test files]
?   	rtdal/generated/r-files/bslib/R/onLoad	[no test files]
?   	rtdal/generated/r-files/bslib/R/page	[no test files]
?   	rtdal/generated/r-files/bslib/R/popover	[no test files]
?   	rtdal/generated/r-files/bslib/R/precompiled	[no test files]
?   	rtdal/generated/r-files/bslib/R/print	[no test files]
?   	rtdal/generated/r-files/bslib/R/shiny-devmode	[no test files]
?   	rtdal/generated/r-files/bslib/R/sidebar	[no test files]
?   	rtdal/generated/r-files/bslib/R/staticimports	[no test files]
?   	rtdal/generated/r-files/bslib/R/toast	[no test files]
?   	rtdal/generated/r-files/bslib/R/toolbar	[no test files]
?   	rtdal/generated/r-files/bslib/R/tooltip	[no test files]
?   	rtdal/generated/r-files/bslib/R/utils	[no test files]
?   	rtdal/generated/r-files/bslib/R/utils-deps	[no test files]
?   	rtdal/generated/r-files/bslib/R/utils-shiny	[no test files]
?   	rtdal/generated/r-files/bslib/R/utils-tags	[no test files]
?   	rtdal/generated/r-files/bslib/R/value-box	[no test files]
?   	rtdal/generated/r-files/bslib/R/version-default	[no test files]
?   	rtdal/generated/r-files/bslib/R/versions	[no test files]
?   	rtdal/generated/r-files/bslib/inst/examples-shiny/brand.yml/app	[no test files]
?   	rtdal/generated/r-files/bslib/inst/examples-shiny/brand.yml/deploy	[no test files]
?   	rtdal/generated/r-files/bslib/inst/examples-shiny/build-a-box/R/code_modal	[no test files]
?   	rtdal/generated/r-files/bslib/inst/examples-shiny/build-a-box/R/colors	[no test files]
?   	rtdal/generated/r-files/bslib/inst/examples-shiny/build-a-box/R/mod-global-controls	[no test files]
?   	rtdal/generated/r-files/bslib/inst/examples-shiny/build-a-box/R/mod-selextra	[no test files]
?   	rtdal/generated/r-files/bslib/inst/examples-shiny/build-a-box/R/mod-value-box-ui	[no test files]
?   	rtdal/generated/r-files/bslib/inst/examples-shiny/build-a-box/R/random_plot	[no test files]
?   	rtdal/generated/r-files/bslib/inst/examples-shiny/build-a-box/R/random_values	[no test files]
?   	rtdal/generated/r-files/bslib/inst/examples-shiny/build-a-box/R/shuffleButton	[no test files]
?   	rtdal/generated/r-files/bslib/inst/examples-shiny/build-a-box/app	[no test files]
?   	rtdal/generated/r-files/bslib/inst/examples-shiny/build-a-box/deploy	[no test files]
?   	rtdal/generated/r-files/bslib/inst/examples-shiny/card/app	[no test files]
?   	rtdal/generated/r-files/bslib/inst/examples-shiny/card/deploy	[no test files]
?   	rtdal/generated/r-files/bslib/inst/examples-shiny/code-editor/app	[no test files]
?   	rtdal/generated/r-files/bslib/inst/examples-shiny/code-editor/deploy	[no test files]
?   	rtdal/generated/r-files/bslib/inst/examples-shiny/code-editor/examples/r	[no test files]
?   	rtdal/generated/r-files/bslib/inst/examples-shiny/flights/app	[no test files]
?   	rtdal/generated/r-files/bslib/inst/examples-shiny/flights/deploy	[no test files]
?   	rtdal/generated/r-files/bslib/inst/examples-shiny/toast/app	[no test files]
?   	rtdal/generated/r-files/bslib/inst/examples-shiny/toolbar/app	[no test files]
?   	rtdal/generated/r-files/bslib/inst/examples-shiny/value_box/app	[no test files]
?   	rtdal/generated/r-files/bslib/inst/examples-shiny/value_box/deploy	[no test files]
?   	rtdal/generated/r-files/bslib/inst/themer-demo/R/tips	[no test files]
?   	rtdal/generated/r-files/bslib/inst/themer-demo/app	[no test files]
?   	rtdal/generated/r-files/bslib/inst/themer-demo/deploy	[no test files]
?   	rtdal/generated/r-files/bslib/inst/themer-demo/deploy/app	[no test files]
?   	rtdal/generated/r-files/bslib/inst/themer-demo/global	[no test files]
?   	rtdal/generated/r-files/bslib/tests/testthat	[no test files]
?   	rtdal/generated/r-files/bslib/tests/testthat/helper-cache	[no test files]
?   	rtdal/generated/r-files/bslib/tests/testthat/helper-css	[no test files]
?   	rtdal/generated/r-files/bslib/tests/testthat/helper-files	[no test files]
?   	rtdal/generated/r-files/bslib/tests/testthat/helper-fill	[no test files]
?   	rtdal/generated/r-files/bslib/tests/testthat/helper-html	[no test files]
?   	rtdal/generated/r-files/bslib/tests/testthat/helper-seed	[no test files]
?   	rtdal/generated/r-files/bslib/tests/testthat/test-bs-theme	[no test files]
?   	rtdal/generated/r-files/bslib/tests/testthat/test-bs-theme-preset	[no test files]
?   	rtdal/generated/r-files/bslib/tests/testthat/test-bs-theme-preset-bootswatch	[no test files]
?   	rtdal/generated/r-files/bslib/tests/testthat/test-bs-theme-preset-brand	[no test files]
?   	rtdal/generated/r-files/bslib/tests/testthat/test-bs-theme-preset-builtin	[no test files]
?   	rtdal/generated/r-files/bslib/tests/testthat/test-bs4-deps	[no test files]
?   	rtdal/generated/r-files/bslib/tests/testthat/test-card	[no test files]
?   	rtdal/generated/r-files/bslib/tests/testthat/test-fill	[no test files]
?   	rtdal/generated/r-files/bslib/tests/testthat/test-fonts	[no test files]
?   	rtdal/generated/r-files/bslib/tests/testthat/test-global	[no test files]
?   	rtdal/generated/r-files/bslib/tests/testthat/test-input-code-editor	[no test files]
?   	rtdal/generated/r-files/bslib/tests/testthat/test-input-submit	[no test files]
?   	rtdal/generated/r-files/bslib/tests/testthat/test-layout	[no test files]
?   	rtdal/generated/r-files/bslib/tests/testthat/test-navbar_options	[no test files]
?   	rtdal/generated/r-files/bslib/tests/testthat/test-navs-legacy	[no test files]
?   	rtdal/generated/r-files/bslib/tests/testthat/test-offcanvas	[no test files]
?   	rtdal/generated/r-files/bslib/tests/testthat/test-page	[no test files]
?   	rtdal/generated/r-files/bslib/tests/testthat/test-remove	[no test files]
?   	rtdal/generated/r-files/bslib/tests/testthat/test-rmd-skeletons	[no test files]
?   	rtdal/generated/r-files/bslib/tests/testthat/test-shiny-devmode	[no test files]
?   	rtdal/generated/r-files/bslib/tests/testthat/test-sidebar	[no test files]
?   	rtdal/generated/r-files/bslib/tests/testthat/test-theme-base-colors	[no test files]
?   	rtdal/generated/r-files/bslib/tests/testthat/test-theme-bootswatch	[no test files]
?   	rtdal/generated/r-files/bslib/tests/testthat/test-theme-update	[no test files]
?   	rtdal/generated/r-files/bslib/tests/testthat/test-theme-version	[no test files]
?   	rtdal/generated/r-files/bslib/tests/testthat/test-toast	[no test files]
?   	rtdal/generated/r-files/bslib/tests/testthat/test-toolbar	[no test files]
?   	rtdal/generated/r-files/bslib/tests/testthat/test-utils	[no test files]
?   	rtdal/generated/r-files/bslib/tests/testthat/test-value-box	[no test files]
?   	rtdal/generated/r-files/bslib/tests/testthat/test-zzz-bs	[no test files]
?   	rtdal/generated/r-files/bslib/tests/testthat/test-zzz-precompile	[no test files]
?   	rtdal/generated/r-files/bslib/tests/testthat/test-zzzz-bs-sass	[no test files]
?   	rtdal/generated/r-files/bslib/tools/bs3_theme_base_colors	[no test files]
?   	rtdal/generated/r-files/bslib/tools/build_ggsql_grammar	[no test files]
?   	rtdal/generated/r-files/bslib/tools/compile_component_sass	[no test files]
?   	rtdal/generated/r-files/bslib/tools/download_preset_fonts	[no test files]
?   	rtdal/generated/r-files/bslib/tools/expand_variables_article_template	[no test files]
?   	rtdal/generated/r-files/bslib/tools/main	[no test files]
?   	rtdal/generated/r-files/bslib/tools/update_gfont_info	[no test files]
?   	rtdal/generated/r-files/bslib/tools/yarn_install	[no test files]
?   	rtdal/generated/r-files/cachem/R/cache-disk	[no test files]
?   	rtdal/generated/r-files/cachem/R/cache-layered	[no test files]
?   	rtdal/generated/r-files/cachem/R/cache-mem	[no test files]
?   	rtdal/generated/r-files/cachem/R/cachem	[no test files]
?   	rtdal/generated/r-files/cachem/R/cachem-package	[no test files]
?   	rtdal/generated/r-files/cachem/R/reexports	[no test files]
?   	rtdal/generated/r-files/cachem/R/utils	[no test files]
?   	rtdal/generated/r-files/cachem/tests/testthat	[no test files]
?   	rtdal/generated/r-files/cachem/tests/testthat/helper-utils	[no test files]
?   	rtdal/generated/r-files/cachem/tests/testthat/test-cache-disk	[no test files]
?   	rtdal/generated/r-files/cachem/tests/testthat/test-cache-mem	[no test files]
?   	rtdal/generated/r-files/cachem/tests/testthat/test-utils	[no test files]
?   	rtdal/generated/r-files/callr/R/aaa-rstudio-detect	[no test files]
?   	rtdal/generated/r-files/callr/R/callr-package	[no test files]
?   	rtdal/generated/r-files/callr/R/check	[no test files]
?   	rtdal/generated/r-files/callr/R/error	[no test files]
?   	rtdal/generated/r-files/callr/R/eval	[no test files]
?   	rtdal/generated/r-files/callr/R/eval-bg	[no test files]
?   	rtdal/generated/r-files/callr/R/hook	[no test files]
?   	rtdal/generated/r-files/callr/R/load-client	[no test files]
?   	rtdal/generated/r-files/callr/R/options	[no test files]
?   	rtdal/generated/r-files/callr/R/package	[no test files]
?   	rtdal/generated/r-files/callr/R/presets	[no test files]
?   	rtdal/generated/r-files/callr/R/processx-forward	[no test files]
?   	rtdal/generated/r-files/callr/R/r-process	[no test files]
?   	rtdal/generated/r-files/callr/R/r-session	[no test files]
?   	rtdal/generated/r-files/callr/R/rcmd	[no test files]
?   	rtdal/generated/r-files/callr/R/rcmd-bg	[no test files]
?   	rtdal/generated/r-files/callr/R/rcmd-process	[no test files]
?   	rtdal/generated/r-files/callr/R/result	[no test files]
?   	rtdal/generated/r-files/callr/R/rscript	[no test files]
?   	rtdal/generated/r-files/callr/R/run	[no test files]
?   	rtdal/generated/r-files/callr/R/script	[no test files]
?   	rtdal/generated/r-files/callr/R/setup	[no test files]
?   	rtdal/generated/r-files/callr/R/standalone-errors	[no test files]
?   	rtdal/generated/r-files/callr/R/test-helpers	[no test files]
?   	rtdal/generated/r-files/callr/R/utils	[no test files]
?   	rtdal/generated/r-files/callr/R/x-client	[no test files]
?   	rtdal/generated/r-files/callr/man/roxygen/meta	[no test files]
?   	rtdal/generated/r-files/callr/tests/testthat	[no test files]
?   	rtdal/generated/r-files/callr/tests/testthat/fixtures/csomag/R/libpath	[no test files]
?   	rtdal/generated/r-files/callr/tests/testthat/fixtures/script	[no test files]
?   	rtdal/generated/r-files/callr/tests/testthat/fixtures/script2	[no test files]
?   	rtdal/generated/r-files/callr/tests/testthat/helper	[no test files]
?   	rtdal/generated/r-files/callr/tests/testthat/helper-mock	[no test files]
?   	rtdal/generated/r-files/callr/tests/testthat/test-archs	[no test files]
?   	rtdal/generated/r-files/callr/tests/testthat/test-bugs	[no test files]
?   	rtdal/generated/r-files/callr/tests/testthat/test-callback	[no test files]
?   	rtdal/generated/r-files/callr/tests/testthat/test-clean-subprocess	[no test files]
?   	rtdal/generated/r-files/callr/tests/testthat/test-error	[no test files]
?   	rtdal/generated/r-files/callr/tests/testthat/test-eval	[no test files]
?   	rtdal/generated/r-files/callr/tests/testthat/test-function-env	[no test files]
?   	rtdal/generated/r-files/callr/tests/testthat/test-hook	[no test files]
?   	rtdal/generated/r-files/callr/tests/testthat/test-libpath	[no test files]
?   	rtdal/generated/r-files/callr/tests/testthat/test-load-client	[no test files]
?   	rtdal/generated/r-files/callr/tests/testthat/test-messages	[no test files]
?   	rtdal/generated/r-files/callr/tests/testthat/test-options	[no test files]
?   	rtdal/generated/r-files/callr/tests/testthat/test-otel	[no test files]
?   	rtdal/generated/r-files/callr/tests/testthat/test-package	[no test files]
?   	rtdal/generated/r-files/callr/tests/testthat/test-presets	[no test files]
?   	rtdal/generated/r-files/callr/tests/testthat/test-quit	[no test files]
?   	rtdal/generated/r-files/callr/tests/testthat/test-r-bg	[no test files]
?   	rtdal/generated/r-files/callr/tests/testthat/test-r-process	[no test files]
?   	rtdal/generated/r-files/callr/tests/testthat/test-r-session	[no test files]
?   	rtdal/generated/r-files/callr/tests/testthat/test-r-session-messages	[no test files]
?   	rtdal/generated/r-files/callr/tests/testthat/test-rcmd	[no test files]
?   	rtdal/generated/r-files/callr/tests/testthat/test-rcmd-bg	[no test files]
?   	rtdal/generated/r-files/callr/tests/testthat/test-rcmd-process	[no test files]
?   	rtdal/generated/r-files/callr/tests/testthat/test-rscript	[no test files]
?   	rtdal/generated/r-files/callr/tests/testthat/test-spelling	[no test files]
?   	rtdal/generated/r-files/callr/tests/testthat/test-timeout	[no test files]
?   	rtdal/generated/r-files/callr/tests/testthat/test-utils	[no test files]
?   	rtdal/generated/r-files/class/R/SOM	[no test files]
?   	rtdal/generated/r-files/class/R/knn	[no test files]
?   	rtdal/generated/r-files/class/R/lvq	[no test files]
?   	rtdal/generated/r-files/class/R/multiedit	[no test files]
?   	rtdal/generated/r-files/class/R/zzz	[no test files]
?   	rtdal/generated/r-files/classInt/R/classInt	[no test files]
?   	rtdal/generated/r-files/classInt/R/classify-intervals	[no test files]
?   	rtdal/generated/r-files/classInt/R/logLik	[no test files]
?   	rtdal/generated/r-files/classInt/inst/doc/headtailsR	[no test files]
?   	rtdal/generated/r-files/classInt/inst/tinytest/test_box	[no test files]
?   	rtdal/generated/r-files/classInt/inst/tinytest/test_largeN	[no test files]
?   	rtdal/generated/r-files/classInt/inst/tinytest/test_quantile_probs	[no test files]
?   	rtdal/generated/r-files/classInt/tests/test_Unique	[no test files]
?   	rtdal/generated/r-files/classInt/tests/tinytest	[no test files]
?   	rtdal/generated/r-files/cli/R/aaa-utils	[no test files]
?   	rtdal/generated/r-files/cli/R/aab-rstudio-detect	[no test files]
?   	rtdal/generated/r-files/cli/R/ansi	[no test files]
?   	rtdal/generated/r-files/cli/R/ansi-hyperlink	[no test files]
?   	rtdal/generated/r-files/cli/R/ansi-palette	[no test files]
?   	rtdal/generated/r-files/cli/R/ansi-utils	[no test files]
?   	rtdal/generated/r-files/cli/R/ansiex	[no test files]
?   	rtdal/generated/r-files/cli/R/app	[no test files]
?   	rtdal/generated/r-files/cli/R/assertions	[no test files]
?   	rtdal/generated/r-files/cli/R/box-styles	[no test files]
?   	rtdal/generated/r-files/cli/R/boxes	[no test files]
?   	rtdal/generated/r-files/cli/R/bullets	[no test files]
?   	rtdal/generated/r-files/cli/R/cat	[no test files]
?   	rtdal/generated/r-files/cli/R/cli	[no test files]
?   	rtdal/generated/r-files/cli/R/cli-errors	[no test files]
?   	rtdal/generated/r-files/cli/R/cli-package	[no test files]
?   	rtdal/generated/r-files/cli/R/cliapp	[no test files]
?   	rtdal/generated/r-files/cli/R/cliapp-docs	[no test files]
?   	rtdal/generated/r-files/cli/R/containers	[no test files]
?   	rtdal/generated/r-files/cli/R/debug	[no test files]
?   	rtdal/generated/r-files/cli/R/defer	[no test files]
?   	rtdal/generated/r-files/cli/R/diff	[no test files]
?   	rtdal/generated/r-files/cli/R/docs	[no test files]
?   	rtdal/generated/r-files/cli/R/enc-utils	[no test files]
?   	rtdal/generated/r-files/cli/R/errors	[no test files]
?   	rtdal/generated/r-files/cli/R/format	[no test files]
?   	rtdal/generated/r-files/cli/R/format-conditions	[no test files]
?   	rtdal/generated/r-files/cli/R/friendly-type	[no test files]
?   	rtdal/generated/r-files/cli/R/glue	[no test files]
?   	rtdal/generated/r-files/cli/R/hash	[no test files]
?   	rtdal/generated/r-files/cli/R/inline	[no test files]
?   	rtdal/generated/r-files/cli/R/internals	[no test files]
?   	rtdal/generated/r-files/cli/R/keypress	[no test files]
?   	rtdal/generated/r-files/cli/R/lorem	[no test files]
?   	rtdal/generated/r-files/cli/R/mocks	[no test files]
?   	rtdal/generated/r-files/cli/R/num-ansi-colors	[no test files]
?   	rtdal/generated/r-files/cli/R/numbers	[no test files]
?   	rtdal/generated/r-files/cli/R/onload	[no test files]
?   	rtdal/generated/r-files/cli/R/pluralize	[no test files]
?   	rtdal/generated/r-files/cli/R/prettycode	[no test files]
?   	rtdal/generated/r-files/cli/R/print	[no test files]
?   	rtdal/generated/r-files/cli/R/progress-along	[no test files]
?   	rtdal/generated/r-files/cli/R/progress-bar	[no test files]
?   	rtdal/generated/r-files/cli/R/progress-c	[no test files]
?   	rtdal/generated/r-files/cli/R/progress-client	[no test files]
?   	rtdal/generated/r-files/cli/R/progress-server	[no test files]
?   	rtdal/generated/r-files/cli/R/progress-ticking	[no test files]
?   	rtdal/generated/r-files/cli/R/progress-utils	[no test files]
?   	rtdal/generated/r-files/cli/R/progress-variables	[no test files]
?   	rtdal/generated/r-files/cli/R/rematch2	[no test files]
?   	rtdal/generated/r-files/cli/R/rlang	[no test files]
?   	rtdal/generated/r-files/cli/R/ruler	[no test files]
?   	rtdal/generated/r-files/cli/R/rules	[no test files]
?   	rtdal/generated/r-files/cli/R/server	[no test files]
?   	rtdal/generated/r-files/cli/R/simple-theme	[no test files]
?   	rtdal/generated/r-files/cli/R/sitrep	[no test files]
?   	rtdal/generated/r-files/cli/R/sizes	[no test files]
?   	rtdal/generated/r-files/cli/R/spark	[no test files]
?   	rtdal/generated/r-files/cli/R/spinner	[no test files]
?   	rtdal/generated/r-files/cli/R/status-bar	[no test files]
?   	rtdal/generated/r-files/cli/R/symbol	[no test files]
?   	rtdal/generated/r-files/cli/R/test	[no test files]
?   	rtdal/generated/r-files/cli/R/themes	[no test files]
?   	rtdal/generated/r-files/cli/R/time	[no test files]
?   	rtdal/generated/r-files/cli/R/time-ago	[no test files]
?   	rtdal/generated/r-files/cli/R/timer	[no test files]
?   	rtdal/generated/r-files/cli/R/tree	[no test files]
?   	rtdal/generated/r-files/cli/R/tty	[no test files]
?   	rtdal/generated/r-files/cli/R/unicode	[no test files]
?   	rtdal/generated/r-files/cli/R/utf8	[no test files]
?   	rtdal/generated/r-files/cli/R/utils	[no test files]
?   	rtdal/generated/r-files/cli/R/vt	[no test files]
?   	rtdal/generated/r-files/cli/R/width	[no test files]
?   	rtdal/generated/r-files/cli/R/zzz	[no test files]
?   	rtdal/generated/r-files/cli/exec/news	[no test files]
?   	rtdal/generated/r-files/cli/exec/outdated	[no test files]
?   	rtdal/generated/r-files/cli/exec/search	[no test files]
?   	rtdal/generated/r-files/cli/exec/up	[no test files]
?   	rtdal/generated/r-files/cli/inst/examples/apps/news	[no test files]
?   	rtdal/generated/r-files/cli/inst/examples/apps/outdated	[no test files]
?   	rtdal/generated/r-files/cli/inst/examples/apps/search	[no test files]
?   	rtdal/generated/r-files/cli/inst/examples/apps/up	[no test files]
?   	rtdal/generated/r-files/cli/inst/shiny/along/app	[no test files]
?   	rtdal/generated/r-files/cli/inst/shiny/format/app	[no test files]
?   	rtdal/generated/r-files/cli/inst/shiny/nested/app	[no test files]
?   	rtdal/generated/r-files/cli/inst/shiny/output/app	[no test files]
?   	rtdal/generated/r-files/cli/inst/shiny/simple/app	[no test files]
?   	rtdal/generated/r-files/cli/man/roxygen/meta	[no test files]
?   	rtdal/generated/r-files/cli/tests/testthat	[no test files]
?   	rtdal/generated/r-files/cli/tests/testthat/helper	[no test files]
?   	rtdal/generated/r-files/cli/tests/testthat/progresstest/R/test	[no test files]
?   	rtdal/generated/r-files/cli/tests/testthat/progresstestcpp/R/cpp11	[no test files]
?   	rtdal/generated/r-files/cli/tests/testthat/progresstestcpp/R/testcpp	[no test files]
?   	rtdal/generated/r-files/cli/tests/testthat/setup	[no test files]
?   	rtdal/generated/r-files/cli/tests/testthat/test-alerts	[no test files]
?   	rtdal/generated/r-files/cli/tests/testthat/test-ansi	[no test files]
?   	rtdal/generated/r-files/cli/tests/testthat/test-ansi-combine	[no test files]
?   	rtdal/generated/r-files/cli/tests/testthat/test-ansi-html	[no test files]
?   	rtdal/generated/r-files/cli/tests/testthat/test-ansi-hyperlink	[no test files]
?   	rtdal/generated/r-files/cli/tests/testthat/test-ansi-make	[no test files]
?   	rtdal/generated/r-files/cli/tests/testthat/test-ansi-palette	[no test files]
?   	rtdal/generated/r-files/cli/tests/testthat/test-ansi-utils	[no test files]
?   	rtdal/generated/r-files/cli/tests/testthat/test-ansiex	[no test files]
?   	rtdal/generated/r-files/cli/tests/testthat/test-ansiex-2	[no test files]
?   	rtdal/generated/r-files/cli/tests/testthat/test-app	[no test files]
?   	rtdal/generated/r-files/cli/tests/testthat/test-assertions	[no test files]
?   	rtdal/generated/r-files/cli/tests/testthat/test-box-styles	[no test files]
?   	rtdal/generated/r-files/cli/tests/testthat/test-boxes	[no test files]
?   	rtdal/generated/r-files/cli/tests/testthat/test-bullets	[no test files]
?   	rtdal/generated/r-files/cli/tests/testthat/test-cat	[no test files]
?   	rtdal/generated/r-files/cli/tests/testthat/test-cat-helpers	[no test files]
?   	rtdal/generated/r-files/cli/tests/testthat/test-cliapp-output	[no test files]
?   	rtdal/generated/r-files/cli/tests/testthat/test-code	[no test files]
?   	rtdal/generated/r-files/cli/tests/testthat/test-collapsing	[no test files]
?   	rtdal/generated/r-files/cli/tests/testthat/test-console-width	[no test files]
?   	rtdal/generated/r-files/cli/tests/testthat/test-containers	[no test files]
?   	rtdal/generated/r-files/cli/tests/testthat/test-css	[no test files]
?   	rtdal/generated/r-files/cli/tests/testthat/test-custom-handler	[no test files]
?   	rtdal/generated/r-files/cli/tests/testthat/test-deep-lists	[no test files]
?   	rtdal/generated/r-files/cli/tests/testthat/test-defer	[no test files]
?   	rtdal/generated/r-files/cli/tests/testthat/test-diff	[no test files]
?   	rtdal/generated/r-files/cli/tests/testthat/test-format-conditions	[no test files]
?   	rtdal/generated/r-files/cli/tests/testthat/test-glue	[no test files]
?   	rtdal/generated/r-files/cli/tests/testthat/test-hash	[no test files]
?   	rtdal/generated/r-files/cli/tests/testthat/test-headers	[no test files]
?   	rtdal/generated/r-files/cli/tests/testthat/test-inline	[no test files]
?   	rtdal/generated/r-files/cli/tests/testthat/test-inline-2	[no test files]
?   	rtdal/generated/r-files/cli/tests/testthat/test-keypress	[no test files]
?   	rtdal/generated/r-files/cli/tests/testthat/test-links	[no test files]
?   	rtdal/generated/r-files/cli/tests/testthat/test-lists	[no test files]
?   	rtdal/generated/r-files/cli/tests/testthat/test-meta	[no test files]
?   	rtdal/generated/r-files/cli/tests/testthat/test-non-breaking-space	[no test files]
?   	rtdal/generated/r-files/cli/tests/testthat/test-num-ansi-colors	[no test files]
?   	rtdal/generated/r-files/cli/tests/testthat/test-package	[no test files]
?   	rtdal/generated/r-files/cli/tests/testthat/test-pluralization	[no test files]
?   	rtdal/generated/r-files/cli/tests/testthat/test-prettycode	[no test files]
?   	rtdal/generated/r-files/cli/tests/testthat/test-progress-along	[no test files]
?   	rtdal/generated/r-files/cli/tests/testthat/test-progress-bar	[no test files]
?   	rtdal/generated/r-files/cli/tests/testthat/test-progress-c	[no test files]
?   	rtdal/generated/r-files/cli/tests/testthat/test-progress-client	[no test files]
?   	rtdal/generated/r-files/cli/tests/testthat/test-progress-handler-logger	[no test files]
?   	rtdal/generated/r-files/cli/tests/testthat/test-progress-handler-say	[no test files]
?   	rtdal/generated/r-files/cli/tests/testthat/test-progress-handlers	[no test files]
?   	rtdal/generated/r-files/cli/tests/testthat/test-progress-message	[no test files]
?   	rtdal/generated/r-files/cli/tests/testthat/test-progress-ticking	[no test files]
?   	rtdal/generated/r-files/cli/tests/testthat/test-progress-types	[no test files]
?   	rtdal/generated/r-files/cli/tests/testthat/test-progress-utils	[no test files]
?   	rtdal/generated/r-files/cli/tests/testthat/test-progress-variables	[no test files]
?   	rtdal/generated/r-files/cli/tests/testthat/test-rlang-errors	[no test files]
?   	rtdal/generated/r-files/cli/tests/testthat/test-rules	[no test files]
?   	rtdal/generated/r-files/cli/tests/testthat/test-sitrep	[no test files]
?   	rtdal/generated/r-files/cli/tests/testthat/test-spark	[no test files]
?   	rtdal/generated/r-files/cli/tests/testthat/test-spinners	[no test files]
?   	rtdal/generated/r-files/cli/tests/testthat/test-status-bar	[no test files]
?   	rtdal/generated/r-files/cli/tests/testthat/test-subprocess	[no test files]
?   	rtdal/generated/r-files/cli/tests/testthat/test-substitution	[no test files]
?   	rtdal/generated/r-files/cli/tests/testthat/test-suppress	[no test files]
?   	rtdal/generated/r-files/cli/tests/testthat/test-text	[no test files]
?   	rtdal/generated/r-files/cli/tests/testthat/test-themes	[no test files]
?   	rtdal/generated/r-files/cli/tests/testthat/test-timer	[no test files]
?   	rtdal/generated/r-files/cli/tests/testthat/test-tree	[no test files]
?   	rtdal/generated/r-files/cli/tests/testthat/test-type	[no test files]
?   	rtdal/generated/r-files/cli/tests/testthat/test-utf8	[no test files]
?   	rtdal/generated/r-files/cli/tests/testthat/test-utils	[no test files]
?   	rtdal/generated/r-files/cli/tests/testthat/test-verbatim	[no test files]
?   	rtdal/generated/r-files/cli/tests/testthat/test-vt	[no test files]
?   	rtdal/generated/r-files/cli/tools/get-rstudio-themes	[no test files]
?   	rtdal/generated/r-files/cli/tools/parse-iterm	[no test files]
?   	rtdal/generated/r-files/cli/tools/spinners	[no test files]
?   	rtdal/generated/r-files/cli/tools/unicode	[no test files]
?   	rtdal/generated/r-files/cluster/R/0aaa	[no test files]
?   	rtdal/generated/r-files/cluster/R/clusGap	[no test files]
?   	rtdal/generated/r-files/cluster/R/clusGapGen	[no test files]
?   	rtdal/generated/r-files/cluster/R/coef	[no test files]
?   	rtdal/generated/r-files/cluster/R/ellipsoidhull	[no test files]
?   	rtdal/generated/r-files/cluster/R/internal	[no test files]
?   	rtdal/generated/r-files/cluster/R/medoids	[no test files]
?   	rtdal/generated/r-files/cluster/R/silhouette	[no test files]
?   	rtdal/generated/r-files/cluster/R/zzz	[no test files]
?   	rtdal/generated/r-files/cluster/data/flower	[no test files]
?   	rtdal/generated/r-files/cluster/inst/test-tools	[no test files]
?   	rtdal/generated/r-files/cluster/tests/agnes-ex	[no test files]
?   	rtdal/generated/r-files/cluster/tests/clara	[no test files]
?   	rtdal/generated/r-files/cluster/tests/clara-NAs	[no test files]
?   	rtdal/generated/r-files/cluster/tests/clara-ex	[no test files]
?   	rtdal/generated/r-files/cluster/tests/clara-gower	[no test files]
?   	rtdal/generated/r-files/cluster/tests/clusplot-out	[no test files]
?   	rtdal/generated/r-files/cluster/tests/daisy-ex	[no test files]
?   	rtdal/generated/r-files/cluster/tests/diana-boots	[no test files]
?   	rtdal/generated/r-files/cluster/tests/diana-ex	[no test files]
?   	rtdal/generated/r-files/cluster/tests/ellipsoid-ex	[no test files]
?   	rtdal/generated/r-files/cluster/tests/fanny-ex	[no test files]
?   	rtdal/generated/r-files/cluster/tests/mona	[no test files]
?   	rtdal/generated/r-files/cluster/tests/pam	[no test files]
?   	rtdal/generated/r-files/cluster/tests/silhouette-default	[no test files]
?   	rtdal/generated/r-files/cluster/tests/sweep-ex	[no test files]
?   	rtdal/generated/r-files/codetools/R/codetools	[no test files]
?   	rtdal/generated/r-files/codetools/tests/tests	[no test files]
?   	rtdal/generated/r-files/colorspace/R/USSouthPolygon	[no test files]
?   	rtdal/generated/r-files/colorspace/R/adjust_hcl	[no test files]
?   	rtdal/generated/r-files/colorspace/R/adjust_transparency	[no test files]
?   	rtdal/generated/r-files/colorspace/R/choose_palette	[no test files]
?   	rtdal/generated/r-files/colorspace/R/colorspace	[no test files]
?   	rtdal/generated/r-files/colorspace/R/contrast_ratio	[no test files]
?   	rtdal/generated/r-files/colorspace/R/cvd	[no test files]
?   	rtdal/generated/r-files/colorspace/R/cvd_image	[no test files]
?   	rtdal/generated/r-files/colorspace/R/demoplot	[no test files]
?   	rtdal/generated/r-files/colorspace/R/desaturate	[no test files]
?   	rtdal/generated/r-files/colorspace/R/divergingx_hcl	[no test files]
?   	rtdal/generated/r-files/colorspace/R/hcl_color_picker	[no test files]
?   	rtdal/generated/r-files/colorspace/R/hcl_palettes	[no test files]
?   	rtdal/generated/r-files/colorspace/R/hclplot	[no test files]
?   	rtdal/generated/r-files/colorspace/R/lighten	[no test files]
?   	rtdal/generated/r-files/colorspace/R/max_chroma	[no test files]
?   	rtdal/generated/r-files/colorspace/R/rainbow_hcl	[no test files]
?   	rtdal/generated/r-files/colorspace/R/rescaler	[no test files]
?   	rtdal/generated/r-files/colorspace/R/scale_diverging	[no test files]
?   	rtdal/generated/r-files/colorspace/R/scale_divergingx	[no test files]
?   	rtdal/generated/r-files/colorspace/R/scale_qualitative	[no test files]
?   	rtdal/generated/r-files/colorspace/R/scale_sequential	[no test files]
?   	rtdal/generated/r-files/colorspace/R/simulate_cvd	[no test files]
?   	rtdal/generated/r-files/colorspace/R/specplot	[no test files]
?   	rtdal/generated/r-files/colorspace/R/swatchplot	[no test files]
?   	rtdal/generated/r-files/colorspace/demo/brewer	[no test files]
?   	rtdal/generated/r-files/colorspace/demo/carto	[no test files]
?   	rtdal/generated/r-files/colorspace/demo/scico	[no test files]
?   	rtdal/generated/r-files/colorspace/demo/viridis	[no test files]
?   	rtdal/generated/r-files/colorspace/inst/cvdemulator/prepareStaticContent	[no test files]
?   	rtdal/generated/r-files/colorspace/inst/cvdemulator/server	[no test files]
?   	rtdal/generated/r-files/colorspace/inst/cvdemulator/ui	[no test files]
?   	rtdal/generated/r-files/colorspace/inst/doc/colorspace	[no test files]
?   	rtdal/generated/r-files/colorspace/inst/doc/hcl-colors	[no test files]
?   	rtdal/generated/r-files/colorspace/inst/hclcolorpicker/prepareStaticContent	[no test files]
?   	rtdal/generated/r-files/colorspace/inst/hclcolorpicker/server	[no test files]
?   	rtdal/generated/r-files/colorspace/inst/hclcolorpicker/ui	[no test files]
?   	rtdal/generated/r-files/colorspace/inst/hclwizard/prepareStaticContent	[no test files]
?   	rtdal/generated/r-files/colorspace/inst/hclwizard/server	[no test files]
?   	rtdal/generated/r-files/colorspace/inst/hclwizard/ui	[no test files]
?   	rtdal/generated/r-files/colorspace/tests/cvd	[no test files]
?   	rtdal/generated/r-files/colorspace/tests/palettes	[no test files]
?   	rtdal/generated/r-files/cols4all/R/attach_bib	[no test files]
?   	rtdal/generated/r-files/cols4all/R/c4a	[no test files]
?   	rtdal/generated/r-files/cols4all/R/c4a_citation	[no test files]
?   	rtdal/generated/r-files/cols4all/R/c4a_data	[no test files]
?   	rtdal/generated/r-files/cols4all/R/c4a_default_contrast	[no test files]
?   	rtdal/generated/r-files/cols4all/R/c4a_gui	[no test files]
?   	rtdal/generated/r-files/cols4all/R/c4a_modify	[no test files]
?   	rtdal/generated/r-files/cols4all/R/c4a_name_convert	[no test files]
?   	rtdal/generated/r-files/cols4all/R/c4a_options	[no test files]
?   	rtdal/generated/r-files/cols4all/R/c4a_palettes	[no test files]
?   	rtdal/generated/r-files/cols4all/R/c4a_plot	[no test files]
?   	rtdal/generated/r-files/cols4all/R/c4a_plot_CL	[no test files]
?   	rtdal/generated/r-files/cols4all/R/c4a_plot_CR	[no test files]
?   	rtdal/generated/r-files/cols4all/R/c4a_plot_Plus_Reversed	[no test files]
?   	rtdal/generated/r-files/cols4all/R/c4a_plot_X_matrix	[no test files]
?   	rtdal/generated/r-files/cols4all/R/c4a_plot_bars	[no test files]
?   	rtdal/generated/r-files/cols4all/R/c4a_plot_confusion_lines	[no test files]
?   	rtdal/generated/r-files/cols4all/R/c4a_plot_fair	[no test files]
?   	rtdal/generated/r-files/cols4all/R/c4a_plot_hcl_space	[no test files]
?   	rtdal/generated/r-files/cols4all/R/c4a_plot_hues	[no test files]
?   	rtdal/generated/r-files/cols4all/R/c4a_plot_map	[no test files]
?   	rtdal/generated/r-files/cols4all/R/c4a_plot_names	[no test files]
?   	rtdal/generated/r-files/cols4all/R/c4a_plot_scatter	[no test files]
?   	rtdal/generated/r-files/cols4all/R/c4a_plot_text	[no test files]
?   	rtdal/generated/r-files/cols4all/R/c4a_scores	[no test files]
?   	rtdal/generated/r-files/cols4all/R/c4a_sysdata_import	[no test files]
?   	rtdal/generated/r-files/cols4all/R/c4a_table	[no test files]
?   	rtdal/generated/r-files/cols4all/R/check_pals	[no test files]
?   	rtdal/generated/r-files/cols4all/R/create_biv_palette	[no test files]
?   	rtdal/generated/r-files/cols4all/R/get_pal_n	[no test files]
?   	rtdal/generated/r-files/cols4all/R/get_z_n	[no test files]
?   	rtdal/generated/r-files/cols4all/R/ggplot2	[no test files]
?   	rtdal/generated/r-files/cols4all/R/naming	[no test files]
?   	rtdal/generated/r-files/cols4all/R/onLoad	[no test files]
?   	rtdal/generated/r-files/cols4all/R/palette_dist_bg	[no test files]
?   	rtdal/generated/r-files/cols4all/R/plot	[no test files]
?   	rtdal/generated/r-files/cols4all/R/process_palette	[no test files]
?   	rtdal/generated/r-files/cols4all/R/series_add_get_scores	[no test files]
?   	rtdal/generated/r-files/cols4all/R/show_attach_scores	[no test files]
?   	rtdal/generated/r-files/cols4all/R/validate_colors	[no test files]
?   	rtdal/generated/r-files/constrainedKriging/R/AAA	[no test files]
?   	rtdal/generated/r-files/constrainedKriging/R/Class-preCKrigePoints	[no test files]
?   	rtdal/generated/r-files/constrainedKriging/R/Class-preCKrigePolygons	[no test files]
?   	rtdal/generated/r-files/constrainedKriging/R/ck.colors	[no test files]
?   	rtdal/generated/r-files/constrainedKriging/R/covmodlist	[no test files]
?   	rtdal/generated/r-files/constrainedKriging/R/f.CorrelationFct	[no test files]
?   	rtdal/generated/r-files/constrainedKriging/R/f.bb.cov.one.configuration	[no test files]
?   	rtdal/generated/r-files/constrainedKriging/R/f.bbox.information.sfc	[no test files]
?   	rtdal/generated/r-files/constrainedKriging/R/f.build.pixel.sfc	[no test files]
?   	rtdal/generated/r-files/constrainedKriging/R/f.calc.P	[no test files]
?   	rtdal/generated/r-files/constrainedKriging/R/f.calc.Q	[no test files]
?   	rtdal/generated/r-files/constrainedKriging/R/f.covmat.support	[no test files]
?   	rtdal/generated/r-files/constrainedKriging/R/f.kriging.functions	[no test files]
?   	rtdal/generated/r-files/constrainedKriging/R/f.kriging.method	[no test files]
?   	rtdal/generated/r-files/constrainedKriging/R/f.pixconfig.sfc	[no test files]
?   	rtdal/generated/r-files/constrainedKriging/R/f.pixelcovmat	[no test files]
?   	rtdal/generated/r-files/constrainedKriging/R/f.pixelgrid.sfc	[no test files]
?   	rtdal/generated/r-files/constrainedKriging/R/f.point.block.cov	[no test files]
?   	rtdal/generated/r-files/constrainedKriging/R/f.point.rec.covmat	[no test files]
?   	rtdal/generated/r-files/constrainedKriging/R/f.points.CKrige	[no test files]
?   	rtdal/generated/r-files/constrainedKriging/R/f.points.preCKrige	[no test files]
?   	rtdal/generated/r-files/constrainedKriging/R/f.polygoncovmat	[no test files]
?   	rtdal/generated/r-files/constrainedKriging/R/f.polygons.CKrige	[no test files]
?   	rtdal/generated/r-files/constrainedKriging/R/f.polygons.preCKrige	[no test files]
?   	rtdal/generated/r-files/constrainedKriging/R/f.pp.cov	[no test files]
?   	rtdal/generated/r-files/constrainedKriging/R/f.preCKrige.check.and.test	[no test files]
?   	rtdal/generated/r-files/constrainedKriging/R/f.row.dist	[no test files]
?   	rtdal/generated/r-files/constrainedKriging/R/methods_CKrige	[no test files]
?   	rtdal/generated/r-files/constrainedKriging/R/methods_preCKrige	[no test files]
?   	rtdal/generated/r-files/constrainedKriging/R/methods_show_summary	[no test files]
?   	rtdal/generated/r-files/constrainedKriging/R/plot.preCKrigePolygons	[no test files]
?   	rtdal/generated/r-files/coro/R/aaa	[no test files]
?   	rtdal/generated/r-files/coro/R/async	[no test files]
?   	rtdal/generated/r-files/coro/R/coro-package	[no test files]
?   	rtdal/generated/r-files/coro/R/generator	[no test files]
?   	rtdal/generated/r-files/coro/R/iterator	[no test files]
?   	rtdal/generated/r-files/coro/R/iterator-adapt	[no test files]
?   	rtdal/generated/r-files/coro/R/iterator-collect	[no test files]
?   	rtdal/generated/r-files/coro/R/parser	[no test files]
?   	rtdal/generated/r-files/coro/R/step	[no test files]
?   	rtdal/generated/r-files/coro/R/step-builder	[no test files]
?   	rtdal/generated/r-files/coro/R/step-reduce	[no test files]
?   	rtdal/generated/r-files/coro/R/utils	[no test files]
?   	rtdal/generated/r-files/coro/R/utils-node	[no test files]
?   	rtdal/generated/r-files/coro/R/utils-parser	[no test files]
?   	rtdal/generated/r-files/coro/R/utils-promises	[no test files]
?   	rtdal/generated/r-files/coro/R/utils-vector	[no test files]
?   	rtdal/generated/r-files/coro/inst/doc/generator	[no test files]
?   	rtdal/generated/r-files/coro/tests/testthat	[no test files]
?   	rtdal/generated/r-files/coro/tests/testthat/helper-async	[no test files]
?   	rtdal/generated/r-files/coro/tests/testthat/helper-flowery	[no test files]
?   	rtdal/generated/r-files/coro/tests/testthat/helper-parser	[no test files]
?   	rtdal/generated/r-files/coro/tests/testthat/test-async	[no test files]
?   	rtdal/generated/r-files/coro/tests/testthat/test-generator	[no test files]
?   	rtdal/generated/r-files/coro/tests/testthat/test-iterator	[no test files]
?   	rtdal/generated/r-files/coro/tests/testthat/test-iterator-adapt	[no test files]
?   	rtdal/generated/r-files/coro/tests/testthat/test-iterator-for	[no test files]
?   	rtdal/generated/r-files/coro/tests/testthat/test-parser	[no test files]
?   	rtdal/generated/r-files/coro/tests/testthat/test-parser-block	[no test files]
?   	rtdal/generated/r-files/coro/tests/testthat/test-parser-if	[no test files]
?   	rtdal/generated/r-files/coro/tests/testthat/test-parser-loop	[no test files]
?   	rtdal/generated/r-files/coro/tests/testthat/test-step	[no test files]
?   	rtdal/generated/r-files/coro/tests/testthat/test-step-reduce	[no test files]
?   	rtdal/generated/r-files/cpp11/R/cpp11-package	[no test files]
?   	rtdal/generated/r-files/cpp11/R/knitr	[no test files]
?   	rtdal/generated/r-files/cpp11/R/register	[no test files]
?   	rtdal/generated/r-files/cpp11/R/source	[no test files]
?   	rtdal/generated/r-files/cpp11/R/utils	[no test files]
?   	rtdal/generated/r-files/cpp11/R/vendor	[no test files]
?   	rtdal/generated/r-files/cpp11/R/zzz	[no test files]
?   	rtdal/generated/r-files/cpp11/inst/doc/FAQ	[no test files]
?   	rtdal/generated/r-files/cpp11/inst/doc/converting	[no test files]
?   	rtdal/generated/r-files/cpp11/inst/doc/cpp11	[no test files]
?   	rtdal/generated/r-files/cpp11/inst/doc/internals	[no test files]
?   	rtdal/generated/r-files/cpp11/inst/doc/motivations	[no test files]
?   	rtdal/generated/r-files/cpp11/tests/testthat	[no test files]
?   	rtdal/generated/r-files/cpp11/tests/testthat/helper	[no test files]
?   	rtdal/generated/r-files/cpp11/tests/testthat/test-knitr	[no test files]
?   	rtdal/generated/r-files/cpp11/tests/testthat/test-register	[no test files]
?   	rtdal/generated/r-files/cpp11/tests/testthat/test-source	[no test files]
?   	rtdal/generated/r-files/cpp11/tests/testthat/test-utils	[no test files]
?   	rtdal/generated/r-files/cpp11/tests/testthat/test-vendor	[no test files]
?   	rtdal/generated/r-files/crayon/R/aaa-rstudio-detect	[no test files]
?   	rtdal/generated/r-files/crayon/R/aaaa-rematch2	[no test files]
?   	rtdal/generated/r-files/crayon/R/aab-num-ansi-colors	[no test files]
?   	rtdal/generated/r-files/crayon/R/aac-num-ansi-colors	[no test files]
?   	rtdal/generated/r-files/crayon/R/ansi-256	[no test files]
?   	rtdal/generated/r-files/crayon/R/ansi-palette	[no test files]
?   	rtdal/generated/r-files/crayon/R/combine	[no test files]
?   	rtdal/generated/r-files/crayon/R/crayon-package	[no test files]
?   	rtdal/generated/r-files/crayon/R/disposable	[no test files]
?   	rtdal/generated/r-files/crayon/R/enc-utils	[no test files]
?   	rtdal/generated/r-files/crayon/R/has_ansi	[no test files]
?   	rtdal/generated/r-files/crayon/R/has_color	[no test files]
?   	rtdal/generated/r-files/crayon/R/link	[no test files]
?   	rtdal/generated/r-files/crayon/R/machinery	[no test files]
?   	rtdal/generated/r-files/crayon/R/parts	[no test files]
?   	rtdal/generated/r-files/crayon/R/print	[no test files]
?   	rtdal/generated/r-files/crayon/R/show	[no test files]
?   	rtdal/generated/r-files/crayon/R/string	[no test files]
?   	rtdal/generated/r-files/crayon/R/string_operations	[no test files]
?   	rtdal/generated/r-files/crayon/R/style-var	[no test files]
?   	rtdal/generated/r-files/crayon/R/styles	[no test files]
?   	rtdal/generated/r-files/crayon/R/utils	[no test files]
?   	rtdal/generated/r-files/crayon/tests/testthat	[no test files]
?   	rtdal/generated/r-files/crayon/tests/testthat/helper	[no test files]
?   	rtdal/generated/r-files/crayon/tests/testthat/test-ansi256	[no test files]
?   	rtdal/generated/r-files/crayon/tests/testthat/test-color	[no test files]
?   	rtdal/generated/r-files/crayon/tests/testthat/test-combine	[no test files]
?   	rtdal/generated/r-files/crayon/tests/testthat/test-has-style	[no test files]
?   	rtdal/generated/r-files/crayon/tests/testthat/test-hyperlink	[no test files]
?   	rtdal/generated/r-files/crayon/tests/testthat/test-make-style	[no test files]
?   	rtdal/generated/r-files/crayon/tests/testthat/test-operations	[no test files]
?   	rtdal/generated/r-files/crayon/tests/testthat/test-style-var	[no test files]
?   	rtdal/generated/r-files/crayon/tests/testthat/test-styles	[no test files]
?   	rtdal/generated/r-files/crayon/tests/testthat/test-utils	[no test files]
?   	rtdal/generated/r-files/crayon/tests/testthat/test-vectors	[no test files]
?   	rtdal/generated/r-files/crosstalk/R/controls	[no test files]
?   	rtdal/generated/r-files/crosstalk/R/crosstalk	[no test files]
?   	rtdal/generated/r-files/crosstalk/R/ggplot2	[no test files]
?   	rtdal/generated/r-files/crosstalk/R/shiny-shims	[no test files]
?   	rtdal/generated/r-files/crosstalk/R/staticimports	[no test files]
?   	rtdal/generated/r-files/crosstalk/tests/testthat	[no test files]
?   	rtdal/generated/r-files/crosstalk/tests/testthat/test-built.css	[no test files]
?   	rtdal/generated/r-files/crosstalk/tests/testthat/test-crosstalk	[no test files]
?   	rtdal/generated/r-files/curl/R/curl	[no test files]
?   	rtdal/generated/r-files/curl/R/download	[no test files]
?   	rtdal/generated/r-files/curl/R/echo	[no test files]
?   	rtdal/generated/r-files/curl/R/email	[no test files]
?   	rtdal/generated/r-files/curl/R/errcodes	[no test files]
?   	rtdal/generated/r-files/curl/R/escape	[no test files]
?   	rtdal/generated/r-files/curl/R/fetch	[no test files]
?   	rtdal/generated/r-files/curl/R/form	[no test files]
?   	rtdal/generated/r-files/curl/R/handle	[no test files]
?   	rtdal/generated/r-files/curl/R/multi	[no test files]
?   	rtdal/generated/r-files/curl/R/multi_download	[no test files]
?   	rtdal/generated/r-files/curl/R/nslookup	[no test files]
?   	rtdal/generated/r-files/curl/R/onload	[no test files]
?   	rtdal/generated/r-files/curl/R/options	[no test files]
?   	rtdal/generated/r-files/curl/R/parse_headers	[no test files]
?   	rtdal/generated/r-files/curl/R/parser	[no test files]
?   	rtdal/generated/r-files/curl/R/proxy	[no test files]
?   	rtdal/generated/r-files/curl/R/upload	[no test files]
?   	rtdal/generated/r-files/curl/R/utilities	[no test files]
?   	rtdal/generated/r-files/curl/R/writer	[no test files]
?   	rtdal/generated/r-files/curl/inst/doc/intro	[no test files]
?   	rtdal/generated/r-files/curl/inst/doc/windows	[no test files]
?   	rtdal/generated/r-files/curl/tests/spelling	[no test files]
?   	rtdal/generated/r-files/curl/tests/testthat	[no test files]
?   	rtdal/generated/r-files/curl/tests/testthat/helper-version	[no test files]
?   	rtdal/generated/r-files/curl/tests/testthat/test-auth	[no test files]
?   	rtdal/generated/r-files/curl/tests/testthat/test-blockopen	[no test files]
?   	rtdal/generated/r-files/curl/tests/testthat/test-certificates	[no test files]
?   	rtdal/generated/r-files/curl/tests/testthat/test-connection	[no test files]
?   	rtdal/generated/r-files/curl/tests/testthat/test-cookies	[no test files]
?   	rtdal/generated/r-files/curl/tests/testthat/test-echo	[no test files]
?   	rtdal/generated/r-files/curl/tests/testthat/test-errors	[no test files]
?   	rtdal/generated/r-files/curl/tests/testthat/test-escape	[no test files]
?   	rtdal/generated/r-files/curl/tests/testthat/test-gc	[no test files]
?   	rtdal/generated/r-files/curl/tests/testthat/test-handle	[no test files]
?   	rtdal/generated/r-files/curl/tests/testthat/test-idn	[no test files]
?   	rtdal/generated/r-files/curl/tests/testthat/test-multi	[no test files]
?   	rtdal/generated/r-files/curl/tests/testthat/test-multi-download	[no test files]
?   	rtdal/generated/r-files/curl/tests/testthat/test-nonblocking	[no test files]
?   	rtdal/generated/r-files/curl/tests/testthat/test-parser	[no test files]
?   	rtdal/generated/r-files/curl/tests/testthat/test-path	[no test files]
?   	rtdal/generated/r-files/curl/tests/testthat/test-post	[no test files]
?   	rtdal/generated/r-files/curl/tests/testthat/test-progress	[no test files]
?   	rtdal/generated/r-files/curl/tests/testthat/test-seek	[no test files]
?   	rtdal/generated/r-files/curl/tests/testthat/test-upload	[no test files]
?   	rtdal/generated/r-files/curl/tests/testthat/test-winssl	[no test files]
?   	rtdal/generated/r-files/curl/tests/testthat/test-writer	[no test files]
?   	rtdal/generated/r-files/curl/tools/make-errorcodes	[no test files]
?   	rtdal/generated/r-files/curl/tools/symbols	[no test files]
?   	rtdal/generated/r-files/curl/tools/testversion	[no test files]
?   	rtdal/generated/r-files/curl/tools/winlibs	[no test files]
?   	rtdal/generated/r-files/data.table/R/AllS4	[no test files]
?   	rtdal/generated/r-files/data.table/R/IDateTime	[no test files]
?   	rtdal/generated/r-files/data.table/R/as.data.table	[no test files]
?   	rtdal/generated/r-files/data.table/R/between	[no test files]
?   	rtdal/generated/r-files/data.table/R/bmerge	[no test files]
?   	rtdal/generated/r-files/data.table/R/cedta	[no test files]
?   	rtdal/generated/r-files/data.table/R/data.table	[no test files]
?   	rtdal/generated/r-files/data.table/R/devel	[no test files]
?   	rtdal/generated/r-files/data.table/R/duplicated	[no test files]
?   	rtdal/generated/r-files/data.table/R/fcast	[no test files]
?   	rtdal/generated/r-files/data.table/R/fdroplevels	[no test files]
?   	rtdal/generated/r-files/data.table/R/fmelt	[no test files]
?   	rtdal/generated/r-files/data.table/R/foverlaps	[no test files]
?   	rtdal/generated/r-files/data.table/R/frank	[no test files]
?   	rtdal/generated/r-files/data.table/R/fread	[no test files]
?   	rtdal/generated/r-files/data.table/R/froll	[no test files]
?   	rtdal/generated/r-files/data.table/R/frollapply	[no test files]
?   	rtdal/generated/r-files/data.table/R/fwrite	[no test files]
?   	rtdal/generated/r-files/data.table/R/getdots	[no test files]
?   	rtdal/generated/r-files/data.table/R/groupingsets	[no test files]
?   	rtdal/generated/r-files/data.table/R/helpers	[no test files]
?   	rtdal/generated/r-files/data.table/R/last	[no test files]
?   	rtdal/generated/r-files/data.table/R/like	[no test files]
?   	rtdal/generated/r-files/data.table/R/merge	[no test files]
?   	rtdal/generated/r-files/data.table/R/mergelist	[no test files]
?   	rtdal/generated/r-files/data.table/R/notin	[no test files]
?   	rtdal/generated/r-files/data.table/R/onAttach	[no test files]
?   	rtdal/generated/r-files/data.table/R/onLoad	[no test files]
?   	rtdal/generated/r-files/data.table/R/openmp-utils	[no test files]
?   	rtdal/generated/r-files/data.table/R/print.data.table	[no test files]
?   	rtdal/generated/r-files/data.table/R/programming	[no test files]
?   	rtdal/generated/r-files/data.table/R/rowwiseDT	[no test files]
?   	rtdal/generated/r-files/data.table/R/setkey	[no test files]
?   	rtdal/generated/r-files/data.table/R/setops	[no test files]
?   	rtdal/generated/r-files/data.table/R/shift	[no test files]
?   	rtdal/generated/r-files/data.table/R/tables	[no test files]
?   	rtdal/generated/r-files/data.table/R/test.data.table	[no test files]
?   	rtdal/generated/r-files/data.table/R/timetaken	[no test files]
?   	rtdal/generated/r-files/data.table/R/translation	[no test files]
?   	rtdal/generated/r-files/data.table/R/transpose	[no test files]
?   	rtdal/generated/r-files/data.table/R/uniqlist	[no test files]
?   	rtdal/generated/r-files/data.table/R/utils	[no test files]
?   	rtdal/generated/r-files/data.table/R/wrappers	[no test files]
?   	rtdal/generated/r-files/data.table/R/xts	[no test files]
?   	rtdal/generated/r-files/data.table/inst/doc/datatable-benchmarking	[no test files]
?   	rtdal/generated/r-files/data.table/inst/doc/datatable-faq	[no test files]
?   	rtdal/generated/r-files/data.table/inst/doc/datatable-fread-and-fwrite	[no test files]
?   	rtdal/generated/r-files/data.table/inst/doc/datatable-importing	[no test files]
?   	rtdal/generated/r-files/data.table/inst/doc/datatable-intro	[no test files]
?   	rtdal/generated/r-files/data.table/inst/doc/datatable-joins	[no test files]
?   	rtdal/generated/r-files/data.table/inst/doc/datatable-keys-fast-subset	[no test files]
?   	rtdal/generated/r-files/data.table/inst/doc/datatable-programming	[no test files]
?   	rtdal/generated/r-files/data.table/inst/doc/datatable-reference-semantics	[no test files]
?   	rtdal/generated/r-files/data.table/inst/doc/datatable-reshape	[no test files]
?   	rtdal/generated/r-files/data.table/inst/doc/datatable-sd-usage	[no test files]
?   	rtdal/generated/r-files/data.table/inst/doc/datatable-secondary-indices-and-auto-indexing	[no test files]
?   	rtdal/generated/r-files/data.table/tests/S4	[no test files]
?   	rtdal/generated/r-files/data.table/tests/autoprint	[no test files]
?   	rtdal/generated/r-files/data.table/tests/froll	[no test files]
?   	rtdal/generated/r-files/data.table/tests/knitr	[no test files]
?   	rtdal/generated/r-files/data.table/tests/main	[no test files]
?   	rtdal/generated/r-files/data.table/tests/mergelist	[no test files]
?   	rtdal/generated/r-files/data.table/tests/nafill	[no test files]
?   	rtdal/generated/r-files/data.table/tests/other	[no test files]
?   	rtdal/generated/r-files/data.table/tests/programming	[no test files]
?   	rtdal/generated/r-files/data.table/tests/types	[no test files]
?   	rtdal/generated/r-files/deldir/R/First	[no test files]
?   	rtdal/generated/r-files/deldir/R/acw	[no test files]
?   	rtdal/generated/r-files/deldir/R/binsrt	[no test files]
?   	rtdal/generated/r-files/deldir/R/cvt	[no test files]
?   	rtdal/generated/r-files/deldir/R/deldir	[no test files]
?   	rtdal/generated/r-files/deldir/R/divchain	[no test files]
?   	rtdal/generated/r-files/deldir/R/divchain.default	[no test files]
?   	rtdal/generated/r-files/deldir/R/divchain.deldir	[no test files]
?   	rtdal/generated/r-files/deldir/R/doClip	[no test files]
?   	rtdal/generated/r-files/deldir/R/duplicatedxy	[no test files]
?   	rtdal/generated/r-files/deldir/R/findNewInOld	[no test files]
?   	rtdal/generated/r-files/deldir/R/get.cnrind	[no test files]
?   	rtdal/generated/r-files/deldir/R/getCol	[no test files]
?   	rtdal/generated/r-files/deldir/R/getNbrs	[no test files]
?   	rtdal/generated/r-files/deldir/R/insidePoly	[no test files]
?   	rtdal/generated/r-files/deldir/R/insideRect	[no test files]
?   	rtdal/generated/r-files/deldir/R/lawSummary	[no test files]
?   	rtdal/generated/r-files/deldir/R/mid.in	[no test files]
?   	rtdal/generated/r-files/deldir/R/mnnd	[no test files]
?   	rtdal/generated/r-files/deldir/R/plot.deldir	[no test files]
?   	rtdal/generated/r-files/deldir/R/plot.divchain	[no test files]
?   	rtdal/generated/r-files/deldir/R/plot.tile.list	[no test files]
?   	rtdal/generated/r-files/deldir/R/plot.triang.list	[no test files]
?   	rtdal/generated/r-files/deldir/R/prelimtlist	[no test files]
?   	rtdal/generated/r-files/deldir/R/print.deldir	[no test files]
?   	rtdal/generated/r-files/deldir/R/print.tileInfo	[no test files]
?   	rtdal/generated/r-files/deldir/R/tile.centroids	[no test files]
?   	rtdal/generated/r-files/deldir/R/tile.list	[no test files]
?   	rtdal/generated/r-files/deldir/R/tileArea	[no test files]
?   	rtdal/generated/r-files/deldir/R/tileInfo	[no test files]
?   	rtdal/generated/r-files/deldir/R/tilePerim	[no test files]
?   	rtdal/generated/r-files/deldir/R/tilePerim0	[no test files]
?   	rtdal/generated/r-files/deldir/R/triMat	[no test files]
?   	rtdal/generated/r-files/deldir/R/triang.list	[no test files]
?   	rtdal/generated/r-files/deldir/R/verGetter	[no test files]
?   	rtdal/generated/r-files/deldir/R/which.tile	[no test files]
?   	rtdal/generated/r-files/deldir/inst/code.discarded/collinChk	[no test files]
?   	rtdal/generated/r-files/deldir/inst/code.discarded/collincheck	[no test files]
?   	rtdal/generated/r-files/deldir/inst/code.discarded/fexitf	[no test files]
?   	rtdal/generated/r-files/deldir/inst/code.discarded/ind.dup	[no test files]
?   	rtdal/generated/r-files/deldir/inst/code.discarded/inddup	[no test files]
?   	rtdal/generated/r-files/deldir/inst/code.discarded/trigraf	[no test files]
?   	rtdal/generated/r-files/desc/R/assertions	[no test files]
?   	rtdal/generated/r-files/desc/R/authors-at-r	[no test files]
?   	rtdal/generated/r-files/desc/R/built	[no test files]
?   	rtdal/generated/r-files/desc/R/classes	[no test files]
?   	rtdal/generated/r-files/desc/R/collate	[no test files]
?   	rtdal/generated/r-files/desc/R/constants	[no test files]
?   	rtdal/generated/r-files/desc/R/deps	[no test files]
?   	rtdal/generated/r-files/desc/R/desc-package	[no test files]
?   	rtdal/generated/r-files/desc/R/description	[no test files]
?   	rtdal/generated/r-files/desc/R/encoding	[no test files]
?   	rtdal/generated/r-files/desc/R/find-package-root	[no test files]
?   	rtdal/generated/r-files/desc/R/latex	[no test files]
?   	rtdal/generated/r-files/desc/R/non-oo-api	[no test files]
?   	rtdal/generated/r-files/desc/R/package-archives	[no test files]
?   	rtdal/generated/r-files/desc/R/read	[no test files]
?   	rtdal/generated/r-files/desc/R/remotes	[no test files]
?   	rtdal/generated/r-files/desc/R/str	[no test files]
?   	rtdal/generated/r-files/desc/R/syntax_checks	[no test files]
?   	rtdal/generated/r-files/desc/R/urls	[no test files]
?   	rtdal/generated/r-files/desc/R/utils	[no test files]
?   	rtdal/generated/r-files/desc/R/validate	[no test files]
?   	rtdal/generated/r-files/desc/R/version	[no test files]
?   	rtdal/generated/r-files/desc/tests/testthat	[no test files]
?   	rtdal/generated/r-files/desc/tests/testthat/helper	[no test files]
?   	rtdal/generated/r-files/desc/tests/testthat/test-archives	[no test files]
?   	rtdal/generated/r-files/desc/tests/testthat/test-assertions	[no test files]
?   	rtdal/generated/r-files/desc/tests/testthat/test-authors	[no test files]
?   	rtdal/generated/r-files/desc/tests/testthat/test-built	[no test files]
?   	rtdal/generated/r-files/desc/tests/testthat/test-checks	[no test files]
?   	rtdal/generated/r-files/desc/tests/testthat/test-collate	[no test files]
?   	rtdal/generated/r-files/desc/tests/testthat/test-create	[no test files]
?   	rtdal/generated/r-files/desc/tests/testthat/test-deps	[no test files]
?   	rtdal/generated/r-files/desc/tests/testthat/test-desc	[no test files]
?   	rtdal/generated/r-files/desc/tests/testthat/test-encoding	[no test files]
?   	rtdal/generated/r-files/desc/tests/testthat/test-find-package-root	[no test files]
?   	rtdal/generated/r-files/desc/tests/testthat/test-idempotent	[no test files]
?   	rtdal/generated/r-files/desc/tests/testthat/test-non-oo	[no test files]
?   	rtdal/generated/r-files/desc/tests/testthat/test-queries	[no test files]
?   	rtdal/generated/r-files/desc/tests/testthat/test-read	[no test files]
?   	rtdal/generated/r-files/desc/tests/testthat/test-remotes	[no test files]
?   	rtdal/generated/r-files/desc/tests/testthat/test-repair	[no test files]
?   	rtdal/generated/r-files/desc/tests/testthat/test-spelling	[no test files]
?   	rtdal/generated/r-files/desc/tests/testthat/test-str	[no test files]
?   	rtdal/generated/r-files/desc/tests/testthat/test-to_latex	[no test files]
?   	rtdal/generated/r-files/desc/tests/testthat/test-trailing-ws	[no test files]
?   	rtdal/generated/r-files/desc/tests/testthat/test-urls	[no test files]
?   	rtdal/generated/r-files/desc/tests/testthat/test-utils	[no test files]
?   	rtdal/generated/r-files/desc/tests/testthat/test-validation	[no test files]
?   	rtdal/generated/r-files/desc/tests/testthat/test-versions	[no test files]
?   	rtdal/generated/r-files/desc/tests/testthat/test-write	[no test files]
?   	rtdal/generated/r-files/digest/R/AES	[no test files]
?   	rtdal/generated/r-files/digest/R/digest	[no test files]
?   	rtdal/generated/r-files/digest/R/digest2int	[no test files]
?   	rtdal/generated/r-files/digest/R/hmac	[no test files]
?   	rtdal/generated/r-files/digest/R/init	[no test files]
?   	rtdal/generated/r-files/digest/R/sha1	[no test files]
?   	rtdal/generated/r-files/digest/R/vdigest	[no test files]
?   	rtdal/generated/r-files/digest/R/zzz	[no test files]
?   	rtdal/generated/r-files/digest/demo/vectorised	[no test files]
?   	rtdal/generated/r-files/digest/inst/doc/sha1	[no test files]
?   	rtdal/generated/r-files/digest/inst/tinytest/test_aes	[no test files]
?   	rtdal/generated/r-files/digest/inst/tinytest/test_blake3	[no test files]
?   	rtdal/generated/r-files/digest/inst/tinytest/test_crc32	[no test files]
?   	rtdal/generated/r-files/digest/inst/tinytest/test_digest	[no test files]
?   	rtdal/generated/r-files/digest/inst/tinytest/test_digest2int	[no test files]
?   	rtdal/generated/r-files/digest/inst/tinytest/test_encoding	[no test files]
?   	rtdal/generated/r-files/digest/inst/tinytest/test_hmac	[no test files]
?   	rtdal/generated/r-files/digest/inst/tinytest/test_misc	[no test files]
?   	rtdal/generated/r-files/digest/inst/tinytest/test_new_matrix_behaviour	[no test files]
?   	rtdal/generated/r-files/digest/inst/tinytest/test_num2hex	[no test files]
?   	rtdal/generated/r-files/digest/inst/tinytest/test_raw	[no test files]
?   	rtdal/generated/r-files/digest/inst/tinytest/test_sha1	[no test files]
?   	rtdal/generated/r-files/digest/tests/tinytest	[no test files]
?   	rtdal/generated/r-files/dotCall64/R/dotCall64	[no test files]
?   	rtdal/generated/r-files/dotCall64/R/vector_dc	[no test files]
?   	rtdal/generated/r-files/dotCall64/R/zzz	[no test files]
?   	rtdal/generated/r-files/dotCall64/tests/run-all	[no test files]
?   	rtdal/generated/r-files/dotCall64/tests/testthat/test-againstDotC	[no test files]
?   	rtdal/generated/r-files/dotCall64/tests/testthat/test-flow-center	[no test files]
?   	rtdal/generated/r-files/dotCall64/tests/testthat/test-flow-left	[no test files]
?   	rtdal/generated/r-files/dotCall64/tests/testthat/test-flow-right	[no test files]
?   	rtdal/generated/r-files/dotCall64/tests/testthat/test-long_int64	[no test files]
?   	rtdal/generated/r-files/dotCall64/tests/testthat/test-vector_dc	[no test files]
?   	rtdal/generated/r-files/dplyr/R/across	[no test files]
?   	rtdal/generated/r-files/dplyr/R/all-equal	[no test files]
?   	rtdal/generated/r-files/dplyr/R/arrange	[no test files]
?   	rtdal/generated/r-files/dplyr/R/bind-cols	[no test files]
?   	rtdal/generated/r-files/dplyr/R/bind-rows	[no test files]
?   	rtdal/generated/r-files/dplyr/R/by	[no test files]
?   	rtdal/generated/r-files/dplyr/R/case-match	[no test files]
?   	rtdal/generated/r-files/dplyr/R/case-when	[no test files]
?   	rtdal/generated/r-files/dplyr/R/coalesce	[no test files]
?   	rtdal/generated/r-files/dplyr/R/colwise	[no test files]
?   	rtdal/generated/r-files/dplyr/R/colwise-arrange	[no test files]
?   	rtdal/generated/r-files/dplyr/R/colwise-distinct	[no test files]
?   	rtdal/generated/r-files/dplyr/R/colwise-filter	[no test files]
?   	rtdal/generated/r-files/dplyr/R/colwise-funs	[no test files]
?   	rtdal/generated/r-files/dplyr/R/colwise-group-by	[no test files]
?   	rtdal/generated/r-files/dplyr/R/colwise-mutate	[no test files]
?   	rtdal/generated/r-files/dplyr/R/colwise-select	[no test files]
?   	rtdal/generated/r-files/dplyr/R/compat-dbplyr	[no test files]
?   	rtdal/generated/r-files/dplyr/R/compat-name-repair	[no test files]
?   	rtdal/generated/r-files/dplyr/R/compute-collect	[no test files]
?   	rtdal/generated/r-files/dplyr/R/conditions	[no test files]
?   	rtdal/generated/r-files/dplyr/R/consecutive-id	[no test files]
?   	rtdal/generated/r-files/dplyr/R/context	[no test files]
?   	rtdal/generated/r-files/dplyr/R/copy-to	[no test files]
?   	rtdal/generated/r-files/dplyr/R/count-tally	[no test files]
?   	rtdal/generated/r-files/dplyr/R/data-bands	[no test files]
?   	rtdal/generated/r-files/dplyr/R/data-mask	[no test files]
?   	rtdal/generated/r-files/dplyr/R/data-starwars	[no test files]
?   	rtdal/generated/r-files/dplyr/R/data-storms	[no test files]
?   	rtdal/generated/r-files/dplyr/R/dbplyr	[no test files]
?   	rtdal/generated/r-files/dplyr/R/defunct	[no test files]
?   	rtdal/generated/r-files/dplyr/R/defunct-each	[no test files]
?   	rtdal/generated/r-files/dplyr/R/defunct-lazyeval	[no test files]
?   	rtdal/generated/r-files/dplyr/R/deprec-context	[no test files]
?   	rtdal/generated/r-files/dplyr/R/deprec-do	[no test files]
?   	rtdal/generated/r-files/dplyr/R/deprec-funs	[no test files]
?   	rtdal/generated/r-files/dplyr/R/desc	[no test files]
?   	rtdal/generated/r-files/dplyr/R/distinct	[no test files]
?   	rtdal/generated/r-files/dplyr/R/doc-methods	[no test files]
?   	rtdal/generated/r-files/dplyr/R/doc-params	[no test files]
?   	rtdal/generated/r-files/dplyr/R/dplyr	[no test files]
?   	rtdal/generated/r-files/dplyr/R/error	[no test files]
?   	rtdal/generated/r-files/dplyr/R/explain	[no test files]
?   	rtdal/generated/r-files/dplyr/R/filter	[no test files]
?   	rtdal/generated/r-files/dplyr/R/funs	[no test files]
?   	rtdal/generated/r-files/dplyr/R/generics	[no test files]
?   	rtdal/generated/r-files/dplyr/R/group-by	[no test files]
?   	rtdal/generated/r-files/dplyr/R/group-data	[no test files]
?   	rtdal/generated/r-files/dplyr/R/group-map	[no test files]
?   	rtdal/generated/r-files/dplyr/R/group-nest	[no test files]
?   	rtdal/generated/r-files/dplyr/R/group-split	[no test files]
?   	rtdal/generated/r-files/dplyr/R/group-trim	[no test files]
?   	rtdal/generated/r-files/dplyr/R/grouped-df	[no test files]
?   	rtdal/generated/r-files/dplyr/R/groups-with	[no test files]
?   	rtdal/generated/r-files/dplyr/R/if-else	[no test files]
?   	rtdal/generated/r-files/dplyr/R/import-standalone-obj-type	[no test files]
?   	rtdal/generated/r-files/dplyr/R/import-standalone-purrr	[no test files]
?   	rtdal/generated/r-files/dplyr/R/import-standalone-types-check	[no test files]
?   	rtdal/generated/r-files/dplyr/R/join	[no test files]
?   	rtdal/generated/r-files/dplyr/R/join-by	[no test files]
?   	rtdal/generated/r-files/dplyr/R/join-cols	[no test files]
?   	rtdal/generated/r-files/dplyr/R/join-common-by	[no test files]
?   	rtdal/generated/r-files/dplyr/R/join-cross	[no test files]
?   	rtdal/generated/r-files/dplyr/R/join-rows	[no test files]
?   	rtdal/generated/r-files/dplyr/R/lead-lag	[no test files]
?   	rtdal/generated/r-files/dplyr/R/locale	[no test files]
?   	rtdal/generated/r-files/dplyr/R/mutate	[no test files]
?   	rtdal/generated/r-files/dplyr/R/n-col	[no test files]
?   	rtdal/generated/r-files/dplyr/R/n-distinct	[no test files]
?   	rtdal/generated/r-files/dplyr/R/na-if	[no test files]
?   	rtdal/generated/r-files/dplyr/R/near	[no test files]
?   	rtdal/generated/r-files/dplyr/R/nest-by	[no test files]
?   	rtdal/generated/r-files/dplyr/R/nth-value	[no test files]
?   	rtdal/generated/r-files/dplyr/R/order-by	[no test files]
?   	rtdal/generated/r-files/dplyr/R/pick	[no test files]
?   	rtdal/generated/r-files/dplyr/R/progress	[no test files]
?   	rtdal/generated/r-files/dplyr/R/pull	[no test files]
?   	rtdal/generated/r-files/dplyr/R/rank	[no test files]
?   	rtdal/generated/r-files/dplyr/R/recode	[no test files]
?   	rtdal/generated/r-files/dplyr/R/recode-values	[no test files]
?   	rtdal/generated/r-files/dplyr/R/reexport-magrittr	[no test files]
?   	rtdal/generated/r-files/dplyr/R/reexport-pillar	[no test files]
?   	rtdal/generated/r-files/dplyr/R/reexport-tibble	[no test files]
?   	rtdal/generated/r-files/dplyr/R/reframe	[no test files]
?   	rtdal/generated/r-files/dplyr/R/relocate	[no test files]
?   	rtdal/generated/r-files/dplyr/R/rename	[no test files]
?   	rtdal/generated/r-files/dplyr/R/rows	[no test files]
?   	rtdal/generated/r-files/dplyr/R/rowwise	[no test files]
?   	rtdal/generated/r-files/dplyr/R/sample	[no test files]
?   	rtdal/generated/r-files/dplyr/R/select	[no test files]
?   	rtdal/generated/r-files/dplyr/R/select-helpers	[no test files]
?   	rtdal/generated/r-files/dplyr/R/sets	[no test files]
?   	rtdal/generated/r-files/dplyr/R/slice	[no test files]
?   	rtdal/generated/r-files/dplyr/R/src	[no test files]
?   	rtdal/generated/r-files/dplyr/R/src-dbi	[no test files]
?   	rtdal/generated/r-files/dplyr/R/summarise	[no test files]
?   	rtdal/generated/r-files/dplyr/R/tbl	[no test files]
?   	rtdal/generated/r-files/dplyr/R/top-n	[no test files]
?   	rtdal/generated/r-files/dplyr/R/transmute	[no test files]
?   	rtdal/generated/r-files/dplyr/R/ts	[no test files]
?   	rtdal/generated/r-files/dplyr/R/utils	[no test files]
?   	rtdal/generated/r-files/dplyr/R/utils-format	[no test files]
?   	rtdal/generated/r-files/dplyr/R/utils-tidy-eval	[no test files]
?   	rtdal/generated/r-files/dplyr/R/vctrs	[no test files]
?   	rtdal/generated/r-files/dplyr/R/when	[no test files]
?   	rtdal/generated/r-files/dplyr/R/zzz	[no test files]
?   	rtdal/generated/r-files/dplyr/inst/doc/base	[no test files]
?   	rtdal/generated/r-files/dplyr/inst/doc/colwise	[no test files]
?   	rtdal/generated/r-files/dplyr/inst/doc/dplyr	[no test files]
?   	rtdal/generated/r-files/dplyr/inst/doc/grouping	[no test files]
?   	rtdal/generated/r-files/dplyr/inst/doc/in-packages	[no test files]
?   	rtdal/generated/r-files/dplyr/inst/doc/programming	[no test files]
?   	rtdal/generated/r-files/dplyr/inst/doc/recoding-replacing	[no test files]
?   	rtdal/generated/r-files/dplyr/inst/doc/rowwise	[no test files]
?   	rtdal/generated/r-files/dplyr/inst/doc/two-table	[no test files]
?   	rtdal/generated/r-files/dplyr/inst/doc/window-functions	[no test files]
?   	rtdal/generated/r-files/dplyr/tests/testthat	[no test files]
?   	rtdal/generated/r-files/dplyr/tests/testthat/helper-dplyr	[no test files]
?   	rtdal/generated/r-files/dplyr/tests/testthat/helper-encoding	[no test files]
?   	rtdal/generated/r-files/dplyr/tests/testthat/helper-lazy	[no test files]
?   	rtdal/generated/r-files/dplyr/tests/testthat/helper-pick	[no test files]
?   	rtdal/generated/r-files/dplyr/tests/testthat/helper-s3	[no test files]
?   	rtdal/generated/r-files/dplyr/tests/testthat/helper-torture	[no test files]
?   	rtdal/generated/r-files/dplyr/tests/testthat/test-across	[no test files]
?   	rtdal/generated/r-files/dplyr/tests/testthat/test-all-equal	[no test files]
?   	rtdal/generated/r-files/dplyr/tests/testthat/test-arrange	[no test files]
?   	rtdal/generated/r-files/dplyr/tests/testthat/test-bind-cols	[no test files]
?   	rtdal/generated/r-files/dplyr/tests/testthat/test-bind-rows	[no test files]
?   	rtdal/generated/r-files/dplyr/tests/testthat/test-by	[no test files]
?   	rtdal/generated/r-files/dplyr/tests/testthat/test-case-match	[no test files]
?   	rtdal/generated/r-files/dplyr/tests/testthat/test-case-when	[no test files]
?   	rtdal/generated/r-files/dplyr/tests/testthat/test-coalesce	[no test files]
?   	rtdal/generated/r-files/dplyr/tests/testthat/test-colwise	[no test files]
?   	rtdal/generated/r-files/dplyr/tests/testthat/test-colwise-arrange	[no test files]
?   	rtdal/generated/r-files/dplyr/tests/testthat/test-colwise-distinct	[no test files]
?   	rtdal/generated/r-files/dplyr/tests/testthat/test-colwise-filter	[no test files]
?   	rtdal/generated/r-files/dplyr/tests/testthat/test-colwise-funs	[no test files]
?   	rtdal/generated/r-files/dplyr/tests/testthat/test-colwise-group-by	[no test files]
?   	rtdal/generated/r-files/dplyr/tests/testthat/test-colwise-mutate	[no test files]
?   	rtdal/generated/r-files/dplyr/tests/testthat/test-colwise-select	[no test files]
?   	rtdal/generated/r-files/dplyr/tests/testthat/test-conditions	[no test files]
?   	rtdal/generated/r-files/dplyr/tests/testthat/test-consecutive-id	[no test files]
?   	rtdal/generated/r-files/dplyr/tests/testthat/test-context	[no test files]
?   	rtdal/generated/r-files/dplyr/tests/testthat/test-copy-to	[no test files]
?   	rtdal/generated/r-files/dplyr/tests/testthat/test-count-tally	[no test files]
?   	rtdal/generated/r-files/dplyr/tests/testthat/test-data-mask	[no test files]
?   	rtdal/generated/r-files/dplyr/tests/testthat/test-defunct	[no test files]
?   	rtdal/generated/r-files/dplyr/tests/testthat/test-defunct-each	[no test files]
?   	rtdal/generated/r-files/dplyr/tests/testthat/test-defunct-lazyeval	[no test files]
?   	rtdal/generated/r-files/dplyr/tests/testthat/test-deprec-context	[no test files]
?   	rtdal/generated/r-files/dplyr/tests/testthat/test-deprec-do	[no test files]
?   	rtdal/generated/r-files/dplyr/tests/testthat/test-deprec-funs	[no test files]
?   	rtdal/generated/r-files/dplyr/tests/testthat/test-desc	[no test files]
?   	rtdal/generated/r-files/dplyr/tests/testthat/test-distinct	[no test files]
?   	rtdal/generated/r-files/dplyr/tests/testthat/test-filter	[no test files]
?   	rtdal/generated/r-files/dplyr/tests/testthat/test-funs	[no test files]
?   	rtdal/generated/r-files/dplyr/tests/testthat/test-generics	[no test files]
?   	rtdal/generated/r-files/dplyr/tests/testthat/test-group-by	[no test files]
?   	rtdal/generated/r-files/dplyr/tests/testthat/test-group-data	[no test files]
?   	rtdal/generated/r-files/dplyr/tests/testthat/test-group-map	[no test files]
?   	rtdal/generated/r-files/dplyr/tests/testthat/test-group-nest	[no test files]
?   	rtdal/generated/r-files/dplyr/tests/testthat/test-group-split	[no test files]
?   	rtdal/generated/r-files/dplyr/tests/testthat/test-group-trim	[no test files]
?   	rtdal/generated/r-files/dplyr/tests/testthat/test-grouped-df	[no test files]
?   	rtdal/generated/r-files/dplyr/tests/testthat/test-groups-with	[no test files]
?   	rtdal/generated/r-files/dplyr/tests/testthat/test-if-else	[no test files]
?   	rtdal/generated/r-files/dplyr/tests/testthat/test-join	[no test files]
?   	rtdal/generated/r-files/dplyr/tests/testthat/test-join-by	[no test files]
?   	rtdal/generated/r-files/dplyr/tests/testthat/test-join-cols	[no test files]
?   	rtdal/generated/r-files/dplyr/tests/testthat/test-join-cross	[no test files]
?   	rtdal/generated/r-files/dplyr/tests/testthat/test-join-rows	[no test files]
?   	rtdal/generated/r-files/dplyr/tests/testthat/test-lead-lag	[no test files]
?   	rtdal/generated/r-files/dplyr/tests/testthat/test-locale	[no test files]
?   	rtdal/generated/r-files/dplyr/tests/testthat/test-mutate	[no test files]
?   	rtdal/generated/r-files/dplyr/tests/testthat/test-n-distinct	[no test files]
?   	rtdal/generated/r-files/dplyr/tests/testthat/test-na-if	[no test files]
?   	rtdal/generated/r-files/dplyr/tests/testthat/test-near	[no test files]
?   	rtdal/generated/r-files/dplyr/tests/testthat/test-nest-by	[no test files]
?   	rtdal/generated/r-files/dplyr/tests/testthat/test-nth-value	[no test files]
?   	rtdal/generated/r-files/dplyr/tests/testthat/test-order-by	[no test files]
?   	rtdal/generated/r-files/dplyr/tests/testthat/test-pick	[no test files]
?   	rtdal/generated/r-files/dplyr/tests/testthat/test-pull	[no test files]
?   	rtdal/generated/r-files/dplyr/tests/testthat/test-rank	[no test files]
?   	rtdal/generated/r-files/dplyr/tests/testthat/test-recode	[no test files]
?   	rtdal/generated/r-files/dplyr/tests/testthat/test-recode-values	[no test files]
?   	rtdal/generated/r-files/dplyr/tests/testthat/test-reframe	[no test files]
?   	rtdal/generated/r-files/dplyr/tests/testthat/test-relocate	[no test files]
?   	rtdal/generated/r-files/dplyr/tests/testthat/test-rename	[no test files]
?   	rtdal/generated/r-files/dplyr/tests/testthat/test-rows	[no test files]
?   	rtdal/generated/r-files/dplyr/tests/testthat/test-rowwise	[no test files]
?   	rtdal/generated/r-files/dplyr/tests/testthat/test-sample	[no test files]
?   	rtdal/generated/r-files/dplyr/tests/testthat/test-select	[no test files]
?   	rtdal/generated/r-files/dplyr/tests/testthat/test-select-helpers	[no test files]
?   	rtdal/generated/r-files/dplyr/tests/testthat/test-sets	[no test files]
?   	rtdal/generated/r-files/dplyr/tests/testthat/test-slice	[no test files]
?   	rtdal/generated/r-files/dplyr/tests/testthat/test-src-dbi	[no test files]
?   	rtdal/generated/r-files/dplyr/tests/testthat/test-summarise	[no test files]
?   	rtdal/generated/r-files/dplyr/tests/testthat/test-tbl	[no test files]
?   	rtdal/generated/r-files/dplyr/tests/testthat/test-top-n	[no test files]
?   	rtdal/generated/r-files/dplyr/tests/testthat/test-transmute	[no test files]
?   	rtdal/generated/r-files/dplyr/tests/testthat/test-utils	[no test files]
?   	rtdal/generated/r-files/dplyr/tests/testthat/test-when	[no test files]
?   	rtdal/generated/r-files/e1071/R/bclust	[no test files]
?   	rtdal/generated/r-files/e1071/R/bincombinations	[no test files]
?   	rtdal/generated/r-files/e1071/R/cmeans	[no test files]
?   	rtdal/generated/r-files/e1071/R/countpattern	[no test files]
?   	rtdal/generated/r-files/e1071/R/cshell	[no test files]
?   	rtdal/generated/r-files/e1071/R/discrete	[no test files]
?   	rtdal/generated/r-files/e1071/R/e1071-deprecated	[no test files]
?   	rtdal/generated/r-files/e1071/R/element	[no test files]
?   	rtdal/generated/r-files/e1071/R/fclustIndex	[no test files]
?   	rtdal/generated/r-files/e1071/R/gknn	[no test files]
?   	rtdal/generated/r-files/e1071/R/hamming.distance	[no test files]
?   	rtdal/generated/r-files/e1071/R/hamming.window	[no test files]
?   	rtdal/generated/r-files/e1071/R/hanning.window	[no test files]
?   	rtdal/generated/r-files/e1071/R/ica	[no test files]
?   	rtdal/generated/r-files/e1071/R/impute	[no test files]
?   	rtdal/generated/r-files/e1071/R/interpolate	[no test files]
?   	rtdal/generated/r-files/e1071/R/kurtosis	[no test files]
?   	rtdal/generated/r-files/e1071/R/lca	[no test files]
?   	rtdal/generated/r-files/e1071/R/matchClasses	[no test files]
?   	rtdal/generated/r-files/e1071/R/matchControls	[no test files]
?   	rtdal/generated/r-files/e1071/R/moment	[no test files]
?   	rtdal/generated/r-files/e1071/R/naiveBayes	[no test files]
?   	rtdal/generated/r-files/e1071/R/plot.stft	[no test files]
?   	rtdal/generated/r-files/e1071/R/probplot	[no test files]
?   	rtdal/generated/r-files/e1071/R/rbridge	[no test files]
?   	rtdal/generated/r-files/e1071/R/rectangle.window	[no test files]
?   	rtdal/generated/r-files/e1071/R/rwiener	[no test files]
?   	rtdal/generated/r-files/e1071/R/scale_data_frame	[no test files]
?   	rtdal/generated/r-files/e1071/R/shortestPaths	[no test files]
?   	rtdal/generated/r-files/e1071/R/sigmoid	[no test files]
?   	rtdal/generated/r-files/e1071/R/skewness	[no test files]
?   	rtdal/generated/r-files/e1071/R/sparse	[no test files]
?   	rtdal/generated/r-files/e1071/R/stft	[no test files]
?   	rtdal/generated/r-files/e1071/R/svm	[no test files]
?   	rtdal/generated/r-files/e1071/R/tune	[no test files]
?   	rtdal/generated/r-files/e1071/inst/doc/svmdoc	[no test files]
?   	rtdal/generated/r-files/e1071/tests/clustering	[no test files]
?   	rtdal/generated/r-files/evaluate/R/conditions	[no test files]
?   	rtdal/generated/r-files/evaluate/R/evaluate	[no test files]
?   	rtdal/generated/r-files/evaluate/R/evaluate-package	[no test files]
?   	rtdal/generated/r-files/evaluate/R/evaluation	[no test files]
?   	rtdal/generated/r-files/evaluate/R/flush-console	[no test files]
?   	rtdal/generated/r-files/evaluate/R/graphics	[no test files]
?   	rtdal/generated/r-files/evaluate/R/hooks	[no test files]
?   	rtdal/generated/r-files/evaluate/R/inject-funs	[no test files]
?   	rtdal/generated/r-files/evaluate/R/output	[no test files]
?   	rtdal/generated/r-files/evaluate/R/output-handler	[no test files]
?   	rtdal/generated/r-files/evaluate/R/parse_all	[no test files]
?   	rtdal/generated/r-files/evaluate/R/replay	[no test files]
?   	rtdal/generated/r-files/evaluate/R/reproducible-output	[no test files]
?   	rtdal/generated/r-files/evaluate/R/traceback	[no test files]
?   	rtdal/generated/r-files/evaluate/R/utils	[no test files]
?   	rtdal/generated/r-files/evaluate/R/watchout	[no test files]
?   	rtdal/generated/r-files/evaluate/R/zzz	[no test files]
?   	rtdal/generated/r-files/evaluate/tests/testthat	[no test files]
?   	rtdal/generated/r-files/evaluate/tests/testthat/helper	[no test files]
?   	rtdal/generated/r-files/evaluate/tests/testthat/resources/with-abort-error	[no test files]
?   	rtdal/generated/r-files/evaluate/tests/testthat/resources/with-stop-error-no-trace	[no test files]
?   	rtdal/generated/r-files/evaluate/tests/testthat/resources/with-stop-error-trace	[no test files]
?   	rtdal/generated/r-files/evaluate/tests/testthat/resources/with-stop-error-trace-trim	[no test files]
?   	rtdal/generated/r-files/evaluate/tests/testthat/resources/with-stop-error-wch	[no test files]
?   	rtdal/generated/r-files/evaluate/tests/testthat/test-conditions	[no test files]
?   	rtdal/generated/r-files/evaluate/tests/testthat/test-evaluate	[no test files]
?   	rtdal/generated/r-files/evaluate/tests/testthat/test-evaluation	[no test files]
?   	rtdal/generated/r-files/evaluate/tests/testthat/test-flush-console	[no test files]
?   	rtdal/generated/r-files/evaluate/tests/testthat/test-graphics	[no test files]
?   	rtdal/generated/r-files/evaluate/tests/testthat/test-inject-funs	[no test files]
?   	rtdal/generated/r-files/evaluate/tests/testthat/test-output	[no test files]
?   	rtdal/generated/r-files/evaluate/tests/testthat/test-output-handler	[no test files]
?   	rtdal/generated/r-files/evaluate/tests/testthat/test-parse_all	[no test files]
?   	rtdal/generated/r-files/evaluate/tests/testthat/test-replay	[no test files]
?   	rtdal/generated/r-files/evaluate/tests/testthat/test-reproducible-output	[no test files]
?   	rtdal/generated/r-files/evaluate/tests/testthat/test-watchout	[no test files]
?   	rtdal/generated/r-files/exactextractr/R/RcppExports	[no test files]
?   	rtdal/generated/r-files/exactextractr/R/coverage_fraction	[no test files]
?   	rtdal/generated/r-files/exactextractr/R/exact_extract	[no test files]
?   	rtdal/generated/r-files/exactextractr/R/exact_extract_helpers	[no test files]
?   	rtdal/generated/r-files/exactextractr/R/exact_resample	[no test files]
?   	rtdal/generated/r-files/exactextractr/R/exactextractr-package	[no test files]
?   	rtdal/generated/r-files/exactextractr/R/rasterize	[no test files]
?   	rtdal/generated/r-files/exactextractr/inst/doc/vig1_population	[no test files]
?   	rtdal/generated/r-files/exactextractr/inst/doc/vig2_categorical	[no test files]
?   	rtdal/generated/r-files/exactextractr/tests/testthat	[no test files]
?   	rtdal/generated/r-files/exactextractr/tests/testthat/helper_functions	[no test files]
?   	rtdal/generated/r-files/exactextractr/tests/testthat/test_coverage_fraction	[no test files]
?   	rtdal/generated/r-files/exactextractr/tests/testthat/test_exact_extract	[no test files]
?   	rtdal/generated/r-files/exactextractr/tests/testthat/test_exact_extract_eager_load	[no test files]
?   	rtdal/generated/r-files/exactextractr/tests/testthat/test_exact_extract_errors	[no test files]
?   	rtdal/generated/r-files/exactextractr/tests/testthat/test_exact_extract_include_args	[no test files]
?   	rtdal/generated/r-files/exactextractr/tests/testthat/test_exact_extract_terra	[no test files]
?   	rtdal/generated/r-files/exactextractr/tests/testthat/test_exact_resample	[no test files]
?   	rtdal/generated/r-files/exactextractr/tests/testthat/test_exact_resample_terra	[no test files]
?   	rtdal/generated/r-files/exactextractr/tests/testthat/test_helper_blocksize	[no test files]
?   	rtdal/generated/r-files/exactextractr/tests/testthat/test_num_expected_args	[no test files]
?   	rtdal/generated/r-files/exactextractr/tests/testthat/test_rasterize	[no test files]
?   	rtdal/generated/r-files/exactextractr/tools/winlibs	[no test files]
?   	rtdal/generated/r-files/farver/R/aaa	[no test files]
?   	rtdal/generated/r-files/farver/R/compare_colour	[no test files]
?   	rtdal/generated/r-files/farver/R/convert_colour	[no test files]
?   	rtdal/generated/r-files/farver/R/decode	[no test files]
?   	rtdal/generated/r-files/farver/R/encode	[no test files]
?   	rtdal/generated/r-files/farver/R/farver-package	[no test files]
?   	rtdal/generated/r-files/farver/R/modify	[no test files]
?   	rtdal/generated/r-files/farver/R/native	[no test files]
?   	rtdal/generated/r-files/farver/R/zzz	[no test files]
?   	rtdal/generated/r-files/farver/tests/testthat	[no test files]
?   	rtdal/generated/r-files/farver/tests/testthat/test-comparison	[no test files]
?   	rtdal/generated/r-files/farver/tests/testthat/test-conversion	[no test files]
?   	rtdal/generated/r-files/farver/tests/testthat/test-decoding	[no test files]
?   	rtdal/generated/r-files/farver/tests/testthat/test-encoding	[no test files]
?   	rtdal/generated/r-files/farver/tests/testthat/test-manip	[no test files]
?   	rtdal/generated/r-files/farver/tests/testthat/test-names	[no test files]
?   	rtdal/generated/r-files/farver/tests/testthat/test-non-finite	[no test files]
?   	rtdal/generated/r-files/fastmap/R/fastmap	[no test files]
?   	rtdal/generated/r-files/fastmap/R/fastqueue	[no test files]
?   	rtdal/generated/r-files/fastmap/R/faststack	[no test files]
?   	rtdal/generated/r-files/fastmap/R/key_missing	[no test files]
?   	rtdal/generated/r-files/fastmap/tests/testthat	[no test files]
?   	rtdal/generated/r-files/fastmap/tests/testthat/helpers-fastmap	[no test files]
?   	rtdal/generated/r-files/fastmap/tests/testthat/test-encoding	[no test files]
?   	rtdal/generated/r-files/fastmap/tests/testthat/test-map	[no test files]
?   	rtdal/generated/r-files/fastmap/tests/testthat/test-queue	[no test files]
?   	rtdal/generated/r-files/fastmap/tests/testthat/test-serialize	[no test files]
?   	rtdal/generated/r-files/fastmap/tests/testthat/test-shrink	[no test files]
?   	rtdal/generated/r-files/fastmap/tests/testthat/test-stack	[no test files]
?   	rtdal/generated/r-files/fields/R/BD	[no test files]
?   	rtdal/generated/r-files/fields/R/ChicagoO3	[no test files]
?   	rtdal/generated/r-files/fields/R/Exponential	[no test files]
?   	rtdal/generated/r-files/fields/R/ExponentialUpper	[no test files]
?   	rtdal/generated/r-files/fields/R/Krig	[no test files]
?   	rtdal/generated/r-files/fields/R/Krig.family	[no test files]
?   	rtdal/generated/r-files/fields/R/KrigFindLambda	[no test files]
?   	rtdal/generated/r-files/fields/R/Matern	[no test files]
?   	rtdal/generated/r-files/fields/R/Matern.parameters	[no test files]
?   	rtdal/generated/r-files/fields/R/Paciorek.cov	[no test files]
?   	rtdal/generated/r-files/fields/R/QSreg	[no test files]
?   	rtdal/generated/r-files/fields/R/QTps	[no test files]
?   	rtdal/generated/r-files/fields/R/RMprecip	[no test files]
?   	rtdal/generated/r-files/fields/R/RadialBasis	[no test files]
?   	rtdal/generated/r-files/fields/R/RdistEarth	[no test files]
?   	rtdal/generated/r-files/fields/R/SUBSCRIPTINGSpatialDesign	[no test files]
?   	rtdal/generated/r-files/fields/R/Tps	[no test files]
?   	rtdal/generated/r-files/fields/R/Tps.cov	[no test files]
?   	rtdal/generated/r-files/fields/R/US	[no test files]
?   	rtdal/generated/r-files/fields/R/add.image	[no test files]
?   	rtdal/generated/r-files/fields/R/addColorBarTriangle	[no test files]
?   	rtdal/generated/r-files/fields/R/addLegend	[no test files]
?   	rtdal/generated/r-files/fields/R/approximateCovariance2D	[no test files]
?   	rtdal/generated/r-files/fields/R/arrow.plot	[no test files]
?   	rtdal/generated/r-files/fields/R/as.image	[no test files]
?   	rtdal/generated/r-files/fields/R/as.surface	[no test files]
?   	rtdal/generated/r-files/fields/R/augmentPredictionGrid	[no test files]
?   	rtdal/generated/r-files/fields/R/bisection.search	[no test files]
?   	rtdal/generated/r-files/fields/R/bplot.family	[no test files]
?   	rtdal/generated/r-files/fields/R/bubblePlot	[no test files]
?   	rtdal/generated/r-files/fields/R/cat.matrix	[no test files]
?   	rtdal/generated/r-files/fields/R/cat.to.list	[no test files]
?   	rtdal/generated/r-files/fields/R/ceiling2	[no test files]
?   	rtdal/generated/r-files/fields/R/circulantEmbedding	[no test files]
?   	rtdal/generated/r-files/fields/R/circulantEmbeddingSetup	[no test files]
?   	rtdal/generated/r-files/fields/R/coef.Krig	[no test files]
?   	rtdal/generated/r-files/fields/R/color.scale	[no test files]
?   	rtdal/generated/r-files/fields/R/colorBar	[no test files]
?   	rtdal/generated/r-files/fields/R/colorbar.plot	[no test files]
?   	rtdal/generated/r-files/fields/R/compactToMat	[no test files]
?   	rtdal/generated/r-files/fields/R/confidenceIntervalMLE	[no test files]
?   	rtdal/generated/r-files/fields/R/cover.design	[no test files]
?   	rtdal/generated/r-files/fields/R/cubic.cov	[no test files]
?   	rtdal/generated/r-files/fields/R/describe	[no test files]
?   	rtdal/generated/r-files/fields/R/discretize.image	[no test files]
?   	rtdal/generated/r-files/fields/R/divMap	[no test files]
?   	rtdal/generated/r-files/fields/R/double.exp	[no test files]
?   	rtdal/generated/r-files/fields/R/drape.color	[no test files]
?   	rtdal/generated/r-files/fields/R/drape.plot	[no test files]
?   	rtdal/generated/r-files/fields/R/dyadic.2check	[no test files]
?   	rtdal/generated/r-files/fields/R/dyadic.check	[no test files]
?   	rtdal/generated/r-files/fields/R/envelopePlot	[no test files]
?   	rtdal/generated/r-files/fields/R/evlpoly	[no test files]
?   	rtdal/generated/r-files/fields/R/evlpoly2	[no test files]
?   	rtdal/generated/r-files/fields/R/exp.cov	[no test files]
?   	rtdal/generated/r-files/fields/R/exp.earth.cov	[no test files]
?   	rtdal/generated/r-files/fields/R/exp.image.cov	[no test files]
?   	rtdal/generated/r-files/fields/R/exp.simple.cov	[no test files]
?   	rtdal/generated/r-files/fields/R/fast.1way	[no test files]
?   	rtdal/generated/r-files/fields/R/fastTps	[no test files]
?   	rtdal/generated/r-files/fields/R/fields.color.picker	[no test files]
?   	rtdal/generated/r-files/fields/R/fields.convert.grid	[no test files]
?   	rtdal/generated/r-files/fields/R/fields.derivative.poly	[no test files]
?   	rtdal/generated/r-files/fields/R/fields.duplicated.matrix	[no test files]
?   	rtdal/generated/r-files/fields/R/fields.mkpoly	[no test files]
?   	rtdal/generated/r-files/fields/R/fields.rdist.near	[no test files]
?   	rtdal/generated/r-files/fields/R/fields.style	[no test files]
?   	rtdal/generated/r-files/fields/R/fields.x.to.grid	[no test files]
?   	rtdal/generated/r-files/fields/R/fillGrid	[no test files]
?   	rtdal/generated/r-files/fields/R/find.upcross	[no test files]
?   	rtdal/generated/r-files/fields/R/findGridBox	[no test files]
?   	rtdal/generated/r-files/fields/R/fitted.Krig	[no test files]
?   	rtdal/generated/r-files/fields/R/flame	[no test files]
?   	rtdal/generated/r-files/fields/R/gauss.cov	[no test files]
?   	rtdal/generated/r-files/fields/R/gcv.sreg	[no test files]
?   	rtdal/generated/r-files/fields/R/golden.section.search	[no test files]
?   	rtdal/generated/r-files/fields/R/image.family	[no test files]
?   	rtdal/generated/r-files/fields/R/image.plot	[no test files]
?   	rtdal/generated/r-files/fields/R/image.smooth	[no test files]
?   	rtdal/generated/r-files/fields/R/imagePlot	[no test files]
?   	rtdal/generated/r-files/fields/R/imagePlotOLD	[no test files]
?   	rtdal/generated/r-files/fields/R/in.poly	[no test files]
?   	rtdal/generated/r-files/fields/R/interp.surface	[no test files]
?   	rtdal/generated/r-files/fields/R/interp.surface.FFT	[no test files]
?   	rtdal/generated/r-files/fields/R/interp.surface.grid	[no test files]
?   	rtdal/generated/r-files/fields/R/larry.colors	[no test files]
?   	rtdal/generated/r-files/fields/R/mKrig	[no test files]
?   	rtdal/generated/r-files/fields/R/mKrigCheckXY	[no test files]
?   	rtdal/generated/r-files/fields/R/mKrigFastPredict	[no test files]
?   	rtdal/generated/r-files/fields/R/mKrigFastPredictSetup	[no test files]
?   	rtdal/generated/r-files/fields/R/mKrigMLEGrid	[no test files]
?   	rtdal/generated/r-files/fields/R/mKrigMLEJoint	[no test files]
?   	rtdal/generated/r-files/fields/R/mKrigMisc	[no test files]
?   	rtdal/generated/r-files/fields/R/make.surface.grid	[no test files]
?   	rtdal/generated/r-files/fields/R/makeMultiIndex	[no test files]
?   	rtdal/generated/r-files/fields/R/matern.image.cov	[no test files]
?   	rtdal/generated/r-files/fields/R/minimax.crit	[no test files]
?   	rtdal/generated/r-files/fields/R/minitri	[no test files]
?   	rtdal/generated/r-files/fields/R/multWendlandGrid	[no test files]
?   	rtdal/generated/r-files/fields/R/offGridWeights	[no test files]
?   	rtdal/generated/r-files/fields/R/offGridWeights1D	[no test files]
?   	rtdal/generated/r-files/fields/R/offGridWeights2D	[no test files]
?   	rtdal/generated/r-files/fields/R/panelPlotExample	[no test files]
?   	rtdal/generated/r-files/fields/R/parse.grid.list	[no test files]
?   	rtdal/generated/r-files/fields/R/plot.Krig	[no test files]
?   	rtdal/generated/r-files/fields/R/plot.spatialDesign	[no test files]
?   	rtdal/generated/r-files/fields/R/plot.spatialProcess	[no test files]
?   	rtdal/generated/r-files/fields/R/plot.sreg	[no test files]
?   	rtdal/generated/r-files/fields/R/plot.surface	[no test files]
?   	rtdal/generated/r-files/fields/R/plot.vgram.matrix	[no test files]
?   	rtdal/generated/r-files/fields/R/plotMatrix	[no test files]
?   	rtdal/generated/r-files/fields/R/poly.image	[no test files]
?   	rtdal/generated/r-files/fields/R/predict.Krig	[no test files]
?   	rtdal/generated/r-files/fields/R/predict.fastTps	[no test files]
?   	rtdal/generated/r-files/fields/R/predict.interp.surface	[no test files]
?   	rtdal/generated/r-files/fields/R/predict.mKrig	[no test files]
?   	rtdal/generated/r-files/fields/R/predict.sreg	[no test files]
?   	rtdal/generated/r-files/fields/R/predictDerivative.Krig	[no test files]
?   	rtdal/generated/r-files/fields/R/predictSE	[no test files]
?   	rtdal/generated/r-files/fields/R/predictSE.Krig	[no test files]
?   	rtdal/generated/r-files/fields/R/predictSE.mKrig	[no test files]
?   	rtdal/generated/r-files/fields/R/predictSEUsingKrigA	[no test files]
?   	rtdal/generated/r-files/fields/R/predictSurface.Krig	[no test files]
?   	rtdal/generated/r-files/fields/R/predictSurface.family	[no test files]
?   	rtdal/generated/r-files/fields/R/predictSurface.fastTps	[no test files]
?   	rtdal/generated/r-files/fields/R/predictSurface.mKrig	[no test files]
?   	rtdal/generated/r-files/fields/R/predictSurfaceSE	[no test files]
?   	rtdal/generated/r-files/fields/R/print.Krig	[no test files]
?   	rtdal/generated/r-files/fields/R/print.mKrig	[no test files]
?   	rtdal/generated/r-files/fields/R/print.mKrig.summary	[no test files]
?   	rtdal/generated/r-files/fields/R/print.spatial.design	[no test files]
?   	rtdal/generated/r-files/fields/R/print.spatialProcess	[no test files]
?   	rtdal/generated/r-files/fields/R/print.spatialProcessSummary	[no test files]
?   	rtdal/generated/r-files/fields/R/print.sreg	[no test files]
?   	rtdal/generated/r-files/fields/R/print.summary.Krig	[no test files]
?   	rtdal/generated/r-files/fields/R/print.summary.sreg	[no test files]
?   	rtdal/generated/r-files/fields/R/print.summarySpatialDesign	[no test files]
?   	rtdal/generated/r-files/fields/R/printGCVWarnings	[no test files]
?   	rtdal/generated/r-files/fields/R/profile	[no test files]
?   	rtdal/generated/r-files/fields/R/profileCI	[no test files]
?   	rtdal/generated/r-files/fields/R/profileMLE	[no test files]
?   	rtdal/generated/r-files/fields/R/qr.q2ty	[no test files]
?   	rtdal/generated/r-files/fields/R/qr.yq2	[no test files]
?   	rtdal/generated/r-files/fields/R/qsreg.family	[no test files]
?   	rtdal/generated/r-files/fields/R/quickPrint	[no test files]
?   	rtdal/generated/r-files/fields/R/quilt.plot	[no test files]
?   	rtdal/generated/r-files/fields/R/rad.cov	[no test files]
?   	rtdal/generated/r-files/fields/R/rad.image.cov	[no test files]
?   	rtdal/generated/r-files/fields/R/rad.simple.cov	[no test files]
?   	rtdal/generated/r-files/fields/R/radbas.constant	[no test files]
?   	rtdal/generated/r-files/fields/R/rat.diet	[no test files]
?   	rtdal/generated/r-files/fields/R/rdist	[no test files]
?   	rtdal/generated/r-files/fields/R/rdist.earth	[no test files]
?   	rtdal/generated/r-files/fields/R/rdist.earth.vec	[no test files]
?   	rtdal/generated/r-files/fields/R/rdist.vec	[no test files]
?   	rtdal/generated/r-files/fields/R/residuals.Krig	[no test files]
?   	rtdal/generated/r-files/fields/R/ribbon.plot	[no test files]
?   	rtdal/generated/r-files/fields/R/set.panel	[no test files]
?   	rtdal/generated/r-files/fields/R/setup.image.smooth	[no test files]
?   	rtdal/generated/r-files/fields/R/setupLegend	[no test files]
?   	rtdal/generated/r-files/fields/R/sim.Krig	[no test files]
?   	rtdal/generated/r-files/fields/R/sim.rf	[no test files]
?   	rtdal/generated/r-files/fields/R/sim.spatialProcess	[no test files]
?   	rtdal/generated/r-files/fields/R/simLocal.spatialProcess	[no test files]
?   	rtdal/generated/r-files/fields/R/simSpatialData	[no test files]
?   	rtdal/generated/r-files/fields/R/smooth.2d	[no test files]
?   	rtdal/generated/r-files/fields/R/snow.colors	[no test files]
?   	rtdal/generated/r-files/fields/R/spam_2lz	[no test files]
?   	rtdal/generated/r-files/fields/R/spatialProcess	[no test files]
?   	rtdal/generated/r-files/fields/R/spatialProcessSetDefaults	[no test files]
?   	rtdal/generated/r-files/fields/R/splint	[no test files]
?   	rtdal/generated/r-files/fields/R/sreg.family	[no test files]
?   	rtdal/generated/r-files/fields/R/stationary.cov	[no test files]
?   	rtdal/generated/r-files/fields/R/stationary.image.cov	[no test files]
?   	rtdal/generated/r-files/fields/R/stationary.taper.cov	[no test files]
?   	rtdal/generated/r-files/fields/R/stationaryImageCov	[no test files]
?   	rtdal/generated/r-files/fields/R/stats	[no test files]
?   	rtdal/generated/r-files/fields/R/stats.bin	[no test files]
?   	rtdal/generated/r-files/fields/R/summary.Krig	[no test files]
?   	rtdal/generated/r-files/fields/R/summary.mKrig	[no test files]
?   	rtdal/generated/r-files/fields/R/summary.ncdf	[no test files]
?   	rtdal/generated/r-files/fields/R/summary.spatialDesign	[no test files]
?   	rtdal/generated/r-files/fields/R/summary.spatialProcess	[no test files]
?   	rtdal/generated/r-files/fields/R/summary.sreg	[no test files]
?   	rtdal/generated/r-files/fields/R/summaryGCV.Krig	[no test files]
?   	rtdal/generated/r-files/fields/R/summaryGCV.sreg	[no test files]
?   	rtdal/generated/r-files/fields/R/supportsArg	[no test files]
?   	rtdal/generated/r-files/fields/R/surface.family	[no test files]
?   	rtdal/generated/r-files/fields/R/test.for.zero	[no test files]
?   	rtdal/generated/r-files/fields/R/tim.colors	[no test files]
?   	rtdal/generated/r-files/fields/R/transformx	[no test files]
?   	rtdal/generated/r-files/fields/R/unrollZGrid	[no test files]
?   	rtdal/generated/r-files/fields/R/unscale	[no test files]
?   	rtdal/generated/r-files/fields/R/vgram.family	[no test files]
?   	rtdal/generated/r-files/fields/R/vgram.matrix	[no test files]
?   	rtdal/generated/r-files/fields/R/wendland.family	[no test files]
?   	rtdal/generated/r-files/fields/R/wendland.image.cov	[no test files]
?   	rtdal/generated/r-files/fields/R/which.max.matrix	[no test files]
?   	rtdal/generated/r-files/fields/R/world	[no test files]
?   	rtdal/generated/r-files/fields/R/xline	[no test files]
?   	rtdal/generated/r-files/fields/R/yline	[no test files]
?   	rtdal/generated/r-files/fields/tests/Krig.Z.test	[no test files]
?   	rtdal/generated/r-files/fields/tests/Krig.se.W	[no test files]
?   	rtdal/generated/r-files/fields/tests/Krig.se.grid.test	[no test files]
?   	rtdal/generated/r-files/fields/tests/Krig.se.test	[no test files]
?   	rtdal/generated/r-files/fields/tests/Krig.test	[no test files]
?   	rtdal/generated/r-files/fields/tests/Krig.test.W	[no test files]
?   	rtdal/generated/r-files/fields/tests/KrigGCVREML.test	[no test files]
?   	rtdal/generated/r-files/fields/tests/Likelihood.test	[no test files]
?   	rtdal/generated/r-files/fields/tests/SEFixedParameters	[no test files]
?   	rtdal/generated/r-files/fields/tests/Tps.test	[no test files]
?   	rtdal/generated/r-files/fields/tests/Wend.test	[no test files]
?   	rtdal/generated/r-files/fields/tests/cov.test	[no test files]
?   	rtdal/generated/r-files/fields/tests/cov.test2	[no test files]
?   	rtdal/generated/r-files/fields/tests/derivative.test	[no test files]
?   	rtdal/generated/r-files/fields/tests/diag.multiply.test	[no test files]
?   	rtdal/generated/r-files/fields/tests/evlpoly.test	[no test files]
?   	rtdal/generated/r-files/fields/tests/fastTpsPredict.test	[no test files]
?   	rtdal/generated/r-files/fields/tests/mKrig	[no test files]
?   	rtdal/generated/r-files/fields/tests/mKrig.Z	[no test files]
?   	rtdal/generated/r-files/fields/tests/mKrig.parameters.test	[no test files]
?   	rtdal/generated/r-files/fields/tests/mKrig.se.test	[no test files]
?   	rtdal/generated/r-files/fields/tests/mKrig.test	[no test files]
?   	rtdal/generated/r-files/fields/tests/mKrigMLETest	[no test files]
?   	rtdal/generated/r-files/fields/tests/mKrigREMLTest	[no test files]
?   	rtdal/generated/r-files/fields/tests/misc.test	[no test files]
?   	rtdal/generated/r-files/fields/tests/offGridWeights.test	[no test files]
?   	rtdal/generated/r-files/fields/tests/offGridWeightsNew.test	[no test files]
?   	rtdal/generated/r-files/fields/tests/spam.test	[no test files]
?   	rtdal/generated/r-files/fields/tests/sreg.test	[no test files]
?   	rtdal/generated/r-files/fields/tests/testO3LocalExample	[no test files]
?   	rtdal/generated/r-files/fields/tests/testZCommon	[no test files]
?   	rtdal/generated/r-files/fields/tests/vgram.test	[no test files]
?   	rtdal/generated/r-files/fields/tests/vgram2.test	[no test files]
?   	rtdal/generated/r-files/fontawesome/R/fa	[no test files]
?   	rtdal/generated/r-files/fontawesome/R/fa_brands	[no test files]
?   	rtdal/generated/r-files/fontawesome/R/fa_html_dependency	[no test files]
?   	rtdal/generated/r-files/fontawesome/R/fa_i	[no test files]
?   	rtdal/generated/r-files/fontawesome/R/fa_metadata	[no test files]
?   	rtdal/generated/r-files/fontawesome/R/fa_png	[no test files]
?   	rtdal/generated/r-files/fontawesome/R/fa_version	[no test files]
?   	rtdal/generated/r-files/fontawesome/R/knit_print	[no test files]
?   	rtdal/generated/r-files/fontawesome/R/print	[no test files]
?   	rtdal/generated/r-files/fontawesome/R/staticimports	[no test files]
?   	rtdal/generated/r-files/fontawesome/R/utils	[no test files]
?   	rtdal/generated/r-files/fontawesome/R/zzz	[no test files]
?   	rtdal/generated/r-files/fontawesome/inst/apps/138-icon-fontawesome/app	[no test files]
?   	rtdal/generated/r-files/fontawesome/tests/testthat	[no test files]
?   	rtdal/generated/r-files/fontawesome/tests/testthat/test-fa_icon	[no test files]
?   	rtdal/generated/r-files/foreign/R/R_systat	[no test files]
?   	rtdal/generated/r-files/foreign/R/Sread	[no test files]
?   	rtdal/generated/r-files/foreign/R/arff	[no test files]
?   	rtdal/generated/r-files/foreign/R/dbf	[no test files]
?   	rtdal/generated/r-files/foreign/R/minitab	[no test files]
?   	rtdal/generated/r-files/foreign/R/octave	[no test files]
?   	rtdal/generated/r-files/foreign/R/read.dta	[no test files]
?   	rtdal/generated/r-files/foreign/R/read.epiinfo	[no test files]
?   	rtdal/generated/r-files/foreign/R/read.ssd	[no test files]
?   	rtdal/generated/r-files/foreign/R/spss	[no test files]
?   	rtdal/generated/r-files/foreign/R/writeForeignCode	[no test files]
?   	rtdal/generated/r-files/foreign/R/writeForeignSAS	[no test files]
?   	rtdal/generated/r-files/foreign/R/xport	[no test files]
?   	rtdal/generated/r-files/foreign/R/zzz	[no test files]
?   	rtdal/generated/r-files/foreign/tests/S3	[no test files]
?   	rtdal/generated/r-files/foreign/tests/arff	[no test files]
?   	rtdal/generated/r-files/foreign/tests/download	[no test files]
?   	rtdal/generated/r-files/foreign/tests/minitab	[no test files]
?   	rtdal/generated/r-files/foreign/tests/mval_bug	[no test files]
?   	rtdal/generated/r-files/foreign/tests/octave	[no test files]
?   	rtdal/generated/r-files/foreign/tests/sas	[no test files]
?   	rtdal/generated/r-files/foreign/tests/spss	[no test files]
?   	rtdal/generated/r-files/foreign/tests/stata	[no test files]
?   	rtdal/generated/r-files/foreign/tests/testEmpty	[no test files]
?   	rtdal/generated/r-files/foreign/tests/writeForeignSPSS	[no test files]
?   	rtdal/generated/r-files/foreign/tests/xport	[no test files]
?   	rtdal/generated/r-files/fs/R/access	[no test files]
?   	rtdal/generated/r-files/fs/R/copy	[no test files]
?   	rtdal/generated/r-files/fs/R/create	[no test files]
?   	rtdal/generated/r-files/fs/R/delete	[no test files]
?   	rtdal/generated/r-files/fs/R/file	[no test files]
?   	rtdal/generated/r-files/fs/R/fs-package	[no test files]
?   	rtdal/generated/r-files/fs/R/fs_bytes	[no test files]
?   	rtdal/generated/r-files/fs/R/fs_path	[no test files]
?   	rtdal/generated/r-files/fs/R/fs_perms	[no test files]
?   	rtdal/generated/r-files/fs/R/id	[no test files]
?   	rtdal/generated/r-files/fs/R/is	[no test files]
?   	rtdal/generated/r-files/fs/R/link	[no test files]
?   	rtdal/generated/r-files/fs/R/list	[no test files]
?   	rtdal/generated/r-files/fs/R/package	[no test files]
?   	rtdal/generated/r-files/fs/R/path	[no test files]
?   	rtdal/generated/r-files/fs/R/path_package	[no test files]
?   	rtdal/generated/r-files/fs/R/path_select	[no test files]
?   	rtdal/generated/r-files/fs/R/sanitize	[no test files]
?   	rtdal/generated/r-files/fs/R/temp	[no test files]
?   	rtdal/generated/r-files/fs/R/tree	[no test files]
?   	rtdal/generated/r-files/fs/R/utils	[no test files]
?   	rtdal/generated/r-files/fs/R/zzz	[no test files]
?   	rtdal/generated/r-files/fs/inst/doc/function-comparisons	[no test files]
?   	rtdal/generated/r-files/fs/tests/spelling	[no test files]
?   	rtdal/generated/r-files/fs/tests/testthat	[no test files]
?   	rtdal/generated/r-files/fs/tests/testthat/helper	[no test files]
?   	rtdal/generated/r-files/fs/tests/testthat/test-access	[no test files]
?   	rtdal/generated/r-files/fs/tests/testthat/test-copy	[no test files]
?   	rtdal/generated/r-files/fs/tests/testthat/test-create	[no test files]
?   	rtdal/generated/r-files/fs/tests/testthat/test-delete	[no test files]
?   	rtdal/generated/r-files/fs/tests/testthat/test-file	[no test files]
?   	rtdal/generated/r-files/fs/tests/testthat/test-file_exists	[no test files]
?   	rtdal/generated/r-files/fs/tests/testthat/test-fs_bytes	[no test files]
?   	rtdal/generated/r-files/fs/tests/testthat/test-fs_path	[no test files]
?   	rtdal/generated/r-files/fs/tests/testthat/test-fs_perms	[no test files]
?   	rtdal/generated/r-files/fs/tests/testthat/test-id	[no test files]
?   	rtdal/generated/r-files/fs/tests/testthat/test-is	[no test files]
?   	rtdal/generated/r-files/fs/tests/testthat/test-link	[no test files]
?   	rtdal/generated/r-files/fs/tests/testthat/test-list	[no test files]
?   	rtdal/generated/r-files/fs/tests/testthat/test-path	[no test files]
?   	rtdal/generated/r-files/fs/tests/testthat/test-path_package	[no test files]
?   	rtdal/generated/r-files/fs/tests/testthat/test-path_select	[no test files]
?   	rtdal/generated/r-files/fs/tests/testthat/test-sanitize	[no test files]
?   	rtdal/generated/r-files/fs/tests/testthat/test-temp	[no test files]
?   	rtdal/generated/r-files/fs/tests/testthat/test-tree	[no test files]
?   	rtdal/generated/r-files/fs/tests/testthat/test-utils	[no test files]
?   	rtdal/generated/r-files/generics/R/accuracy	[no test files]
?   	rtdal/generated/r-files/generics/R/augment	[no test files]
?   	rtdal/generated/r-files/generics/R/calculate	[no test files]
?   	rtdal/generated/r-files/generics/R/coercion	[no test files]
?   	rtdal/generated/r-files/generics/R/compile	[no test files]
?   	rtdal/generated/r-files/generics/R/components	[no test files]
?   	rtdal/generated/r-files/generics/R/docs	[no test files]
?   	rtdal/generated/r-files/generics/R/equation	[no test files]
?   	rtdal/generated/r-files/generics/R/estfun	[no test files]
?   	rtdal/generated/r-files/generics/R/evaluate	[no test files]
?   	rtdal/generated/r-files/generics/R/explain	[no test files]
?   	rtdal/generated/r-files/generics/R/explore	[no test files]
?   	rtdal/generated/r-files/generics/R/fit	[no test files]
?   	rtdal/generated/r-files/generics/R/fit_xy	[no test files]
?   	rtdal/generated/r-files/generics/R/forecast	[no test files]
?   	rtdal/generated/r-files/generics/R/generate	[no test files]
?   	rtdal/generated/r-files/generics/R/generics-package	[no test files]
?   	rtdal/generated/r-files/generics/R/glance	[no test files]
?   	rtdal/generated/r-files/generics/R/hypothesize	[no test files]
?   	rtdal/generated/r-files/generics/R/interpolate	[no test files]
?   	rtdal/generated/r-files/generics/R/learn	[no test files]
?   	rtdal/generated/r-files/generics/R/min_grid	[no test files]
?   	rtdal/generated/r-files/generics/R/prune	[no test files]
?   	rtdal/generated/r-files/generics/R/rank_results	[no test files]
?   	rtdal/generated/r-files/generics/R/refit	[no test files]
?   	rtdal/generated/r-files/generics/R/required_pkgs	[no test files]
?   	rtdal/generated/r-files/generics/R/sets	[no test files]
?   	rtdal/generated/r-files/generics/R/specify	[no test files]
?   	rtdal/generated/r-files/generics/R/tidy	[no test files]
?   	rtdal/generated/r-files/generics/R/train	[no test files]
?   	rtdal/generated/r-files/generics/R/tunable	[no test files]
?   	rtdal/generated/r-files/generics/R/tune_args	[no test files]
?   	rtdal/generated/r-files/generics/R/utils	[no test files]
?   	rtdal/generated/r-files/generics/R/var_imp	[no test files]
?   	rtdal/generated/r-files/generics/R/varying_args	[no test files]
?   	rtdal/generated/r-files/generics/R/visualize	[no test files]
?   	rtdal/generated/r-files/generics/tests/testthat	[no test files]
?   	rtdal/generated/r-files/generics/tests/testthat/test-docs	[no test files]
?   	rtdal/generated/r-files/generics/tests/testthat/testGenericsExtension/R/a	[no test files]
?   	rtdal/generated/r-files/generics/tests/testthat/testMultiMethod/R/a	[no test files]
?   	rtdal/generated/r-files/generics/tests/testthat/testMultiPackage/R/a	[no test files]
?   	rtdal/generated/r-files/generics/tests/testthat/testS4Docs/R/a	[no test files]
?   	rtdal/generated/r-files/generics/tests/testthat/testSameRd/R/a	[no test files]
?   	rtdal/generated/r-files/generics/tests/testthat/testSingleMethod/R/a	[no test files]
?   	rtdal/generated/r-files/geodist/R/geodist	[no test files]
?   	rtdal/generated/r-files/geodist/R/geodist-min	[no test files]
?   	rtdal/generated/r-files/geodist/R/geodist-package	[no test files]
?   	rtdal/generated/r-files/geodist/R/geodist-vec	[no test files]
?   	rtdal/generated/r-files/geodist/R/georange	[no test files]
?   	rtdal/generated/r-files/geodist/R/utils	[no test files]
?   	rtdal/generated/r-files/geodist/inst/doc/geodist	[no test files]
?   	rtdal/generated/r-files/geodist/tests/testthat	[no test files]
?   	rtdal/generated/r-files/geodist/tests/testthat/test-geodist	[no test files]
?   	rtdal/generated/r-files/geodist/tests/testthat/test-geodist-min	[no test files]
?   	rtdal/generated/r-files/geodist/tests/testthat/test-georange	[no test files]
?   	rtdal/generated/r-files/geodist/tests/testthat/test-input-format	[no test files]
?   	rtdal/generated/r-files/geodist/tests/testthat/test-measures	[no test files]
?   	rtdal/generated/r-files/geojsonsf/R/RcppExports	[no test files]
?   	rtdal/generated/r-files/geojsonsf/R/geojson_sf	[no test files]
?   	rtdal/generated/r-files/geojsonsf/R/geojson_wkt	[no test files]
?   	rtdal/generated/r-files/geojsonsf/R/geojsonsf-package	[no test files]
?   	rtdal/generated/r-files/geojsonsf/R/onAttach	[no test files]
?   	rtdal/generated/r-files/geojsonsf/R/sf_geojson	[no test files]
?   	rtdal/generated/r-files/geojsonsf/inst/doc/geojson-sf-conversions	[no test files]
?   	rtdal/generated/r-files/geojsonsf/inst/tinytest/test-ZM	[no test files]
?   	rtdal/generated/r-files/geojsonsf/inst/tinytest/test-crs	[no test files]
?   	rtdal/generated/r-files/geojsonsf/inst/tinytest/test-data_types	[no test files]
?   	rtdal/generated/r-files/geojsonsf/inst/tinytest/test-df_geojson	[no test files]
?   	rtdal/generated/r-files/geojsonsf/inst/tinytest/test-digits	[no test files]
?   	rtdal/generated/r-files/geojsonsf/inst/tinytest/test-downcast	[no test files]
?   	rtdal/generated/r-files/geojsonsf/inst/tinytest/test-empty_geometries	[no test files]
?   	rtdal/generated/r-files/geojsonsf/inst/tinytest/test-errors	[no test files]
?   	rtdal/generated/r-files/geojsonsf/inst/tinytest/test-geojson_mix	[no test files]
?   	rtdal/generated/r-files/geojsonsf/inst/tinytest/test-geojson_properties	[no test files]
?   	rtdal/generated/r-files/geojsonsf/inst/tinytest/test-geojson_sf	[no test files]
?   	rtdal/generated/r-files/geojsonsf/inst/tinytest/test-geojson_sf_simplify	[no test files]
?   	rtdal/generated/r-files/geojsonsf/inst/tinytest/test-geojson_types	[no test files]
?   	rtdal/generated/r-files/geojsonsf/inst/tinytest/test-geojson_validate	[no test files]
?   	rtdal/generated/r-files/geojsonsf/inst/tinytest/test-geojson_wkt	[no test files]
?   	rtdal/generated/r-files/geojsonsf/inst/tinytest/test-geometries	[no test files]
?   	rtdal/generated/r-files/geojsonsf/inst/tinytest/test-geometrycollection	[no test files]
?   	rtdal/generated/r-files/geojsonsf/inst/tinytest/test-null_geometries	[no test files]
?   	rtdal/generated/r-files/geojsonsf/inst/tinytest/test-print	[no test files]
?   	rtdal/generated/r-files/geojsonsf/inst/tinytest/test-read_geojson	[no test files]
?   	rtdal/generated/r-files/geojsonsf/inst/tinytest/test-sf_attributes	[no test files]
?   	rtdal/generated/r-files/geojsonsf/inst/tinytest/test-sf_geojson	[no test files]
?   	rtdal/generated/r-files/geojsonsf/tests/tinytest	[no test files]
?   	rtdal/generated/r-files/geometries/R/RcppExports	[no test files]
?   	rtdal/generated/r-files/geometries/R/coordinates	[no test files]
?   	rtdal/generated/r-files/geometries/R/geometries	[no test files]
?   	rtdal/generated/r-files/geometries/R/geometrires-package	[no test files]
?   	rtdal/generated/r-files/geometries/inst/doc/geometries	[no test files]
?   	rtdal/generated/r-files/geometries/inst/tinytest/test_attributes	[no test files]
?   	rtdal/generated/r-files/geometries/inst/tinytest/test_bbox	[no test files]
?   	rtdal/generated/r-files/geometries/inst/tinytest/test_close	[no test files]
?   	rtdal/generated/r-files/geometries/inst/tinytest/test_columns	[no test files]
?   	rtdal/generated/r-files/geometries/inst/tinytest/test_coordinates	[no test files]
?   	rtdal/generated/r-files/geometries/inst/tinytest/test_dataframe	[no test files]
?   	rtdal/generated/r-files/geometries/inst/tinytest/test_geometries	[no test files]
?   	rtdal/generated/r-files/geometries/inst/tinytest/test_lines	[no test files]
?   	rtdal/generated/r-files/geometries/inst/tinytest/test_list	[no test files]
?   	rtdal/generated/r-files/geometries/inst/tinytest/test_matrix	[no test files]
?   	rtdal/generated/r-files/geometries/inst/tinytest/test_nest	[no test files]
?   	rtdal/generated/r-files/geometries/inst/tinytest/test_rleid	[no test files]
?   	rtdal/generated/r-files/geometries/inst/tinytest/test_sexp	[no test files]
?   	rtdal/generated/r-files/geometries/inst/tinytest/test_split	[no test files]
?   	rtdal/generated/r-files/geometries/inst/tinytest/test_src	[no test files]
?   	rtdal/generated/r-files/geometries/inst/tinytest/test_unique	[no test files]
?   	rtdal/generated/r-files/geometries/inst/tinytest/test_utils	[no test files]
?   	rtdal/generated/r-files/geometries/tests/tinytest	[no test files]
?   	rtdal/generated/r-files/georob/R/georob_S3methods	[no test files]
?   	rtdal/generated/r-files/georob/R/georob_cv	[no test files]
?   	rtdal/generated/r-files/georob/R/georob_exported_functions	[no test files]
?   	rtdal/generated/r-files/georob/R/georob_lgnpp	[no test files]
?   	rtdal/generated/r-files/georob/R/georob_predict	[no test files]
?   	rtdal/generated/r-files/georob/R/georob_private_further_functions	[no test files]
?   	rtdal/generated/r-files/georob/R/georob_private_generalized_covariances	[no test files]
?   	rtdal/generated/r-files/georob/R/georob_private_georob_fit	[no test files]
?   	rtdal/generated/r-files/georob/R/georob_private_psi_functions_etc	[no test files]
?   	rtdal/generated/r-files/georob/R/georob_simulation	[no test files]
?   	rtdal/generated/r-files/georob/R/georob_variogram	[no test files]
?   	rtdal/generated/r-files/georob/inst/doc/georob_vignette	[no test files]
?   	rtdal/generated/r-files/ggplot2/R/aaa-	[no test files]
?   	rtdal/generated/r-files/ggplot2/R/aes	[no test files]
?   	rtdal/generated/r-files/ggplot2/R/aes-colour-fill-alpha	[no test files]
?   	rtdal/generated/r-files/ggplot2/R/aes-evaluation	[no test files]
?   	rtdal/generated/r-files/ggplot2/R/aes-group-order	[no test files]
?   	rtdal/generated/r-files/ggplot2/R/aes-linetype-size-shape	[no test files]
?   	rtdal/generated/r-files/ggplot2/R/aes-position	[no test files]
?   	rtdal/generated/r-files/ggplot2/R/all-classes	[no test files]
?   	rtdal/generated/r-files/ggplot2/R/annotation	[no test files]
?   	rtdal/generated/r-files/ggplot2/R/annotation-borders	[no test files]
?   	rtdal/generated/r-files/ggplot2/R/annotation-custom	[no test files]
?   	rtdal/generated/r-files/ggplot2/R/annotation-logticks	[no test files]
?   	rtdal/generated/r-files/ggplot2/R/annotation-map	[no test files]
?   	rtdal/generated/r-files/ggplot2/R/annotation-raster	[no test files]
?   	rtdal/generated/r-files/ggplot2/R/autolayer	[no test files]
?   	rtdal/generated/r-files/ggplot2/R/autoplot	[no test files]
?   	rtdal/generated/r-files/ggplot2/R/axis-secondary	[no test files]
?   	rtdal/generated/r-files/ggplot2/R/backports	[no test files]
?   	rtdal/generated/r-files/ggplot2/R/bench	[no test files]
?   	rtdal/generated/r-files/ggplot2/R/bin	[no test files]
?   	rtdal/generated/r-files/ggplot2/R/compat-plyr	[no test files]
?   	rtdal/generated/r-files/ggplot2/R/coord-	[no test files]
?   	rtdal/generated/r-files/ggplot2/R/coord-cartesian-	[no test files]
?   	rtdal/generated/r-files/ggplot2/R/coord-fixed	[no test files]
?   	rtdal/generated/r-files/ggplot2/R/coord-flip	[no test files]
?   	rtdal/generated/r-files/ggplot2/R/coord-map	[no test files]
?   	rtdal/generated/r-files/ggplot2/R/coord-munch	[no test files]
?   	rtdal/generated/r-files/ggplot2/R/coord-polar	[no test files]
?   	rtdal/generated/r-files/ggplot2/R/coord-quickmap	[no test files]
?   	rtdal/generated/r-files/ggplot2/R/coord-radial	[no test files]
?   	rtdal/generated/r-files/ggplot2/R/coord-sf	[no test files]
?   	rtdal/generated/r-files/ggplot2/R/coord-transform	[no test files]
?   	rtdal/generated/r-files/ggplot2/R/data	[no test files]
?   	rtdal/generated/r-files/ggplot2/R/docs_layer	[no test files]
?   	rtdal/generated/r-files/ggplot2/R/facet-	[no test files]
?   	rtdal/generated/r-files/ggplot2/R/facet-grid-	[no test files]
?   	rtdal/generated/r-files/ggplot2/R/facet-null	[no test files]
?   	rtdal/generated/r-files/ggplot2/R/facet-wrap	[no test files]
?   	rtdal/generated/r-files/ggplot2/R/fortify	[no test files]
?   	rtdal/generated/r-files/ggplot2/R/fortify-map	[no test files]
?   	rtdal/generated/r-files/ggplot2/R/fortify-models	[no test files]
?   	rtdal/generated/r-files/ggplot2/R/fortify-spatial	[no test files]
?   	rtdal/generated/r-files/ggplot2/R/geom-	[no test files]
?   	rtdal/generated/r-files/ggplot2/R/geom-abline	[no test files]
?   	rtdal/generated/r-files/ggplot2/R/geom-bar	[no test files]
?   	rtdal/generated/r-files/ggplot2/R/geom-bin2d	[no test files]
?   	rtdal/generated/r-files/ggplot2/R/geom-blank	[no test files]
?   	rtdal/generated/r-files/ggplot2/R/geom-boxplot	[no test files]
?   	rtdal/generated/r-files/ggplot2/R/geom-col	[no test files]
?   	rtdal/generated/r-files/ggplot2/R/geom-contour	[no test files]
?   	rtdal/generated/r-files/ggplot2/R/geom-count	[no test files]
?   	rtdal/generated/r-files/ggplot2/R/geom-crossbar	[no test files]
?   	rtdal/generated/r-files/ggplot2/R/geom-curve	[no test files]
?   	rtdal/generated/r-files/ggplot2/R/geom-defaults	[no test files]
?   	rtdal/generated/r-files/ggplot2/R/geom-density	[no test files]
?   	rtdal/generated/r-files/ggplot2/R/geom-density2d	[no test files]
?   	rtdal/generated/r-files/ggplot2/R/geom-dotplot	[no test files]
?   	rtdal/generated/r-files/ggplot2/R/geom-errorbar	[no test files]
?   	rtdal/generated/r-files/ggplot2/R/geom-freqpoly	[no test files]
?   	rtdal/generated/r-files/ggplot2/R/geom-function	[no test files]
?   	rtdal/generated/r-files/ggplot2/R/geom-hex	[no test files]
?   	rtdal/generated/r-files/ggplot2/R/geom-histogram	[no test files]
?   	rtdal/generated/r-files/ggplot2/R/geom-hline	[no test files]
?   	rtdal/generated/r-files/ggplot2/R/geom-jitter	[no test files]
?   	rtdal/generated/r-files/ggplot2/R/geom-label	[no test files]
?   	rtdal/generated/r-files/ggplot2/R/geom-linerange	[no test files]
?   	rtdal/generated/r-files/ggplot2/R/geom-map	[no test files]
?   	rtdal/generated/r-files/ggplot2/R/geom-path	[no test files]
?   	rtdal/generated/r-files/ggplot2/R/geom-point	[no test files]
?   	rtdal/generated/r-files/ggplot2/R/geom-pointrange	[no test files]
?   	rtdal/generated/r-files/ggplot2/R/geom-polygon	[no test files]
?   	rtdal/generated/r-files/ggplot2/R/geom-quantile	[no test files]
?   	rtdal/generated/r-files/ggplot2/R/geom-raster	[no test files]
?   	rtdal/generated/r-files/ggplot2/R/geom-rect	[no test files]
?   	rtdal/generated/r-files/ggplot2/R/geom-ribbon	[no test files]
?   	rtdal/generated/r-files/ggplot2/R/geom-rug	[no test files]
?   	rtdal/generated/r-files/ggplot2/R/geom-segment	[no test files]
?   	rtdal/generated/r-files/ggplot2/R/geom-sf	[no test files]
?   	rtdal/generated/r-files/ggplot2/R/geom-smooth	[no test files]
?   	rtdal/generated/r-files/ggplot2/R/geom-spoke	[no test files]
?   	rtdal/generated/r-files/ggplot2/R/geom-text	[no test files]
?   	rtdal/generated/r-files/ggplot2/R/geom-tile	[no test files]
?   	rtdal/generated/r-files/ggplot2/R/geom-violin	[no test files]
?   	rtdal/generated/r-files/ggplot2/R/geom-vline	[no test files]
?   	rtdal/generated/r-files/ggplot2/R/ggplot-global	[no test files]
?   	rtdal/generated/r-files/ggplot2/R/ggplot2-package	[no test files]
?   	rtdal/generated/r-files/ggplot2/R/ggproto	[no test files]
?   	rtdal/generated/r-files/ggplot2/R/grob-absolute	[no test files]
?   	rtdal/generated/r-files/ggplot2/R/grob-dotstack	[no test files]
?   	rtdal/generated/r-files/ggplot2/R/grob-null	[no test files]
?   	rtdal/generated/r-files/ggplot2/R/grouping	[no test files]
?   	rtdal/generated/r-files/ggplot2/R/guide-	[no test files]
?   	rtdal/generated/r-files/ggplot2/R/guide-axis	[no test files]
?   	rtdal/generated/r-files/ggplot2/R/guide-axis-logticks	[no test files]
?   	rtdal/generated/r-files/ggplot2/R/guide-axis-stack	[no test files]
?   	rtdal/generated/r-files/ggplot2/R/guide-axis-theta	[no test files]
?   	rtdal/generated/r-files/ggplot2/R/guide-bins	[no test files]
?   	rtdal/generated/r-files/ggplot2/R/guide-colorbar	[no test files]
?   	rtdal/generated/r-files/ggplot2/R/guide-colorsteps	[no test files]
?   	rtdal/generated/r-files/ggplot2/R/guide-custom	[no test files]
?   	rtdal/generated/r-files/ggplot2/R/guide-legend	[no test files]
?   	rtdal/generated/r-files/ggplot2/R/guide-none	[no test files]
?   	rtdal/generated/r-files/ggplot2/R/guide-old	[no test files]
?   	rtdal/generated/r-files/ggplot2/R/guides-	[no test files]
?   	rtdal/generated/r-files/ggplot2/R/guides-grid	[no test files]
?   	rtdal/generated/r-files/ggplot2/R/hexbin	[no test files]
?   	rtdal/generated/r-files/ggplot2/R/import-standalone-obj-type	[no test files]
?   	rtdal/generated/r-files/ggplot2/R/import-standalone-types-check	[no test files]
?   	rtdal/generated/r-files/ggplot2/R/labeller	[no test files]
?   	rtdal/generated/r-files/ggplot2/R/labels	[no test files]
?   	rtdal/generated/r-files/ggplot2/R/layer	[no test files]
?   	rtdal/generated/r-files/ggplot2/R/layer-sf	[no test files]
?   	rtdal/generated/r-files/ggplot2/R/layout	[no test files]
?   	rtdal/generated/r-files/ggplot2/R/legend-draw	[no test files]
?   	rtdal/generated/r-files/ggplot2/R/limits	[no test files]
?   	rtdal/generated/r-files/ggplot2/R/make-constructor	[no test files]
?   	rtdal/generated/r-files/ggplot2/R/margins	[no test files]
?   	rtdal/generated/r-files/ggplot2/R/performance	[no test files]
?   	rtdal/generated/r-files/ggplot2/R/plot	[no test files]
?   	rtdal/generated/r-files/ggplot2/R/plot-build	[no test files]
?   	rtdal/generated/r-files/ggplot2/R/plot-construction	[no test files]
?   	rtdal/generated/r-files/ggplot2/R/plot-last	[no test files]
?   	rtdal/generated/r-files/ggplot2/R/position-	[no test files]
?   	rtdal/generated/r-files/ggplot2/R/position-collide	[no test files]
?   	rtdal/generated/r-files/ggplot2/R/position-dodge	[no test files]
?   	rtdal/generated/r-files/ggplot2/R/position-dodge2	[no test files]
?   	rtdal/generated/r-files/ggplot2/R/position-identity	[no test files]
?   	rtdal/generated/r-files/ggplot2/R/position-jitter	[no test files]
?   	rtdal/generated/r-files/ggplot2/R/position-jitterdodge	[no test files]
?   	rtdal/generated/r-files/ggplot2/R/position-nudge	[no test files]
?   	rtdal/generated/r-files/ggplot2/R/position-stack	[no test files]
?   	rtdal/generated/r-files/ggplot2/R/properties	[no test files]
?   	rtdal/generated/r-files/ggplot2/R/quick-plot	[no test files]
?   	rtdal/generated/r-files/ggplot2/R/reshape-add-margins	[no test files]
?   	rtdal/generated/r-files/ggplot2/R/save	[no test files]
?   	rtdal/generated/r-files/ggplot2/R/scale-	[no test files]
?   	rtdal/generated/r-files/ggplot2/R/scale-alpha	[no test files]
?   	rtdal/generated/r-files/ggplot2/R/scale-binned	[no test files]
?   	rtdal/generated/r-files/ggplot2/R/scale-brewer	[no test files]
?   	rtdal/generated/r-files/ggplot2/R/scale-colour	[no test files]
?   	rtdal/generated/r-files/ggplot2/R/scale-continuous	[no test files]
?   	rtdal/generated/r-files/ggplot2/R/scale-date	[no test files]
?   	rtdal/generated/r-files/ggplot2/R/scale-discrete-	[no test files]
?   	rtdal/generated/r-files/ggplot2/R/scale-expansion	[no test files]
?   	rtdal/generated/r-files/ggplot2/R/scale-gradient	[no test files]
?   	rtdal/generated/r-files/ggplot2/R/scale-grey	[no test files]
?   	rtdal/generated/r-files/ggplot2/R/scale-hue	[no test files]
?   	rtdal/generated/r-files/ggplot2/R/scale-identity	[no test files]
?   	rtdal/generated/r-files/ggplot2/R/scale-linetype	[no test files]
?   	rtdal/generated/r-files/ggplot2/R/scale-linewidth	[no test files]
?   	rtdal/generated/r-files/ggplot2/R/scale-manual	[no test files]
?   	rtdal/generated/r-files/ggplot2/R/scale-shape	[no test files]
?   	rtdal/generated/r-files/ggplot2/R/scale-size	[no test files]
?   	rtdal/generated/r-files/ggplot2/R/scale-steps	[no test files]
?   	rtdal/generated/r-files/ggplot2/R/scale-type	[no test files]
?   	rtdal/generated/r-files/ggplot2/R/scale-view	[no test files]
?   	rtdal/generated/r-files/ggplot2/R/scale-viridis	[no test files]
?   	rtdal/generated/r-files/ggplot2/R/scales-	[no test files]
?   	rtdal/generated/r-files/ggplot2/R/stat-	[no test files]
?   	rtdal/generated/r-files/ggplot2/R/stat-align	[no test files]
?   	rtdal/generated/r-files/ggplot2/R/stat-bin	[no test files]
?   	rtdal/generated/r-files/ggplot2/R/stat-bin2d	[no test files]
?   	rtdal/generated/r-files/ggplot2/R/stat-bindot	[no test files]
?   	rtdal/generated/r-files/ggplot2/R/stat-binhex	[no test files]
?   	rtdal/generated/r-files/ggplot2/R/stat-boxplot	[no test files]
?   	rtdal/generated/r-files/ggplot2/R/stat-connect	[no test files]
?   	rtdal/generated/r-files/ggplot2/R/stat-contour	[no test files]
?   	rtdal/generated/r-files/ggplot2/R/stat-count	[no test files]
?   	rtdal/generated/r-files/ggplot2/R/stat-density	[no test files]
?   	rtdal/generated/r-files/ggplot2/R/stat-density-2d	[no test files]
?   	rtdal/generated/r-files/ggplot2/R/stat-ecdf	[no test files]
?   	rtdal/generated/r-files/ggplot2/R/stat-ellipse	[no test files]
?   	rtdal/generated/r-files/ggplot2/R/stat-function	[no test files]
?   	rtdal/generated/r-files/ggplot2/R/stat-identity	[no test files]
?   	rtdal/generated/r-files/ggplot2/R/stat-manual	[no test files]
?   	rtdal/generated/r-files/ggplot2/R/stat-qq	[no test files]
?   	rtdal/generated/r-files/ggplot2/R/stat-qq-line	[no test files]
?   	rtdal/generated/r-files/ggplot2/R/stat-quantilemethods	[no test files]
?   	rtdal/generated/r-files/ggplot2/R/stat-sf	[no test files]
?   	rtdal/generated/r-files/ggplot2/R/stat-sf-coordinates	[no test files]
?   	rtdal/generated/r-files/ggplot2/R/stat-smooth	[no test files]
?   	rtdal/generated/r-files/ggplot2/R/stat-smooth-methods	[no test files]
?   	rtdal/generated/r-files/ggplot2/R/stat-sum	[no test files]
?   	rtdal/generated/r-files/ggplot2/R/stat-summary	[no test files]
?   	rtdal/generated/r-files/ggplot2/R/stat-summary-2d	[no test files]
?   	rtdal/generated/r-files/ggplot2/R/stat-summary-bin	[no test files]
?   	rtdal/generated/r-files/ggplot2/R/stat-summary-hex	[no test files]
?   	rtdal/generated/r-files/ggplot2/R/stat-unique	[no test files]
?   	rtdal/generated/r-files/ggplot2/R/stat-ydensity	[no test files]
?   	rtdal/generated/r-files/ggplot2/R/summarise-plot	[no test files]
?   	rtdal/generated/r-files/ggplot2/R/summary	[no test files]
?   	rtdal/generated/r-files/ggplot2/R/theme	[no test files]
?   	rtdal/generated/r-files/ggplot2/R/theme-current	[no test files]
?   	rtdal/generated/r-files/ggplot2/R/theme-defaults	[no test files]
?   	rtdal/generated/r-files/ggplot2/R/theme-elements	[no test files]
?   	rtdal/generated/r-files/ggplot2/R/theme-sub	[no test files]
?   	rtdal/generated/r-files/ggplot2/R/utilities	[no test files]
?   	rtdal/generated/r-files/ggplot2/R/utilities-break	[no test files]
?   	rtdal/generated/r-files/ggplot2/R/utilities-checks	[no test files]
?   	rtdal/generated/r-files/ggplot2/R/utilities-grid	[no test files]
?   	rtdal/generated/r-files/ggplot2/R/utilities-help	[no test files]
?   	rtdal/generated/r-files/ggplot2/R/utilities-patterns	[no test files]
?   	rtdal/generated/r-files/ggplot2/R/utilities-resolution	[no test files]
?   	rtdal/generated/r-files/ggplot2/R/utilities-tidy-eval	[no test files]
?   	rtdal/generated/r-files/ggplot2/R/zxx	[no test files]
?   	rtdal/generated/r-files/ggplot2/R/zzz	[no test files]
?   	rtdal/generated/r-files/ggplot2/inst/doc/extending-ggplot2	[no test files]
?   	rtdal/generated/r-files/ggplot2/inst/doc/ggplot2	[no test files]
?   	rtdal/generated/r-files/ggplot2/inst/doc/ggplot2-in-packages	[no test files]
?   	rtdal/generated/r-files/ggplot2/inst/doc/ggplot2-specs	[no test files]
?   	rtdal/generated/r-files/ggplot2/inst/doc/profiling	[no test files]
?   	rtdal/generated/r-files/ggplot2/tests/testthat	[no test files]
?   	rtdal/generated/r-files/ggplot2/tests/testthat/helper-density	[no test files]
?   	rtdal/generated/r-files/ggplot2/tests/testthat/helper-facet	[no test files]
?   	rtdal/generated/r-files/ggplot2/tests/testthat/helper-plot-data	[no test files]
?   	rtdal/generated/r-files/ggplot2/tests/testthat/helper-vdiffr	[no test files]
?   	rtdal/generated/r-files/ggplot2/tests/testthat/test-add	[no test files]
?   	rtdal/generated/r-files/ggplot2/tests/testthat/test-aes	[no test files]
?   	rtdal/generated/r-files/ggplot2/tests/testthat/test-aes-calculated	[no test files]
?   	rtdal/generated/r-files/ggplot2/tests/testthat/test-aes-grouping	[no test files]
?   	rtdal/generated/r-files/ggplot2/tests/testthat/test-aes-setting	[no test files]
?   	rtdal/generated/r-files/ggplot2/tests/testthat/test-annotate	[no test files]
?   	rtdal/generated/r-files/ggplot2/tests/testthat/test-autolayer	[no test files]
?   	rtdal/generated/r-files/ggplot2/tests/testthat/test-autoplot	[no test files]
?   	rtdal/generated/r-files/ggplot2/tests/testthat/test-build	[no test files]
?   	rtdal/generated/r-files/ggplot2/tests/testthat/test-coord-	[no test files]
?   	rtdal/generated/r-files/ggplot2/tests/testthat/test-coord-cartesian	[no test files]
?   	rtdal/generated/r-files/ggplot2/tests/testthat/test-coord-flip	[no test files]
?   	rtdal/generated/r-files/ggplot2/tests/testthat/test-coord-map	[no test files]
?   	rtdal/generated/r-files/ggplot2/tests/testthat/test-coord-polar	[no test files]
?   	rtdal/generated/r-files/ggplot2/tests/testthat/test-coord-train	[no test files]
?   	rtdal/generated/r-files/ggplot2/tests/testthat/test-coord-transform	[no test files]
?   	rtdal/generated/r-files/ggplot2/tests/testthat/test-coord_sf	[no test files]
?   	rtdal/generated/r-files/ggplot2/tests/testthat/test-draw-key	[no test files]
?   	rtdal/generated/r-files/ggplot2/tests/testthat/test-empty-data	[no test files]
?   	rtdal/generated/r-files/ggplot2/tests/testthat/test-facet-	[no test files]
?   	rtdal/generated/r-files/ggplot2/tests/testthat/test-facet-labels	[no test files]
?   	rtdal/generated/r-files/ggplot2/tests/testthat/test-facet-layout	[no test files]
?   	rtdal/generated/r-files/ggplot2/tests/testthat/test-facet-map	[no test files]
?   	rtdal/generated/r-files/ggplot2/tests/testthat/test-facet-strips	[no test files]
?   	rtdal/generated/r-files/ggplot2/tests/testthat/test-fortify	[no test files]
?   	rtdal/generated/r-files/ggplot2/tests/testthat/test-function-args	[no test files]
?   	rtdal/generated/r-files/ggplot2/tests/testthat/test-geom-	[no test files]
?   	rtdal/generated/r-files/ggplot2/tests/testthat/test-geom-bar	[no test files]
?   	rtdal/generated/r-files/ggplot2/tests/testthat/test-geom-boxplot	[no test files]
?   	rtdal/generated/r-files/ggplot2/tests/testthat/test-geom-col	[no test files]
?   	rtdal/generated/r-files/ggplot2/tests/testthat/test-geom-curve	[no test files]
?   	rtdal/generated/r-files/ggplot2/tests/testthat/test-geom-dotplot	[no test files]
?   	rtdal/generated/r-files/ggplot2/tests/testthat/test-geom-errorbar	[no test files]
?   	rtdal/generated/r-files/ggplot2/tests/testthat/test-geom-freqpoly	[no test files]
?   	rtdal/generated/r-files/ggplot2/tests/testthat/test-geom-hex	[no test files]
?   	rtdal/generated/r-files/ggplot2/tests/testthat/test-geom-hline-vline-abline	[no test files]
?   	rtdal/generated/r-files/ggplot2/tests/testthat/test-geom-jitter	[no test files]
?   	rtdal/generated/r-files/ggplot2/tests/testthat/test-geom-label	[no test files]
?   	rtdal/generated/r-files/ggplot2/tests/testthat/test-geom-linerange	[no test files]
?   	rtdal/generated/r-files/ggplot2/tests/testthat/test-geom-map	[no test files]
?   	rtdal/generated/r-files/ggplot2/tests/testthat/test-geom-path	[no test files]
?   	rtdal/generated/r-files/ggplot2/tests/testthat/test-geom-point	[no test files]
?   	rtdal/generated/r-files/ggplot2/tests/testthat/test-geom-polygon	[no test files]
?   	rtdal/generated/r-files/ggplot2/tests/testthat/test-geom-quantile	[no test files]
?   	rtdal/generated/r-files/ggplot2/tests/testthat/test-geom-raster	[no test files]
?   	rtdal/generated/r-files/ggplot2/tests/testthat/test-geom-rect	[no test files]
?   	rtdal/generated/r-files/ggplot2/tests/testthat/test-geom-ribbon	[no test files]
?   	rtdal/generated/r-files/ggplot2/tests/testthat/test-geom-rug	[no test files]
?   	rtdal/generated/r-files/ggplot2/tests/testthat/test-geom-rule	[no test files]
?   	rtdal/generated/r-files/ggplot2/tests/testthat/test-geom-sf	[no test files]
?   	rtdal/generated/r-files/ggplot2/tests/testthat/test-geom-smooth	[no test files]
?   	rtdal/generated/r-files/ggplot2/tests/testthat/test-geom-text	[no test files]
?   	rtdal/generated/r-files/ggplot2/tests/testthat/test-geom-tile	[no test files]
?   	rtdal/generated/r-files/ggplot2/tests/testthat/test-geom-violin	[no test files]
?   	rtdal/generated/r-files/ggplot2/tests/testthat/test-ggproto	[no test files]
?   	rtdal/generated/r-files/ggplot2/tests/testthat/test-ggsave	[no test files]
?   	rtdal/generated/r-files/ggplot2/tests/testthat/test-grid-utils	[no test files]
?   	rtdal/generated/r-files/ggplot2/tests/testthat/test-guide-	[no test files]
?   	rtdal/generated/r-files/ggplot2/tests/testthat/test-guide-axis	[no test files]
?   	rtdal/generated/r-files/ggplot2/tests/testthat/test-guide-colorbar	[no test files]
?   	rtdal/generated/r-files/ggplot2/tests/testthat/test-guide-legend	[no test files]
?   	rtdal/generated/r-files/ggplot2/tests/testthat/test-guides	[no test files]
?   	rtdal/generated/r-files/ggplot2/tests/testthat/test-labellers	[no test files]
?   	rtdal/generated/r-files/ggplot2/tests/testthat/test-labels	[no test files]
?   	rtdal/generated/r-files/ggplot2/tests/testthat/test-layer	[no test files]
?   	rtdal/generated/r-files/ggplot2/tests/testthat/test-legend-draw	[no test files]
?   	rtdal/generated/r-files/ggplot2/tests/testthat/test-limits	[no test files]
?   	rtdal/generated/r-files/ggplot2/tests/testthat/test-munch	[no test files]
?   	rtdal/generated/r-files/ggplot2/tests/testthat/test-patterns	[no test files]
?   	rtdal/generated/r-files/ggplot2/tests/testthat/test-performance	[no test files]
?   	rtdal/generated/r-files/ggplot2/tests/testthat/test-plot	[no test files]
?   	rtdal/generated/r-files/ggplot2/tests/testthat/test-plot-summary-api	[no test files]
?   	rtdal/generated/r-files/ggplot2/tests/testthat/test-position-collide	[no test files]
?   	rtdal/generated/r-files/ggplot2/tests/testthat/test-position-dodge2	[no test files]
?   	rtdal/generated/r-files/ggplot2/tests/testthat/test-position-jitter	[no test files]
?   	rtdal/generated/r-files/ggplot2/tests/testthat/test-position-jitterdodge	[no test files]
?   	rtdal/generated/r-files/ggplot2/tests/testthat/test-position-nudge	[no test files]
?   	rtdal/generated/r-files/ggplot2/tests/testthat/test-position-stack	[no test files]
?   	rtdal/generated/r-files/ggplot2/tests/testthat/test-position_dodge	[no test files]
?   	rtdal/generated/r-files/ggplot2/tests/testthat/test-prohibited-functions	[no test files]
?   	rtdal/generated/r-files/ggplot2/tests/testthat/test-qplot	[no test files]
?   	rtdal/generated/r-files/ggplot2/tests/testthat/test-range	[no test files]
?   	rtdal/generated/r-files/ggplot2/tests/testthat/test-scale-binned	[no test files]
?   	rtdal/generated/r-files/ggplot2/tests/testthat/test-scale-brewer	[no test files]
?   	rtdal/generated/r-files/ggplot2/tests/testthat/test-scale-colour	[no test files]
?   	rtdal/generated/r-files/ggplot2/tests/testthat/test-scale-date	[no test files]
?   	rtdal/generated/r-files/ggplot2/tests/testthat/test-scale-discrete	[no test files]
?   	rtdal/generated/r-files/ggplot2/tests/testthat/test-scale-expansion	[no test files]
?   	rtdal/generated/r-files/ggplot2/tests/testthat/test-scale-gradient	[no test files]
?   	rtdal/generated/r-files/ggplot2/tests/testthat/test-scale-hue	[no test files]
?   	rtdal/generated/r-files/ggplot2/tests/testthat/test-scale-manual	[no test files]
?   	rtdal/generated/r-files/ggplot2/tests/testthat/test-scale-type	[no test files]
?   	rtdal/generated/r-files/ggplot2/tests/testthat/test-scale_date	[no test files]
?   	rtdal/generated/r-files/ggplot2/tests/testthat/test-scales	[no test files]
?   	rtdal/generated/r-files/ggplot2/tests/testthat/test-scales-breaks-labels	[no test files]
?   	rtdal/generated/r-files/ggplot2/tests/testthat/test-sec-axis	[no test files]
?   	rtdal/generated/r-files/ggplot2/tests/testthat/test-stat-align	[no test files]
?   	rtdal/generated/r-files/ggplot2/tests/testthat/test-stat-bin	[no test files]
?   	rtdal/generated/r-files/ggplot2/tests/testthat/test-stat-bin2d	[no test files]
?   	rtdal/generated/r-files/ggplot2/tests/testthat/test-stat-boxplot	[no test files]
?   	rtdal/generated/r-files/ggplot2/tests/testthat/test-stat-connect	[no test files]
?   	rtdal/generated/r-files/ggplot2/tests/testthat/test-stat-contour	[no test files]
?   	rtdal/generated/r-files/ggplot2/tests/testthat/test-stat-count	[no test files]
?   	rtdal/generated/r-files/ggplot2/tests/testthat/test-stat-density	[no test files]
?   	rtdal/generated/r-files/ggplot2/tests/testthat/test-stat-density2d	[no test files]
?   	rtdal/generated/r-files/ggplot2/tests/testthat/test-stat-ecdf	[no test files]
?   	rtdal/generated/r-files/ggplot2/tests/testthat/test-stat-ellipsis	[no test files]
?   	rtdal/generated/r-files/ggplot2/tests/testthat/test-stat-function	[no test files]
?   	rtdal/generated/r-files/ggplot2/tests/testthat/test-stat-hex	[no test files]
?   	rtdal/generated/r-files/ggplot2/tests/testthat/test-stat-manual	[no test files]
?   	rtdal/generated/r-files/ggplot2/tests/testthat/test-stat-qq	[no test files]
?   	rtdal/generated/r-files/ggplot2/tests/testthat/test-stat-sf-coordinates	[no test files]
?   	rtdal/generated/r-files/ggplot2/tests/testthat/test-stat-sum	[no test files]
?   	rtdal/generated/r-files/ggplot2/tests/testthat/test-stat-summary	[no test files]
?   	rtdal/generated/r-files/ggplot2/tests/testthat/test-stat-ydensity	[no test files]
?   	rtdal/generated/r-files/ggplot2/tests/testthat/test-stats	[no test files]
?   	rtdal/generated/r-files/ggplot2/tests/testthat/test-summarise-plot	[no test files]
?   	rtdal/generated/r-files/ggplot2/tests/testthat/test-theme	[no test files]
?   	rtdal/generated/r-files/ggplot2/tests/testthat/test-utilities	[no test files]
?   	rtdal/generated/r-files/ggplot2/tests/testthat/test-utilities-break	[no test files]
?   	rtdal/generated/r-files/ggplot2/tests/testthat/test-utilities-checks	[no test files]
?   	rtdal/generated/r-files/ggplot2/tests/testthat/test-viridis	[no test files]
?   	rtdal/generated/r-files/ggplot2/tests/testthat/test-zzz	[no test files]
?   	rtdal/generated/r-files/glue/R/color	[no test files]
?   	rtdal/generated/r-files/glue/R/glue	[no test files]
?   	rtdal/generated/r-files/glue/R/glue-package	[no test files]
?   	rtdal/generated/r-files/glue/R/import-standalone-s3-register	[no test files]
?   	rtdal/generated/r-files/glue/R/knitr	[no test files]
?   	rtdal/generated/r-files/glue/R/quoting	[no test files]
?   	rtdal/generated/r-files/glue/R/safe	[no test files]
?   	rtdal/generated/r-files/glue/R/sql	[no test files]
?   	rtdal/generated/r-files/glue/R/transformer	[no test files]
?   	rtdal/generated/r-files/glue/R/utils	[no test files]
?   	rtdal/generated/r-files/glue/R/vctrs	[no test files]
?   	rtdal/generated/r-files/glue/R/zzz	[no test files]
?   	rtdal/generated/r-files/glue/inst/doc/engines	[no test files]
?   	rtdal/generated/r-files/glue/inst/doc/glue	[no test files]
?   	rtdal/generated/r-files/glue/inst/doc/transformers	[no test files]
?   	rtdal/generated/r-files/glue/inst/doc/wrappers	[no test files]
?   	rtdal/generated/r-files/glue/tests/testthat	[no test files]
?   	rtdal/generated/r-files/glue/tests/testthat/test-color	[no test files]
?   	rtdal/generated/r-files/glue/tests/testthat/test-glue	[no test files]
?   	rtdal/generated/r-files/glue/tests/testthat/test-knitr	[no test files]
?   	rtdal/generated/r-files/glue/tests/testthat/test-quoting	[no test files]
?   	rtdal/generated/r-files/glue/tests/testthat/test-safe	[no test files]
?   	rtdal/generated/r-files/glue/tests/testthat/test-sql	[no test files]
?   	rtdal/generated/r-files/glue/tests/testthat/test-transformer	[no test files]
?   	rtdal/generated/r-files/glue/tests/testthat/test-vctrs	[no test files]
?   	rtdal/generated/r-files/goftest/R/andarl	[no test files]
?   	rtdal/generated/r-files/goftest/R/braun	[no test files]
?   	rtdal/generated/r-files/goftest/R/cramer	[no test files]
?   	rtdal/generated/r-files/goftest/R/cvmtest	[no test files]
?   	rtdal/generated/r-files/goftest/R/recog	[no test files]
?   	rtdal/generated/r-files/goftest/tests/all	[no test files]
?   	rtdal/generated/r-files/gstat/R/circEmbed	[no test files]
?   	rtdal/generated/r-files/gstat/R/fit.lmc	[no test files]
?   	rtdal/generated/r-files/gstat/R/fit.variogram	[no test files]
?   	rtdal/generated/r-files/gstat/R/fit.variogram.gls	[no test files]
?   	rtdal/generated/r-files/gstat/R/fit.variogram.reml	[no test files]
?   	rtdal/generated/r-files/gstat/R/get.contr	[no test files]
?   	rtdal/generated/r-files/gstat/R/gstat	[no test files]
?   	rtdal/generated/r-files/gstat/R/gstat.cv	[no test files]
?   	rtdal/generated/r-files/gstat/R/gstat.debug	[no test files]
?   	rtdal/generated/r-files/gstat/R/gstat.formula	[no test files]
?   	rtdal/generated/r-files/gstat/R/gstat.formula.predict	[no test files]
?   	rtdal/generated/r-files/gstat/R/gstatOptions	[no test files]
?   	rtdal/generated/r-files/gstat/R/hscat	[no test files]
?   	rtdal/generated/r-files/gstat/R/image.data.frame	[no test files]
?   	rtdal/generated/r-files/gstat/R/krige	[no test files]
?   	rtdal/generated/r-files/gstat/R/krige.cv	[no test files]
?   	rtdal/generated/r-files/gstat/R/krige0	[no test files]
?   	rtdal/generated/r-files/gstat/R/krigeST	[no test files]
?   	rtdal/generated/r-files/gstat/R/krigeTg	[no test files]
?   	rtdal/generated/r-files/gstat/R/load.variogram.model	[no test files]
?   	rtdal/generated/r-files/gstat/R/map.to.lev	[no test files]
?   	rtdal/generated/r-files/gstat/R/ossfim	[no test files]
?   	rtdal/generated/r-files/gstat/R/panel.pointPairs	[no test files]
?   	rtdal/generated/r-files/gstat/R/plot.gstatVariogram	[no test files]
?   	rtdal/generated/r-files/gstat/R/plot.pointPairs	[no test files]
?   	rtdal/generated/r-files/gstat/R/plot.variogramCloud	[no test files]
?   	rtdal/generated/r-files/gstat/R/predict.gstat	[no test files]
?   	rtdal/generated/r-files/gstat/R/print.gstat	[no test files]
?   	rtdal/generated/r-files/gstat/R/print.variogram	[no test files]
?   	rtdal/generated/r-files/gstat/R/print.variogramCloud	[no test files]
?   	rtdal/generated/r-files/gstat/R/print.variogramModel	[no test files]
?   	rtdal/generated/r-files/gstat/R/set	[no test files]
?   	rtdal/generated/r-files/gstat/R/show.vgms	[no test files]
?   	rtdal/generated/r-files/gstat/R/spplot	[no test files]
?   	rtdal/generated/r-files/gstat/R/stVariogramModels	[no test files]
?   	rtdal/generated/r-files/gstat/R/turningLayers	[no test files]
?   	rtdal/generated/r-files/gstat/R/variogram.default	[no test files]
?   	rtdal/generated/r-files/gstat/R/variogram.formula	[no test files]
?   	rtdal/generated/r-files/gstat/R/variogram.gstat	[no test files]
?   	rtdal/generated/r-files/gstat/R/variogramLine	[no test files]
?   	rtdal/generated/r-files/gstat/R/variogramST	[no test files]
?   	rtdal/generated/r-files/gstat/R/vgm	[no test files]
?   	rtdal/generated/r-files/gstat/R/vgm.panel	[no test files]
?   	rtdal/generated/r-files/gstat/R/xyz2img	[no test files]
?   	rtdal/generated/r-files/gstat/R/zzz	[no test files]
?   	rtdal/generated/r-files/gstat/demo/a2p	[no test files]
?   	rtdal/generated/r-files/gstat/demo/a2pinST	[no test files]
?   	rtdal/generated/r-files/gstat/demo/block	[no test files]
?   	rtdal/generated/r-files/gstat/demo/blue	[no test files]
?   	rtdal/generated/r-files/gstat/demo/cc	[no test files]
?   	rtdal/generated/r-files/gstat/demo/circEmbeddingMeuse	[no test files]
?   	rtdal/generated/r-files/gstat/demo/cokriging	[no test files]
?   	rtdal/generated/r-files/gstat/demo/comp_geoR	[no test files]
?   	rtdal/generated/r-files/gstat/demo/cosimulation	[no test files]
?   	rtdal/generated/r-files/gstat/demo/depend	[no test files]
?   	rtdal/generated/r-files/gstat/demo/examples	[no test files]
?   	rtdal/generated/r-files/gstat/demo/fulmar	[no test files]
?   	rtdal/generated/r-files/gstat/demo/grass	[no test files]
?   	rtdal/generated/r-files/gstat/demo/gstat3D	[no test files]
?   	rtdal/generated/r-files/gstat/demo/ikr	[no test files]
?   	rtdal/generated/r-files/gstat/demo/krige	[no test files]
?   	rtdal/generated/r-files/gstat/demo/lhs	[no test files]
?   	rtdal/generated/r-files/gstat/demo/line	[no test files]
?   	rtdal/generated/r-files/gstat/demo/lnsim	[no test files]
?   	rtdal/generated/r-files/gstat/demo/localKrigeST	[no test files]
?   	rtdal/generated/r-files/gstat/demo/pcb	[no test files]
?   	rtdal/generated/r-files/gstat/demo/pcb_sf	[no test files]
?   	rtdal/generated/r-files/gstat/demo/rep	[no test files]
?   	rtdal/generated/r-files/gstat/demo/sftime	[no test files]
?   	rtdal/generated/r-files/gstat/demo/sic2004	[no test files]
?   	rtdal/generated/r-files/gstat/demo/snow	[no test files]
?   	rtdal/generated/r-files/gstat/demo/stkrige	[no test files]
?   	rtdal/generated/r-files/gstat/demo/stkrige-crossvalidation	[no test files]
?   	rtdal/generated/r-files/gstat/demo/stkrige-prediction	[no test files]
?   	rtdal/generated/r-files/gstat/demo/ugsim	[no test files]
?   	rtdal/generated/r-files/gstat/demo/uisim	[no test files]
?   	rtdal/generated/r-files/gstat/demo/weight	[no test files]
?   	rtdal/generated/r-files/gstat/demo/wind	[no test files]
?   	rtdal/generated/r-files/gstat/demo/zonal	[no test files]
?   	rtdal/generated/r-files/gstat/inst/doc/gstat	[no test files]
?   	rtdal/generated/r-files/gstat/inst/doc/prs	[no test files]
?   	rtdal/generated/r-files/gstat/inst/doc/st	[no test files]
?   	rtdal/generated/r-files/gstat/tests/allier	[no test files]
?   	rtdal/generated/r-files/gstat/tests/blockkr	[no test files]
?   	rtdal/generated/r-files/gstat/tests/covtable	[no test files]
?   	rtdal/generated/r-files/gstat/tests/cv	[no test files]
?   	rtdal/generated/r-files/gstat/tests/cv3d	[no test files]
?   	rtdal/generated/r-files/gstat/tests/fit	[no test files]
?   	rtdal/generated/r-files/gstat/tests/krige0	[no test files]
?   	rtdal/generated/r-files/gstat/tests/line	[no test files]
?   	rtdal/generated/r-files/gstat/tests/merge	[no test files]
?   	rtdal/generated/r-files/gstat/tests/na.action	[no test files]
?   	rtdal/generated/r-files/gstat/tests/rings	[no test files]
?   	rtdal/generated/r-files/gstat/tests/sim	[no test files]
?   	rtdal/generated/r-files/gstat/tests/stars	[no test files]
?   	rtdal/generated/r-files/gstat/tests/variogram	[no test files]
?   	rtdal/generated/r-files/gstat/tests/vdist	[no test files]
?   	rtdal/generated/r-files/gstat/tests/windst	[no test files]
?   	rtdal/generated/r-files/gtable/R/add-grob	[no test files]
?   	rtdal/generated/r-files/gtable/R/add-rows-cols	[no test files]
?   	rtdal/generated/r-files/gtable/R/add-space	[no test files]
?   	rtdal/generated/r-files/gtable/R/align	[no test files]
?   	rtdal/generated/r-files/gtable/R/filter	[no test files]
?   	rtdal/generated/r-files/gtable/R/grid	[no test files]
?   	rtdal/generated/r-files/gtable/R/gtable	[no test files]
?   	rtdal/generated/r-files/gtable/R/gtable-layouts	[no test files]
?   	rtdal/generated/r-files/gtable/R/gtable-package	[no test files]
?   	rtdal/generated/r-files/gtable/R/import-standalone-obj-type	[no test files]
?   	rtdal/generated/r-files/gtable/R/import-standalone-types-check	[no test files]
?   	rtdal/generated/r-files/gtable/R/new-data-frame	[no test files]
?   	rtdal/generated/r-files/gtable/R/padding	[no test files]
?   	rtdal/generated/r-files/gtable/R/rbind-cbind	[no test files]
?   	rtdal/generated/r-files/gtable/R/trim	[no test files]
?   	rtdal/generated/r-files/gtable/R/utils	[no test files]
?   	rtdal/generated/r-files/gtable/R/z	[no test files]
?   	rtdal/generated/r-files/gtable/R/zzz	[no test files]
?   	rtdal/generated/r-files/gtable/inst/doc/profiling	[no test files]
?   	rtdal/generated/r-files/gtable/tests/testthat	[no test files]
?   	rtdal/generated/r-files/gtable/tests/testthat/helper-grobs	[no test files]
?   	rtdal/generated/r-files/gtable/tests/testthat/helper-units	[no test files]
?   	rtdal/generated/r-files/gtable/tests/testthat/test-bind	[no test files]
?   	rtdal/generated/r-files/gtable/tests/testthat/test-filter	[no test files]
?   	rtdal/generated/r-files/gtable/tests/testthat/test-gtable	[no test files]
?   	rtdal/generated/r-files/gtable/tests/testthat/test-layout	[no test files]
?   	rtdal/generated/r-files/gtable/tests/testthat/test-new-data-frame	[no test files]
?   	rtdal/generated/r-files/gtable/tests/testthat/test-subsetting	[no test files]
?   	rtdal/generated/r-files/gtable/tests/testthat/test-trim	[no test files]
?   	rtdal/generated/r-files/gtable/tests/testthat/test-z-order	[no test files]
?   	rtdal/generated/r-files/gtfsio/R/assert_gtfs	[no test files]
?   	rtdal/generated/r-files/gtfsio/R/assert_inputs	[no test files]
?   	rtdal/generated/r-files/gtfsio/R/checks	[no test files]
?   	rtdal/generated/r-files/gtfsio/R/data	[no test files]
?   	rtdal/generated/r-files/gtfsio/R/export_gtfs	[no test files]
?   	rtdal/generated/r-files/gtfsio/R/get_gtfs_standards	[no test files]
?   	rtdal/generated/r-files/gtfsio/R/gtfs_methods	[no test files]
?   	rtdal/generated/r-files/gtfsio/R/gtfs_subset	[no test files]
?   	rtdal/generated/r-files/gtfsio/R/gtfsio	[no test files]
?   	rtdal/generated/r-files/gtfsio/R/gtfsio_error	[no test files]
?   	rtdal/generated/r-files/gtfsio/R/import_gtfs	[no test files]
?   	rtdal/generated/r-files/gtfsio/R/new_gtfs	[no test files]
?   	rtdal/generated/r-files/gtfsio/R/utils	[no test files]
?   	rtdal/generated/r-files/gtfsio/inst/doc/gtfsio	[no test files]
?   	rtdal/generated/r-files/gtfsio/inst/reference/create_gtfs_reference_data	[no test files]
?   	rtdal/generated/r-files/gtfsio/inst/reference/parse_markdown	[no test files]
?   	rtdal/generated/r-files/gtfsio/inst/tinytest/test_assert_gtfs	[no test files]
?   	rtdal/generated/r-files/gtfsio/inst/tinytest/test_assert_inputs	[no test files]
?   	rtdal/generated/r-files/gtfsio/inst/tinytest/test_checks	[no test files]
?   	rtdal/generated/r-files/gtfsio/inst/tinytest/test_export_gtfs	[no test files]
?   	rtdal/generated/r-files/gtfsio/inst/tinytest/test_gtfsio_error	[no test files]
?   	rtdal/generated/r-files/gtfsio/inst/tinytest/test_import_gtfs	[no test files]
?   	rtdal/generated/r-files/gtfsio/inst/tinytest/test_new_gtfs	[no test files]
?   	rtdal/generated/r-files/gtfsio/inst/tinytest/test_print	[no test files]
?   	rtdal/generated/r-files/gtfsio/inst/tinytest/test_subset	[no test files]
?   	rtdal/generated/r-files/gtfsio/inst/tinytest/test_summary	[no test files]
?   	rtdal/generated/r-files/gtfsio/tests/tinytest	[no test files]
?   	rtdal/generated/r-files/highr/R/fallback	[no test files]
?   	rtdal/generated/r-files/highr/R/highlight	[no test files]
?   	rtdal/generated/r-files/highr/R/utils	[no test files]
?   	rtdal/generated/r-files/highr/inst/doc/highr-custom	[no test files]
?   	rtdal/generated/r-files/highr/inst/doc/highr-internals	[no test files]
?   	rtdal/generated/r-files/highr/tests/test-all	[no test files]
?   	rtdal/generated/r-files/hms/R/args	[no test files]
?   	rtdal/generated/r-files/hms/R/arith	[no test files]
?   	rtdal/generated/r-files/hms/R/cast	[no test files]
?   	rtdal/generated/r-files/hms/R/coerce	[no test files]
?   	rtdal/generated/r-files/hms/R/compat-purrr	[no test files]
?   	rtdal/generated/r-files/hms/R/format	[no test files]
?   	rtdal/generated/r-files/hms/R/hms	[no test files]
?   	rtdal/generated/r-files/hms/R/hms-package	[no test files]
?   	rtdal/generated/r-files/hms/R/parse	[no test files]
?   	rtdal/generated/r-files/hms/R/pillar	[no test files]
?   	rtdal/generated/r-files/hms/R/round	[no test files]
?   	rtdal/generated/r-files/hms/R/unique	[no test files]
?   	rtdal/generated/r-files/hms/R/zzz	[no test files]
?   	rtdal/generated/r-files/hms/tests/testthat	[no test files]
?   	rtdal/generated/r-files/hms/tests/testthat/helper-compare	[no test files]
?   	rtdal/generated/r-files/hms/tests/testthat/test-arith	[no test files]
?   	rtdal/generated/r-files/hms/tests/testthat/test-coercion	[no test files]
?   	rtdal/generated/r-files/hms/tests/testthat/test-coercion-deprecated	[no test files]
?   	rtdal/generated/r-files/hms/tests/testthat/test-colformat	[no test files]
?   	rtdal/generated/r-files/hms/tests/testthat/test-combine	[no test files]
?   	rtdal/generated/r-files/hms/tests/testthat/test-construct	[no test files]
?   	rtdal/generated/r-files/hms/tests/testthat/test-lubridate	[no test files]
?   	rtdal/generated/r-files/hms/tests/testthat/test-output	[no test files]
?   	rtdal/generated/r-files/hms/tests/testthat/test-parse	[no test files]
?   	rtdal/generated/r-files/hms/tests/testthat/test-round	[no test files]
?   	rtdal/generated/r-files/hms/tests/testthat/test-sequence	[no test files]
?   	rtdal/generated/r-files/hms/tests/testthat/test-subset	[no test files]
?   	rtdal/generated/r-files/hms/tests/testthat/test-unique	[no test files]
?   	rtdal/generated/r-files/hms/tests/testthat/test-update	[no test files]
?   	rtdal/generated/r-files/htmltools/R/colors	[no test files]
?   	rtdal/generated/r-files/htmltools/R/fill	[no test files]
?   	rtdal/generated/r-files/htmltools/R/html_dependency	[no test files]
?   	rtdal/generated/r-files/htmltools/R/html_escape	[no test files]
?   	rtdal/generated/r-files/htmltools/R/html_print	[no test files]
?   	rtdal/generated/r-files/htmltools/R/htmltools-package	[no test files]
?   	rtdal/generated/r-files/htmltools/R/images	[no test files]
?   	rtdal/generated/r-files/htmltools/R/known_tags	[no test files]
?   	rtdal/generated/r-files/htmltools/R/selector	[no test files]
?   	rtdal/generated/r-files/htmltools/R/staticimports	[no test files]
?   	rtdal/generated/r-files/htmltools/R/tag_query	[no test files]
?   	rtdal/generated/r-files/htmltools/R/tags	[no test files]
?   	rtdal/generated/r-files/htmltools/R/template	[no test files]
?   	rtdal/generated/r-files/htmltools/R/utils	[no test files]
?   	rtdal/generated/r-files/htmltools/tests/test-all	[no test files]
?   	rtdal/generated/r-files/htmltools/tests/testthat/helper-locale	[no test files]
?   	rtdal/generated/r-files/htmltools/tests/testthat/helper-tags	[no test files]
?   	rtdal/generated/r-files/htmltools/tests/testthat/test-colors	[no test files]
?   	rtdal/generated/r-files/htmltools/tests/testthat/test-deps	[no test files]
?   	rtdal/generated/r-files/htmltools/tests/testthat/test-fill	[no test files]
?   	rtdal/generated/r-files/htmltools/tests/testthat/test-images	[no test files]
?   	rtdal/generated/r-files/htmltools/tests/testthat/test-print	[no test files]
?   	rtdal/generated/r-files/htmltools/tests/testthat/test-selector	[no test files]
?   	rtdal/generated/r-files/htmltools/tests/testthat/test-tag-query	[no test files]
?   	rtdal/generated/r-files/htmltools/tests/testthat/test-tags	[no test files]
?   	rtdal/generated/r-files/htmltools/tests/testthat/test-template	[no test files]
?   	rtdal/generated/r-files/htmltools/tests/testthat/test-textwriter	[no test files]
?   	rtdal/generated/r-files/htmltools/tests/testthat/test-whitespace	[no test files]
?   	rtdal/generated/r-files/htmlwidgets/R/htmlwidgets	[no test files]
?   	rtdal/generated/r-files/htmlwidgets/R/htmlwidgets-package	[no test files]
?   	rtdal/generated/r-files/htmlwidgets/R/knitr-methods	[no test files]
?   	rtdal/generated/r-files/htmlwidgets/R/pandoc	[no test files]
?   	rtdal/generated/r-files/htmlwidgets/R/savewidget	[no test files]
?   	rtdal/generated/r-files/htmlwidgets/R/scaffold	[no test files]
?   	rtdal/generated/r-files/htmlwidgets/R/seed	[no test files]
?   	rtdal/generated/r-files/htmlwidgets/R/sizing	[no test files]
?   	rtdal/generated/r-files/htmlwidgets/R/staticimports	[no test files]
?   	rtdal/generated/r-files/htmlwidgets/R/utils	[no test files]
?   	rtdal/generated/r-files/htmlwidgets/R/widgetid	[no test files]
?   	rtdal/generated/r-files/htmlwidgets/inst/doc/develop_advanced	[no test files]
?   	rtdal/generated/r-files/htmlwidgets/inst/doc/develop_intro	[no test files]
?   	rtdal/generated/r-files/htmlwidgets/tests/testthat	[no test files]
?   	rtdal/generated/r-files/htmlwidgets/tests/testthat/test-htmlwidgets	[no test files]
?   	rtdal/generated/r-files/htmlwidgets/tests/testthat/test-pandoc	[no test files]
?   	rtdal/generated/r-files/httpuv/R/RcppExports	[no test files]
?   	rtdal/generated/r-files/httpuv/R/httpuv	[no test files]
?   	rtdal/generated/r-files/httpuv/R/httpuv-package	[no test files]
?   	rtdal/generated/r-files/httpuv/R/random_port	[no test files]
?   	rtdal/generated/r-files/httpuv/R/server	[no test files]
?   	rtdal/generated/r-files/httpuv/R/staticServer	[no test files]
?   	rtdal/generated/r-files/httpuv/R/static_paths	[no test files]
?   	rtdal/generated/r-files/httpuv/R/utils	[no test files]
?   	rtdal/generated/r-files/httpuv/demo/daemon-echo	[no test files]
?   	rtdal/generated/r-files/httpuv/demo/echo	[no test files]
?   	rtdal/generated/r-files/httpuv/demo/json-server	[no test files]
?   	rtdal/generated/r-files/httpuv/tests/testthat	[no test files]
?   	rtdal/generated/r-files/httpuv/tests/testthat/helper-app	[no test files]
?   	rtdal/generated/r-files/httpuv/tests/testthat/sample_app	[no test files]
?   	rtdal/generated/r-files/httpuv/tests/testthat/test-app	[no test files]
?   	rtdal/generated/r-files/httpuv/tests/testthat/test-frame-completion	[no test files]
?   	rtdal/generated/r-files/httpuv/tests/testthat/test-http-parse	[no test files]
?   	rtdal/generated/r-files/httpuv/tests/testthat/test-static-paths	[no test files]
?   	rtdal/generated/r-files/httpuv/tests/testthat/test-static-server	[no test files]
?   	rtdal/generated/r-files/httpuv/tests/testthat/test-traffic	[no test files]
?   	rtdal/generated/r-files/httpuv/tests/testthat/test-utils	[no test files]
?   	rtdal/generated/r-files/httpuv/tools/submit_to_cran	[no test files]
?   	rtdal/generated/r-files/httpuv/tools/update_libuv	[no test files]
?   	rtdal/generated/r-files/httpuv/tools/update_mime	[no test files]
?   	rtdal/generated/r-files/httr/R/authenticate	[no test files]
?   	rtdal/generated/r-files/httr/R/body	[no test files]
?   	rtdal/generated/r-files/httr/R/cache	[no test files]
?   	rtdal/generated/r-files/httr/R/callback	[no test files]
?   	rtdal/generated/r-files/httr/R/config	[no test files]
?   	rtdal/generated/r-files/httr/R/content	[no test files]
?   	rtdal/generated/r-files/httr/R/content-parse	[no test files]
?   	rtdal/generated/r-files/httr/R/cookies	[no test files]
?   	rtdal/generated/r-files/httr/R/date	[no test files]
?   	rtdal/generated/r-files/httr/R/doctor	[no test files]
?   	rtdal/generated/r-files/httr/R/envvar	[no test files]
?   	rtdal/generated/r-files/httr/R/handle	[no test files]
?   	rtdal/generated/r-files/httr/R/handle-pool	[no test files]
?   	rtdal/generated/r-files/httr/R/handle-url	[no test files]
?   	rtdal/generated/r-files/httr/R/headers	[no test files]
?   	rtdal/generated/r-files/httr/R/http-browse	[no test files]
?   	rtdal/generated/r-files/httr/R/http-delete	[no test files]
?   	rtdal/generated/r-files/httr/R/http-get	[no test files]
?   	rtdal/generated/r-files/httr/R/http-head	[no test files]
?   	rtdal/generated/r-files/httr/R/http-patch	[no test files]
?   	rtdal/generated/r-files/httr/R/http-post	[no test files]
?   	rtdal/generated/r-files/httr/R/http-put	[no test files]
?   	rtdal/generated/r-files/httr/R/http-verb	[no test files]
?   	rtdal/generated/r-files/httr/R/httr	[no test files]
?   	rtdal/generated/r-files/httr/R/insensitive	[no test files]
?   	rtdal/generated/r-files/httr/R/media-guess	[no test files]
?   	rtdal/generated/r-files/httr/R/media-parse	[no test files]
?   	rtdal/generated/r-files/httr/R/oauth-app	[no test files]
?   	rtdal/generated/r-files/httr/R/oauth-cache	[no test files]
?   	rtdal/generated/r-files/httr/R/oauth-endpoint	[no test files]
?   	rtdal/generated/r-files/httr/R/oauth-error	[no test files]
?   	rtdal/generated/r-files/httr/R/oauth-exchanger	[no test files]
?   	rtdal/generated/r-files/httr/R/oauth-init	[no test files]
?   	rtdal/generated/r-files/httr/R/oauth-listener	[no test files]
?   	rtdal/generated/r-files/httr/R/oauth-refresh	[no test files]
?   	rtdal/generated/r-files/httr/R/oauth-server-side	[no test files]
?   	rtdal/generated/r-files/httr/R/oauth-signature	[no test files]
?   	rtdal/generated/r-files/httr/R/oauth-token	[no test files]
?   	rtdal/generated/r-files/httr/R/oauth-token-utils	[no test files]
?   	rtdal/generated/r-files/httr/R/progress	[no test files]
?   	rtdal/generated/r-files/httr/R/proxy	[no test files]
?   	rtdal/generated/r-files/httr/R/request	[no test files]
?   	rtdal/generated/r-files/httr/R/response	[no test files]
?   	rtdal/generated/r-files/httr/R/response-status	[no test files]
?   	rtdal/generated/r-files/httr/R/response-type	[no test files]
?   	rtdal/generated/r-files/httr/R/retry	[no test files]
?   	rtdal/generated/r-files/httr/R/sha1	[no test files]
?   	rtdal/generated/r-files/httr/R/str	[no test files]
?   	rtdal/generated/r-files/httr/R/timeout	[no test files]
?   	rtdal/generated/r-files/httr/R/upload-file	[no test files]
?   	rtdal/generated/r-files/httr/R/url	[no test files]
?   	rtdal/generated/r-files/httr/R/url-query	[no test files]
?   	rtdal/generated/r-files/httr/R/user-agent	[no test files]
?   	rtdal/generated/r-files/httr/R/utils	[no test files]
?   	rtdal/generated/r-files/httr/R/verbose	[no test files]
?   	rtdal/generated/r-files/httr/R/write-function	[no test files]
?   	rtdal/generated/r-files/httr/R/zzz	[no test files]
?   	rtdal/generated/r-files/httr/inst/doc/api-packages	[no test files]
?   	rtdal/generated/r-files/httr/inst/doc/quickstart	[no test files]
?   	rtdal/generated/r-files/httr/inst/doc/secrets	[no test files]
?   	rtdal/generated/r-files/httr/tests/testthat	[no test files]
?   	rtdal/generated/r-files/httr/tests/testthat/helper	[no test files]
?   	rtdal/generated/r-files/httr/tests/testthat/test-body	[no test files]
?   	rtdal/generated/r-files/httr/tests/testthat/test-callback	[no test files]
?   	rtdal/generated/r-files/httr/tests/testthat/test-config	[no test files]
?   	rtdal/generated/r-files/httr/tests/testthat/test-content	[no test files]
?   	rtdal/generated/r-files/httr/tests/testthat/test-content-parse	[no test files]
?   	rtdal/generated/r-files/httr/tests/testthat/test-header	[no test files]
?   	rtdal/generated/r-files/httr/tests/testthat/test-http-condition	[no test files]
?   	rtdal/generated/r-files/httr/tests/testthat/test-http-error	[no test files]
?   	rtdal/generated/r-files/httr/tests/testthat/test-http-head	[no test files]
?   	rtdal/generated/r-files/httr/tests/testthat/test-oauth	[no test files]
?   	rtdal/generated/r-files/httr/tests/testthat/test-oauth-cache	[no test files]
?   	rtdal/generated/r-files/httr/tests/testthat/test-oauth-server-side	[no test files]
?   	rtdal/generated/r-files/httr/tests/testthat/test-oauth_signature	[no test files]
?   	rtdal/generated/r-files/httr/tests/testthat/test-parse_media	[no test files]
?   	rtdal/generated/r-files/httr/tests/testthat/test-request	[no test files]
?   	rtdal/generated/r-files/httr/tests/testthat/test-response	[no test files]
?   	rtdal/generated/r-files/httr/tests/testthat/test-retry	[no test files]
?   	rtdal/generated/r-files/httr/tests/testthat/test-ssl	[no test files]
?   	rtdal/generated/r-files/httr/tests/testthat/test-upload-file	[no test files]
?   	rtdal/generated/r-files/httr/tests/testthat/test-url	[no test files]
?   	rtdal/generated/r-files/httr2/R/content-type	[no test files]
?   	rtdal/generated/r-files/httr2/R/curl	[no test files]
?   	rtdal/generated/r-files/httr2/R/headers	[no test files]
?   	rtdal/generated/r-files/httr2/R/httr2-package	[no test files]
?   	rtdal/generated/r-files/httr2/R/httr2-translate	[no test files]
?   	rtdal/generated/r-files/httr2/R/import-standalone-obj-type	[no test files]
?   	rtdal/generated/r-files/httr2/R/import-standalone-purrr	[no test files]
?   	rtdal/generated/r-files/httr2/R/import-standalone-types-check	[no test files]
?   	rtdal/generated/r-files/httr2/R/is-online	[no test files]
?   	rtdal/generated/r-files/httr2/R/iterate-helpers	[no test files]
?   	rtdal/generated/r-files/httr2/R/iterate-responses	[no test files]
?   	rtdal/generated/r-files/httr2/R/jwt	[no test files]
?   	rtdal/generated/r-files/httr2/R/last	[no test files]
?   	rtdal/generated/r-files/httr2/R/oauth	[no test files]
?   	rtdal/generated/r-files/httr2/R/oauth-client	[no test files]
?   	rtdal/generated/r-files/httr2/R/oauth-flow	[no test files]
?   	rtdal/generated/r-files/httr2/R/oauth-flow-auth-code	[no test files]
?   	rtdal/generated/r-files/httr2/R/oauth-flow-client-credentials	[no test files]
?   	rtdal/generated/r-files/httr2/R/oauth-flow-device	[no test files]
?   	rtdal/generated/r-files/httr2/R/oauth-flow-jwt	[no test files]
?   	rtdal/generated/r-files/httr2/R/oauth-flow-password	[no test files]
?   	rtdal/generated/r-files/httr2/R/oauth-flow-refresh	[no test files]
?   	rtdal/generated/r-files/httr2/R/oauth-flow-token-exchange	[no test files]
?   	rtdal/generated/r-files/httr2/R/oauth-server-metadata	[no test files]
?   	rtdal/generated/r-files/httr2/R/oauth-token	[no test files]
?   	rtdal/generated/r-files/httr2/R/otel	[no test files]
?   	rtdal/generated/r-files/httr2/R/parse	[no test files]
?   	rtdal/generated/r-files/httr2/R/pooled-request	[no test files]
?   	rtdal/generated/r-files/httr2/R/progress-bars	[no test files]
?   	rtdal/generated/r-files/httr2/R/req	[no test files]
?   	rtdal/generated/r-files/httr2/R/req-auth	[no test files]
?   	rtdal/generated/r-files/httr2/R/req-auth-aws	[no test files]
?   	rtdal/generated/r-files/httr2/R/req-auth-sign	[no test files]
?   	rtdal/generated/r-files/httr2/R/req-body	[no test files]
?   	rtdal/generated/r-files/httr2/R/req-cache	[no test files]
?   	rtdal/generated/r-files/httr2/R/req-cookies	[no test files]
?   	rtdal/generated/r-files/httr2/R/req-dry-run	[no test files]
?   	rtdal/generated/r-files/httr2/R/req-error	[no test files]
?   	rtdal/generated/r-files/httr2/R/req-headers	[no test files]
?   	rtdal/generated/r-files/httr2/R/req-method	[no test files]
?   	rtdal/generated/r-files/httr2/R/req-mock	[no test files]
?   	rtdal/generated/r-files/httr2/R/req-options	[no test files]
?   	rtdal/generated/r-files/httr2/R/req-perform	[no test files]
?   	rtdal/generated/r-files/httr2/R/req-perform-connection	[no test files]
?   	rtdal/generated/r-files/httr2/R/req-perform-iterative	[no test files]
?   	rtdal/generated/r-files/httr2/R/req-perform-parallel	[no test files]
?   	rtdal/generated/r-files/httr2/R/req-perform-sequential	[no test files]
?   	rtdal/generated/r-files/httr2/R/req-perform-stream	[no test files]
?   	rtdal/generated/r-files/httr2/R/req-policy	[no test files]
?   	rtdal/generated/r-files/httr2/R/req-progress	[no test files]
?   	rtdal/generated/r-files/httr2/R/req-promise	[no test files]
?   	rtdal/generated/r-files/httr2/R/req-retries	[no test files]
?   	rtdal/generated/r-files/httr2/R/req-template	[no test files]
?   	rtdal/generated/r-files/httr2/R/req-throttle	[no test files]
?   	rtdal/generated/r-files/httr2/R/req-url	[no test files]
?   	rtdal/generated/r-files/httr2/R/req-verbose	[no test files]
?   	rtdal/generated/r-files/httr2/R/resp	[no test files]
?   	rtdal/generated/r-files/httr2/R/resp-body	[no test files]
?   	rtdal/generated/r-files/httr2/R/resp-headers	[no test files]
?   	rtdal/generated/r-files/httr2/R/resp-request	[no test files]
?   	rtdal/generated/r-files/httr2/R/resp-status	[no test files]
?   	rtdal/generated/r-files/httr2/R/resp-stream	[no test files]
?   	rtdal/generated/r-files/httr2/R/resp-stream-aws	[no test files]
?   	rtdal/generated/r-files/httr2/R/resp-stream-lines	[no test files]
?   	rtdal/generated/r-files/httr2/R/resp-stream-sse	[no test files]
?   	rtdal/generated/r-files/httr2/R/resp-timing	[no test files]
?   	rtdal/generated/r-files/httr2/R/resp-url	[no test files]
?   	rtdal/generated/r-files/httr2/R/roxygen2	[no test files]
?   	rtdal/generated/r-files/httr2/R/secret	[no test files]
?   	rtdal/generated/r-files/httr2/R/test	[no test files]
?   	rtdal/generated/r-files/httr2/R/url	[no test files]
?   	rtdal/generated/r-files/httr2/R/utils	[no test files]
?   	rtdal/generated/r-files/httr2/R/utils-multi	[no test files]
?   	rtdal/generated/r-files/httr2/R/utils-pipe	[no test files]
?   	rtdal/generated/r-files/httr2/R/utils-redacted	[no test files]
?   	rtdal/generated/r-files/httr2/R/verbosity	[no test files]
?   	rtdal/generated/r-files/httr2/R/zzz	[no test files]
?   	rtdal/generated/r-files/httr2/inst/doc/httr2	[no test files]
?   	rtdal/generated/r-files/httr2/tests/testthat	[no test files]
?   	rtdal/generated/r-files/httr2/tests/testthat/helper	[no test files]
?   	rtdal/generated/r-files/httr2/tests/testthat/helper-aws	[no test files]
?   	rtdal/generated/r-files/httr2/tests/testthat/helper-promise	[no test files]
?   	rtdal/generated/r-files/httr2/tests/testthat/helper-resp-stream	[no test files]
?   	rtdal/generated/r-files/httr2/tests/testthat/helper-sync	[no test files]
?   	rtdal/generated/r-files/httr2/tests/testthat/helper-webfakes	[no test files]
?   	rtdal/generated/r-files/httr2/tests/testthat/test-content-type	[no test files]
?   	rtdal/generated/r-files/httr2/tests/testthat/test-curl	[no test files]
?   	rtdal/generated/r-files/httr2/tests/testthat/test-headers	[no test files]
?   	rtdal/generated/r-files/httr2/tests/testthat/test-httr2-translate	[no test files]
?   	rtdal/generated/r-files/httr2/tests/testthat/test-last	[no test files]
?   	rtdal/generated/r-files/httr2/tests/testthat/test-oauth	[no test files]
?   	rtdal/generated/r-files/httr2/tests/testthat/test-oauth-client	[no test files]
?   	rtdal/generated/r-files/httr2/tests/testthat/test-oauth-flow	[no test files]
?   	rtdal/generated/r-files/httr2/tests/testthat/test-oauth-flow-auth-code	[no test files]
?   	rtdal/generated/r-files/httr2/tests/testthat/test-oauth-flow-client-credentials	[no test files]
?   	rtdal/generated/r-files/httr2/tests/testthat/test-oauth-flow-device	[no test files]
?   	rtdal/generated/r-files/httr2/tests/testthat/test-oauth-flow-jwt	[no test files]
?   	rtdal/generated/r-files/httr2/tests/testthat/test-oauth-flow-refresh	[no test files]
?   	rtdal/generated/r-files/httr2/tests/testthat/test-oauth-server-metadata	[no test files]
?   	rtdal/generated/r-files/httr2/tests/testthat/test-oauth-token	[no test files]
?   	rtdal/generated/r-files/httr2/tests/testthat/test-parse	[no test files]
?   	rtdal/generated/r-files/httr2/tests/testthat/test-req	[no test files]
?   	rtdal/generated/r-files/httr2/tests/testthat/test-req-auth	[no test files]
?   	rtdal/generated/r-files/httr2/tests/testthat/test-req-auth-aws	[no test files]
?   	rtdal/generated/r-files/httr2/tests/testthat/test-req-body	[no test files]
?   	rtdal/generated/r-files/httr2/tests/testthat/test-req-cache	[no test files]
?   	rtdal/generated/r-files/httr2/tests/testthat/test-req-cookies	[no test files]
?   	rtdal/generated/r-files/httr2/tests/testthat/test-req-dry-run	[no test files]
?   	rtdal/generated/r-files/httr2/tests/testthat/test-req-error	[no test files]
?   	rtdal/generated/r-files/httr2/tests/testthat/test-req-headers	[no test files]
?   	rtdal/generated/r-files/httr2/tests/testthat/test-req-method	[no test files]
?   	rtdal/generated/r-files/httr2/tests/testthat/test-req-mock	[no test files]
?   	rtdal/generated/r-files/httr2/tests/testthat/test-req-options	[no test files]
?   	rtdal/generated/r-files/httr2/tests/testthat/test-req-perform	[no test files]
?   	rtdal/generated/r-files/httr2/tests/testthat/test-req-perform-connection	[no test files]
?   	rtdal/generated/r-files/httr2/tests/testthat/test-req-perform-iterative	[no test files]
?   	rtdal/generated/r-files/httr2/tests/testthat/test-req-perform-iterative-helpers	[no test files]
?   	rtdal/generated/r-files/httr2/tests/testthat/test-req-perform-iterative-responses	[no test files]
?   	rtdal/generated/r-files/httr2/tests/testthat/test-req-perform-parallel	[no test files]
?   	rtdal/generated/r-files/httr2/tests/testthat/test-req-perform-sequential	[no test files]
?   	rtdal/generated/r-files/httr2/tests/testthat/test-req-perform-stream	[no test files]
?   	rtdal/generated/r-files/httr2/tests/testthat/test-req-policy	[no test files]
?   	rtdal/generated/r-files/httr2/tests/testthat/test-req-promise	[no test files]
?   	rtdal/generated/r-files/httr2/tests/testthat/test-req-retries	[no test files]
?   	rtdal/generated/r-files/httr2/tests/testthat/test-req-template	[no test files]
?   	rtdal/generated/r-files/httr2/tests/testthat/test-req-throttle	[no test files]
?   	rtdal/generated/r-files/httr2/tests/testthat/test-req-url	[no test files]
?   	rtdal/generated/r-files/httr2/tests/testthat/test-req-verbose	[no test files]
?   	rtdal/generated/r-files/httr2/tests/testthat/test-resp	[no test files]
?   	rtdal/generated/r-files/httr2/tests/testthat/test-resp-body	[no test files]
?   	rtdal/generated/r-files/httr2/tests/testthat/test-resp-headers	[no test files]
?   	rtdal/generated/r-files/httr2/tests/testthat/test-resp-request	[no test files]
?   	rtdal/generated/r-files/httr2/tests/testthat/test-resp-status	[no test files]
?   	rtdal/generated/r-files/httr2/tests/testthat/test-resp-stream	[no test files]
?   	rtdal/generated/r-files/httr2/tests/testthat/test-resp-stream-aws	[no test files]
?   	rtdal/generated/r-files/httr2/tests/testthat/test-resp-stream-lines	[no test files]
?   	rtdal/generated/r-files/httr2/tests/testthat/test-resp-stream-sse	[no test files]
?   	rtdal/generated/r-files/httr2/tests/testthat/test-resp-timing	[no test files]
?   	rtdal/generated/r-files/httr2/tests/testthat/test-resp-url	[no test files]
?   	rtdal/generated/r-files/httr2/tests/testthat/test-secret	[no test files]
?   	rtdal/generated/r-files/httr2/tests/testthat/test-url	[no test files]
?   	rtdal/generated/r-files/httr2/tests/testthat/test-utils	[no test files]
?   	rtdal/generated/r-files/httr2/tests/testthat/test-utils-multi	[no test files]
?   	rtdal/generated/r-files/httr2/tests/testthat/test-utils-redacted	[no test files]
?   	rtdal/generated/r-files/httr2/tests/testthat/test-verbosity	[no test files]
?   	rtdal/generated/r-files/igraph/R/aaa-auto	[no test files]
?   	rtdal/generated/r-files/igraph/R/adjacency	[no test files]
?   	rtdal/generated/r-files/igraph/R/as_phylo	[no test files]
?   	rtdal/generated/r-files/igraph/R/assortativity	[no test files]
?   	rtdal/generated/r-files/igraph/R/attributes	[no test files]
?   	rtdal/generated/r-files/igraph/R/basic	[no test files]
?   	rtdal/generated/r-files/igraph/R/bipartite	[no test files]
?   	rtdal/generated/r-files/igraph/R/centrality	[no test files]
?   	rtdal/generated/r-files/igraph/R/centralization	[no test files]
?   	rtdal/generated/r-files/igraph/R/cliques	[no test files]
?   	rtdal/generated/r-files/igraph/R/cocitation	[no test files]
?   	rtdal/generated/r-files/igraph/R/cohesive.blocks	[no test files]
?   	rtdal/generated/r-files/igraph/R/coloring	[no test files]
?   	rtdal/generated/r-files/igraph/R/community	[no test files]
?   	rtdal/generated/r-files/igraph/R/components	[no test files]
?   	rtdal/generated/r-files/igraph/R/console	[no test files]
?   	rtdal/generated/r-files/igraph/R/conversion	[no test files]
?   	rtdal/generated/r-files/igraph/R/cpp11	[no test files]
?   	rtdal/generated/r-files/igraph/R/cycles	[no test files]
?   	rtdal/generated/r-files/igraph/R/decomposition	[no test files]
?   	rtdal/generated/r-files/igraph/R/degseq	[no test files]
?   	rtdal/generated/r-files/igraph/R/efficiency	[no test files]
?   	rtdal/generated/r-files/igraph/R/embedding	[no test files]
?   	rtdal/generated/r-files/igraph/R/env-and-data	[no test files]
?   	rtdal/generated/r-files/igraph/R/epi	[no test files]
?   	rtdal/generated/r-files/igraph/R/eulerian	[no test files]
?   	rtdal/generated/r-files/igraph/R/fit	[no test files]
?   	rtdal/generated/r-files/igraph/R/flow	[no test files]
?   	rtdal/generated/r-files/igraph/R/foreign	[no test files]
?   	rtdal/generated/r-files/igraph/R/games	[no test files]
?   	rtdal/generated/r-files/igraph/R/glet	[no test files]
?   	rtdal/generated/r-files/igraph/R/has	[no test files]
?   	rtdal/generated/r-files/igraph/R/hrg	[no test files]
?   	rtdal/generated/r-files/igraph/R/idx	[no test files]
?   	rtdal/generated/r-files/igraph/R/igraph-package	[no test files]
?   	rtdal/generated/r-files/igraph/R/import-standalone-obj-type	[no test files]
?   	rtdal/generated/r-files/igraph/R/import-standalone-purrr	[no test files]
?   	rtdal/generated/r-files/igraph/R/import-standalone-types-check	[no test files]
?   	rtdal/generated/r-files/igraph/R/incidence	[no test files]
?   	rtdal/generated/r-files/igraph/R/indexing	[no test files]
?   	rtdal/generated/r-files/igraph/R/interface	[no test files]
?   	rtdal/generated/r-files/igraph/R/iterators	[no test files]
?   	rtdal/generated/r-files/igraph/R/layout	[no test files]
?   	rtdal/generated/r-files/igraph/R/make	[no test files]
?   	rtdal/generated/r-files/igraph/R/minimum.spanning.tree	[no test files]
?   	rtdal/generated/r-files/igraph/R/motifs	[no test files]
?   	rtdal/generated/r-files/igraph/R/old-0_1_1	[no test files]
?   	rtdal/generated/r-files/igraph/R/old-0_2	[no test files]
?   	rtdal/generated/r-files/igraph/R/old-0_5	[no test files]
?   	rtdal/generated/r-files/igraph/R/old-0_6	[no test files]
?   	rtdal/generated/r-files/igraph/R/old-1_0_0	[no test files]
?   	rtdal/generated/r-files/igraph/R/old-1_5_0	[no test files]
?   	rtdal/generated/r-files/igraph/R/operators	[no test files]
?   	rtdal/generated/r-files/igraph/R/other	[no test files]
?   	rtdal/generated/r-files/igraph/R/package	[no test files]
?   	rtdal/generated/r-files/igraph/R/palette	[no test files]
?   	rtdal/generated/r-files/igraph/R/par	[no test files]
?   	rtdal/generated/r-files/igraph/R/paths	[no test files]
?   	rtdal/generated/r-files/igraph/R/plot	[no test files]
?   	rtdal/generated/r-files/igraph/R/plot.common	[no test files]
?   	rtdal/generated/r-files/igraph/R/plot.shapes	[no test files]
?   	rtdal/generated/r-files/igraph/R/pp	[no test files]
?   	rtdal/generated/r-files/igraph/R/print	[no test files]
?   	rtdal/generated/r-files/igraph/R/printr	[no test files]
?   	rtdal/generated/r-files/igraph/R/random_walk	[no test files]
?   	rtdal/generated/r-files/igraph/R/rewire	[no test files]
?   	rtdal/generated/r-files/igraph/R/scan	[no test files]
?   	rtdal/generated/r-files/igraph/R/sgm	[no test files]
?   	rtdal/generated/r-files/igraph/R/similarity	[no test files]
?   	rtdal/generated/r-files/igraph/R/simple	[no test files]
?   	rtdal/generated/r-files/igraph/R/sir	[no test files]
?   	rtdal/generated/r-files/igraph/R/sparsedf	[no test files]
?   	rtdal/generated/r-files/igraph/R/stochastic_matrix	[no test files]
?   	rtdal/generated/r-files/igraph/R/structural-properties	[no test files]
?   	rtdal/generated/r-files/igraph/R/structure.info	[no test files]
?   	rtdal/generated/r-files/igraph/R/tkigraph	[no test files]
?   	rtdal/generated/r-files/igraph/R/tkplot	[no test files]
?   	rtdal/generated/r-files/igraph/R/topology	[no test files]
?   	rtdal/generated/r-files/igraph/R/trees	[no test files]
?   	rtdal/generated/r-files/igraph/R/triangles	[no test files]
?   	rtdal/generated/r-files/igraph/R/utils	[no test files]
?   	rtdal/generated/r-files/igraph/R/utils-assert-args	[no test files]
?   	rtdal/generated/r-files/igraph/R/utils-s3	[no test files]
?   	rtdal/generated/r-files/igraph/R/uuid	[no test files]
?   	rtdal/generated/r-files/igraph/R/versions	[no test files]
?   	rtdal/generated/r-files/igraph/R/weakref	[no test files]
?   	rtdal/generated/r-files/igraph/R/zzz	[no test files]
?   	rtdal/generated/r-files/igraph/inst/benchmarks/correlated	[no test files]
?   	rtdal/generated/r-files/igraph/inst/benchmarks/local.scan	[no test files]
?   	rtdal/generated/r-files/igraph/inst/benchmarks/time_call	[no test files]
?   	rtdal/generated/r-files/igraph/inst/benchmarks/time_dirSelect	[no test files]
?   	rtdal/generated/r-files/igraph/inst/benchmarks/time_fr_layout	[no test files]
?   	rtdal/generated/r-files/igraph/inst/benchmarks/time_kk_layout	[no test files]
?   	rtdal/generated/r-files/igraph/inst/benchmarks/time_print	[no test files]
?   	rtdal/generated/r-files/igraph/inst/benchmarks/time_sgm	[no test files]
?   	rtdal/generated/r-files/igraph/inst/benchmarks/time_sir	[no test files]
?   	rtdal/generated/r-files/igraph/inst/doc/igraph	[no test files]
?   	rtdal/generated/r-files/igraph/inst/doc/igraph_ES	[no test files]
?   	rtdal/generated/r-files/igraph/inst/lifecycle/deprecated-table-creation	[no test files]
?   	rtdal/generated/r-files/igraph/man/roxygen/meta	[no test files]
?   	rtdal/generated/r-files/igraph/tests/testthat	[no test files]
?   	rtdal/generated/r-files/igraph/tests/testthat/helper	[no test files]
?   	rtdal/generated/r-files/igraph/tests/testthat/helper-indexing	[no test files]
?   	rtdal/generated/r-files/igraph/tests/testthat/helper-unvs	[no test files]
?   	rtdal/generated/r-files/igraph/tests/testthat/test-aaa-auto	[no test files]
?   	rtdal/generated/r-files/igraph/tests/testthat/test-adjacency	[no test files]
?   	rtdal/generated/r-files/igraph/tests/testthat/test-assortativity	[no test files]
?   	rtdal/generated/r-files/igraph/tests/testthat/test-attributes	[no test files]
?   	rtdal/generated/r-files/igraph/tests/testthat/test-bipartite	[no test files]
?   	rtdal/generated/r-files/igraph/tests/testthat/test-centrality	[no test files]
?   	rtdal/generated/r-files/igraph/tests/testthat/test-centralization	[no test files]
?   	rtdal/generated/r-files/igraph/tests/testthat/test-cliques	[no test files]
?   	rtdal/generated/r-files/igraph/tests/testthat/test-cocitation	[no test files]
?   	rtdal/generated/r-files/igraph/tests/testthat/test-coloring	[no test files]
?   	rtdal/generated/r-files/igraph/tests/testthat/test-community	[no test files]
?   	rtdal/generated/r-files/igraph/tests/testthat/test-components	[no test files]
?   	rtdal/generated/r-files/igraph/tests/testthat/test-conversion	[no test files]
?   	rtdal/generated/r-files/igraph/tests/testthat/test-cycles	[no test files]
?   	rtdal/generated/r-files/igraph/tests/testthat/test-decomposition	[no test files]
?   	rtdal/generated/r-files/igraph/tests/testthat/test-degseq	[no test files]
?   	rtdal/generated/r-files/igraph/tests/testthat/test-efficiency	[no test files]
?   	rtdal/generated/r-files/igraph/tests/testthat/test-embedding	[no test files]
?   	rtdal/generated/r-files/igraph/tests/testthat/test-error-formatting	[no test files]
?   	rtdal/generated/r-files/igraph/tests/testthat/test-eulerian	[no test files]
?   	rtdal/generated/r-files/igraph/tests/testthat/test-fit	[no test files]
?   	rtdal/generated/r-files/igraph/tests/testthat/test-flow	[no test files]
?   	rtdal/generated/r-files/igraph/tests/testthat/test-foreign	[no test files]
?   	rtdal/generated/r-files/igraph/tests/testthat/test-games	[no test files]
?   	rtdal/generated/r-files/igraph/tests/testthat/test-glet	[no test files]
?   	rtdal/generated/r-files/igraph/tests/testthat/test-hrg	[no test files]
?   	rtdal/generated/r-files/igraph/tests/testthat/test-incidence	[no test files]
?   	rtdal/generated/r-files/igraph/tests/testthat/test-indexing	[no test files]
?   	rtdal/generated/r-files/igraph/tests/testthat/test-interface	[no test files]
?   	rtdal/generated/r-files/igraph/tests/testthat/test-iterators	[no test files]
?   	rtdal/generated/r-files/igraph/tests/testthat/test-layout	[no test files]
?   	rtdal/generated/r-files/igraph/tests/testthat/test-make	[no test files]
?   	rtdal/generated/r-files/igraph/tests/testthat/test-minimum.spanning.tree	[no test files]
?   	rtdal/generated/r-files/igraph/tests/testthat/test-motifs	[no test files]
?   	rtdal/generated/r-files/igraph/tests/testthat/test-operators	[no test files]
?   	rtdal/generated/r-files/igraph/tests/testthat/test-other	[no test files]
?   	rtdal/generated/r-files/igraph/tests/testthat/test-palette	[no test files]
?   	rtdal/generated/r-files/igraph/tests/testthat/test-par	[no test files]
?   	rtdal/generated/r-files/igraph/tests/testthat/test-paths	[no test files]
?   	rtdal/generated/r-files/igraph/tests/testthat/test-plot	[no test files]
?   	rtdal/generated/r-files/igraph/tests/testthat/test-plot.shapes	[no test files]
?   	rtdal/generated/r-files/igraph/tests/testthat/test-print	[no test files]
?   	rtdal/generated/r-files/igraph/tests/testthat/test-random_walk	[no test files]
?   	rtdal/generated/r-files/igraph/tests/testthat/test-rewire	[no test files]
?   	rtdal/generated/r-files/igraph/tests/testthat/test-scan	[no test files]
?   	rtdal/generated/r-files/igraph/tests/testthat/test-sgm	[no test files]
?   	rtdal/generated/r-files/igraph/tests/testthat/test-similarity	[no test files]
?   	rtdal/generated/r-files/igraph/tests/testthat/test-sir	[no test files]
?   	rtdal/generated/r-files/igraph/tests/testthat/test-sparsedf	[no test files]
?   	rtdal/generated/r-files/igraph/tests/testthat/test-stochastic_matrix	[no test files]
?   	rtdal/generated/r-files/igraph/tests/testthat/test-structural-properties	[no test files]
?   	rtdal/generated/r-files/igraph/tests/testthat/test-structure.info	[no test files]
?   	rtdal/generated/r-files/igraph/tests/testthat/test-topology	[no test files]
?   	rtdal/generated/r-files/igraph/tests/testthat/test-trees	[no test files]
?   	rtdal/generated/r-files/igraph/tests/testthat/test-triangles	[no test files]
?   	rtdal/generated/r-files/igraph/tests/testthat/test-utils-assert-args	[no test files]
?   	rtdal/generated/r-files/igraph/tests/testthat/test-versions	[no test files]
?   	rtdal/generated/r-files/igraph/tests/testthat/test-weakref	[no test files]
?   	rtdal/generated/r-files/intervals/R/Intervals-class	[no test files]
?   	rtdal/generated/r-files/intervals/R/as.matrix	[no test files]
?   	rtdal/generated/r-files/intervals/R/c	[no test files]
?   	rtdal/generated/r-files/intervals/R/close_intervals-methods	[no test files]
?   	rtdal/generated/r-files/intervals/R/closed-methods	[no test files]
?   	rtdal/generated/r-files/intervals/R/clusters	[no test files]
?   	rtdal/generated/r-files/intervals/R/distance_to_nearest-methods	[no test files]
?   	rtdal/generated/r-files/intervals/R/empty-methods	[no test files]
?   	rtdal/generated/r-files/intervals/R/expand-methods	[no test files]
?   	rtdal/generated/r-files/intervals/R/head-methods	[no test files]
?   	rtdal/generated/r-files/intervals/R/interval_complement-methods	[no test files]
?   	rtdal/generated/r-files/intervals/R/interval_difference-methods	[no test files]
?   	rtdal/generated/r-files/intervals/R/interval_included-methods	[no test files]
?   	rtdal/generated/r-files/intervals/R/interval_intersection-methods	[no test files]
?   	rtdal/generated/r-files/intervals/R/interval_overlap-methods	[no test files]
?   	rtdal/generated/r-files/intervals/R/interval_union-methods	[no test files]
?   	rtdal/generated/r-files/intervals/R/is.na-methods	[no test files]
?   	rtdal/generated/r-files/intervals/R/plot.Intervals_virtual	[no test files]
?   	rtdal/generated/r-files/intervals/R/reduce-methods	[no test files]
?   	rtdal/generated/r-files/intervals/R/show-methods	[no test files]
?   	rtdal/generated/r-files/intervals/R/size-methods	[no test files]
?   	rtdal/generated/r-files/intervals/R/split	[no test files]
?   	rtdal/generated/r-files/intervals/R/t-methods	[no test files]
?   	rtdal/generated/r-files/intervals/R/type-methods	[no test files]
?   	rtdal/generated/r-files/intervals/R/which_nearest-methods	[no test files]
?   	rtdal/generated/r-files/intervals/inst/doc/intervals_overview	[no test files]
?   	rtdal/generated/r-files/intervals/tests/intervals_test_code	[no test files]
?   	rtdal/generated/r-files/isoband/R/catch-routine-registration	[no test files]
?   	rtdal/generated/r-files/isoband/R/clip-lines	[no test files]
?   	rtdal/generated/r-files/isoband/R/cpp11	[no test files]
?   	rtdal/generated/r-files/isoband/R/iso-to-sfg	[no test files]
?   	rtdal/generated/r-files/isoband/R/isoband-package	[no test files]
?   	rtdal/generated/r-files/isoband/R/isobands	[no test files]
?   	rtdal/generated/r-files/isoband/R/isobands-grob	[no test files]
?   	rtdal/generated/r-files/isoband/R/isolines-grob	[no test files]
?   	rtdal/generated/r-files/isoband/R/label-placer	[no test files]
?   	rtdal/generated/r-files/isoband/R/plot-iso	[no test files]
?   	rtdal/generated/r-files/isoband/R/utilities	[no test files]
?   	rtdal/generated/r-files/isoband/inst/doc/isoband1	[no test files]
?   	rtdal/generated/r-files/isoband/inst/doc/isoband3	[no test files]
?   	rtdal/generated/r-files/isoband/tests/testthat	[no test files]
?   	rtdal/generated/r-files/isoband/tests/testthat/test-clip-lines	[no test files]
?   	rtdal/generated/r-files/isoband/tests/testthat/test-cpp	[no test files]
?   	rtdal/generated/r-files/isoband/tests/testthat/test-iso-to-sfg	[no test files]
?   	rtdal/generated/r-files/isoband/tests/testthat/test-isobands	[no test files]
?   	rtdal/generated/r-files/isoband/tests/testthat/test-isolines	[no test files]
?   	rtdal/generated/r-files/isoband/tests/testthat/test-isolines-grob	[no test files]
?   	rtdal/generated/r-files/isoband/tests/testthat/test-label-placer	[no test files]
?   	rtdal/generated/r-files/jpeg/R/read	[no test files]
?   	rtdal/generated/r-files/jpeg/R/write	[no test files]
?   	rtdal/generated/r-files/jpeg/tests/jpeg	[no test files]
?   	rtdal/generated/r-files/jquerylib/R/jquery	[no test files]
?   	rtdal/generated/r-files/jquerylib/tests/testthat	[no test files]
?   	rtdal/generated/r-files/jquerylib/tests/testthat/test-jquery	[no test files]
?   	rtdal/generated/r-files/jquerylib/tools/download	[no test files]
?   	rtdal/generated/r-files/jsonify/R/RcppExports	[no test files]
?   	rtdal/generated/r-files/jsonify/R/from_json	[no test files]
?   	rtdal/generated/r-files/jsonify/R/jsonify-package	[no test files]
?   	rtdal/generated/r-files/jsonify/R/pretty	[no test files]
?   	rtdal/generated/r-files/jsonify/R/scratch	[no test files]
?   	rtdal/generated/r-files/jsonify/R/scratch2	[no test files]
?   	rtdal/generated/r-files/jsonify/R/to_json	[no test files]
?   	rtdal/generated/r-files/jsonify/R/validate	[no test files]
?   	rtdal/generated/r-files/jsonify/tests/testthat	[no test files]
?   	rtdal/generated/r-files/jsonify/tests/testthat/test-as_json	[no test files]
?   	rtdal/generated/r-files/jsonify/tests/testthat/test-from_json	[no test files]
?   	rtdal/generated/r-files/jsonify/tests/testthat/test-from_json_simplify	[no test files]
?   	rtdal/generated/r-files/jsonify/tests/testthat/test-from_ndjson	[no test files]
?   	rtdal/generated/r-files/jsonify/tests/testthat/test-to_json_SEXPTYPE	[no test files]
?   	rtdal/generated/r-files/jsonify/tests/testthat/test-to_json_column	[no test files]
?   	rtdal/generated/r-files/jsonify/tests/testthat/test-to_json_dataframe	[no test files]
?   	rtdal/generated/r-files/jsonify/tests/testthat/test-to_json_dates	[no test files]
?   	rtdal/generated/r-files/jsonify/tests/testthat/test-to_json_digits	[no test files]
?   	rtdal/generated/r-files/jsonify/tests/testthat/test-to_json_lists	[no test files]
?   	rtdal/generated/r-files/jsonify/tests/testthat/test-to_json_matrix	[no test files]
?   	rtdal/generated/r-files/jsonify/tests/testthat/test-to_json_prettify	[no test files]
?   	rtdal/generated/r-files/jsonify/tests/testthat/test-to_json_src	[no test files]
?   	rtdal/generated/r-files/jsonify/tests/testthat/test-to_json_unbox	[no test files]
?   	rtdal/generated/r-files/jsonify/tests/testthat/test-to_json_validate	[no test files]
?   	rtdal/generated/r-files/jsonify/tests/testthat/test-to_json_vectors	[no test files]
?   	rtdal/generated/r-files/jsonify/tests/testthat/test-to_ndjson	[no test files]
?   	rtdal/generated/r-files/jsonlite/R/apply_by_pages	[no test files]
?   	rtdal/generated/r-files/jsonlite/R/as.scalar	[no test files]
?   	rtdal/generated/r-files/jsonlite/R/asJSON.AAAgeneric	[no test files]
?   	rtdal/generated/r-files/jsonlite/R/asJSON.ANY	[no test files]
?   	rtdal/generated/r-files/jsonlite/R/asJSON.AsIs	[no test files]
?   	rtdal/generated/r-files/jsonlite/R/asJSON.Date	[no test files]
?   	rtdal/generated/r-files/jsonlite/R/asJSON.ITime	[no test files]
?   	rtdal/generated/r-files/jsonlite/R/asJSON.NULL	[no test files]
?   	rtdal/generated/r-files/jsonlite/R/asJSON.POSIXt	[no test files]
?   	rtdal/generated/r-files/jsonlite/R/asJSON.array	[no test files]
?   	rtdal/generated/r-files/jsonlite/R/asJSON.character	[no test files]
?   	rtdal/generated/r-files/jsonlite/R/asJSON.classRepresentation	[no test files]
?   	rtdal/generated/r-files/jsonlite/R/asJSON.complex	[no test files]
?   	rtdal/generated/r-files/jsonlite/R/asJSON.data.frame	[no test files]
?   	rtdal/generated/r-files/jsonlite/R/asJSON.difftime	[no test files]
?   	rtdal/generated/r-files/jsonlite/R/asJSON.factor	[no test files]
?   	rtdal/generated/r-files/jsonlite/R/asJSON.function	[no test files]
?   	rtdal/generated/r-files/jsonlite/R/asJSON.int64	[no test files]
?   	rtdal/generated/r-files/jsonlite/R/asJSON.json	[no test files]
?   	rtdal/generated/r-files/jsonlite/R/asJSON.list	[no test files]
?   	rtdal/generated/r-files/jsonlite/R/asJSON.logical	[no test files]
?   	rtdal/generated/r-files/jsonlite/R/asJSON.numeric	[no test files]
?   	rtdal/generated/r-files/jsonlite/R/asJSON.pairlist	[no test files]
?   	rtdal/generated/r-files/jsonlite/R/asJSON.raw	[no test files]
?   	rtdal/generated/r-files/jsonlite/R/asJSON.scalar	[no test files]
?   	rtdal/generated/r-files/jsonlite/R/asJSON.sf	[no test files]
?   	rtdal/generated/r-files/jsonlite/R/asJSON.vctrs	[no test files]
?   	rtdal/generated/r-files/jsonlite/R/base64	[no test files]
?   	rtdal/generated/r-files/jsonlite/R/cleannames	[no test files]
?   	rtdal/generated/r-files/jsonlite/R/collapse	[no test files]
?   	rtdal/generated/r-files/jsonlite/R/collapse_object	[no test files]
?   	rtdal/generated/r-files/jsonlite/R/deparse_vector	[no test files]
?   	rtdal/generated/r-files/jsonlite/R/fixNativeSymbol	[no test files]
?   	rtdal/generated/r-files/jsonlite/R/flatten	[no test files]
?   	rtdal/generated/r-files/jsonlite/R/fromJSON	[no test files]
?   	rtdal/generated/r-files/jsonlite/R/helpfunctions	[no test files]
?   	rtdal/generated/r-files/jsonlite/R/is.recordlist	[no test files]
?   	rtdal/generated/r-files/jsonlite/R/is.scalarlist	[no test files]
?   	rtdal/generated/r-files/jsonlite/R/json_gzip	[no test files]
?   	rtdal/generated/r-files/jsonlite/R/list_to_vec	[no test files]
?   	rtdal/generated/r-files/jsonlite/R/loadpkg	[no test files]
?   	rtdal/generated/r-files/jsonlite/R/makesymbol	[no test files]
?   	rtdal/generated/r-files/jsonlite/R/null_to_na	[no test files]
?   	rtdal/generated/r-files/jsonlite/R/num_to_char	[no test files]
?   	rtdal/generated/r-files/jsonlite/R/pack	[no test files]
?   	rtdal/generated/r-files/jsonlite/R/parseJSON	[no test files]
?   	rtdal/generated/r-files/jsonlite/R/prettify	[no test files]
?   	rtdal/generated/r-files/jsonlite/R/print	[no test files]
?   	rtdal/generated/r-files/jsonlite/R/push_parser	[no test files]
?   	rtdal/generated/r-files/jsonlite/R/raw_to_json	[no test files]
?   	rtdal/generated/r-files/jsonlite/R/rbind_pages	[no test files]
?   	rtdal/generated/r-files/jsonlite/R/read_json	[no test files]
?   	rtdal/generated/r-files/jsonlite/R/serializeJSON	[no test files]
?   	rtdal/generated/r-files/jsonlite/R/simplify	[no test files]
?   	rtdal/generated/r-files/jsonlite/R/simplifyDataFrame	[no test files]
?   	rtdal/generated/r-files/jsonlite/R/stop	[no test files]
?   	rtdal/generated/r-files/jsonlite/R/stream	[no test files]
?   	rtdal/generated/r-files/jsonlite/R/toJSON	[no test files]
?   	rtdal/generated/r-files/jsonlite/R/transpose_list	[no test files]
?   	rtdal/generated/r-files/jsonlite/R/unbox	[no test files]
?   	rtdal/generated/r-files/jsonlite/R/unescape_unicode	[no test files]
?   	rtdal/generated/r-files/jsonlite/R/utf8conv	[no test files]
?   	rtdal/generated/r-files/jsonlite/R/validate	[no test files]
?   	rtdal/generated/r-files/jsonlite/R/warn_keep_vec_names	[no test files]
?   	rtdal/generated/r-files/jsonlite/inst/doc/json-aaquickstart	[no test files]
?   	rtdal/generated/r-files/jsonlite/tests/testthat	[no test files]
?   	rtdal/generated/r-files/jsonlite/tests/testthat/flatten	[no test files]
?   	rtdal/generated/r-files/jsonlite/tests/testthat/helper-toJSON	[no test files]
?   	rtdal/generated/r-files/jsonlite/tests/testthat/test-fromJSON-NA-values	[no test files]
?   	rtdal/generated/r-files/jsonlite/tests/testthat/test-fromJSON-array	[no test files]
?   	rtdal/generated/r-files/jsonlite/tests/testthat/test-fromJSON-dataframe	[no test files]
?   	rtdal/generated/r-files/jsonlite/tests/testthat/test-fromJSON-datasets	[no test files]
?   	rtdal/generated/r-files/jsonlite/tests/testthat/test-fromJSON-date	[no test files]
?   	rtdal/generated/r-files/jsonlite/tests/testthat/test-fromJSON-matrix	[no test files]
?   	rtdal/generated/r-files/jsonlite/tests/testthat/test-libjson-escaping	[no test files]
?   	rtdal/generated/r-files/jsonlite/tests/testthat/test-libjson-large	[no test files]
?   	rtdal/generated/r-files/jsonlite/tests/testthat/test-libjson-utf8	[no test files]
?   	rtdal/generated/r-files/jsonlite/tests/testthat/test-libjson-validator	[no test files]
?   	rtdal/generated/r-files/jsonlite/tests/testthat/test-network-Github	[no test files]
?   	rtdal/generated/r-files/jsonlite/tests/testthat/test-serializeJSON-S4	[no test files]
?   	rtdal/generated/r-files/jsonlite/tests/testthat/test-serializeJSON-datasets	[no test files]
?   	rtdal/generated/r-files/jsonlite/tests/testthat/test-serializeJSON-functions	[no test files]
?   	rtdal/generated/r-files/jsonlite/tests/testthat/test-serializeJSON-types	[no test files]
?   	rtdal/generated/r-files/jsonlite/tests/testthat/test-toJSON-AsIs	[no test files]
?   	rtdal/generated/r-files/jsonlite/tests/testthat/test-toJSON-Date	[no test files]
?   	rtdal/generated/r-files/jsonlite/tests/testthat/test-toJSON-NA-values	[no test files]
?   	rtdal/generated/r-files/jsonlite/tests/testthat/test-toJSON-NULL-values	[no test files]
?   	rtdal/generated/r-files/jsonlite/tests/testthat/test-toJSON-POSIXt	[no test files]
?   	rtdal/generated/r-files/jsonlite/tests/testthat/test-toJSON-complex	[no test files]
?   	rtdal/generated/r-files/jsonlite/tests/testthat/test-toJSON-dataframe	[no test files]
?   	rtdal/generated/r-files/jsonlite/tests/testthat/test-toJSON-factor	[no test files]
?   	rtdal/generated/r-files/jsonlite/tests/testthat/test-toJSON-indent	[no test files]
?   	rtdal/generated/r-files/jsonlite/tests/testthat/test-toJSON-keep-vec-names	[no test files]
?   	rtdal/generated/r-files/jsonlite/tests/testthat/test-toJSON-logical	[no test files]
?   	rtdal/generated/r-files/jsonlite/tests/testthat/test-toJSON-matrix	[no test files]
?   	rtdal/generated/r-files/jsonlite/tests/testthat/test-toJSON-numeric	[no test files]
?   	rtdal/generated/r-files/jsonlite/tests/testthat/test-toJSON-raw	[no test files]
?   	rtdal/generated/r-files/jsonlite/tests/testthat/test-toJSON-sf	[no test files]
?   	rtdal/generated/r-files/jsonlite/tests/testthat/test-toJSON-zerovec	[no test files]
?   	rtdal/generated/r-files/jsonlite/tests/testthat/test_rbind_pages	[no test files]
?   	rtdal/generated/r-files/jsonlite/vignettes/precompile	[no test files]
?   	rtdal/generated/r-files/knitr/R/block	[no test files]
?   	rtdal/generated/r-files/knitr/R/cache	[no test files]
?   	rtdal/generated/r-files/knitr/R/citation	[no test files]
?   	rtdal/generated/r-files/knitr/R/concordance	[no test files]
?   	rtdal/generated/r-files/knitr/R/defaults	[no test files]
?   	rtdal/generated/r-files/knitr/R/engine	[no test files]
?   	rtdal/generated/r-files/knitr/R/header	[no test files]
?   	rtdal/generated/r-files/knitr/R/highlight	[no test files]
?   	rtdal/generated/r-files/knitr/R/hooks	[no test files]
?   	rtdal/generated/r-files/knitr/R/hooks-asciidoc	[no test files]
?   	rtdal/generated/r-files/knitr/R/hooks-chunk	[no test files]
?   	rtdal/generated/r-files/knitr/R/hooks-extra	[no test files]
?   	rtdal/generated/r-files/knitr/R/hooks-html	[no test files]
?   	rtdal/generated/r-files/knitr/R/hooks-latex	[no test files]
?   	rtdal/generated/r-files/knitr/R/hooks-md	[no test files]
?   	rtdal/generated/r-files/knitr/R/hooks-rst	[no test files]
?   	rtdal/generated/r-files/knitr/R/hooks-textile	[no test files]
?   	rtdal/generated/r-files/knitr/R/otel	[no test files]
?   	rtdal/generated/r-files/knitr/R/output	[no test files]
?   	rtdal/generated/r-files/knitr/R/package	[no test files]
?   	rtdal/generated/r-files/knitr/R/pandoc	[no test files]
?   	rtdal/generated/r-files/knitr/R/params	[no test files]
?   	rtdal/generated/r-files/knitr/R/parser	[no test files]
?   	rtdal/generated/r-files/knitr/R/pattern	[no test files]
?   	rtdal/generated/r-files/knitr/R/plot	[no test files]
?   	rtdal/generated/r-files/knitr/R/rocco	[no test files]
?   	rtdal/generated/r-files/knitr/R/spin	[no test files]
?   	rtdal/generated/r-files/knitr/R/table	[no test files]
?   	rtdal/generated/r-files/knitr/R/template	[no test files]
?   	rtdal/generated/r-files/knitr/R/themes	[no test files]
?   	rtdal/generated/r-files/knitr/R/utils	[no test files]
?   	rtdal/generated/r-files/knitr/R/utils-conversion	[no test files]
?   	rtdal/generated/r-files/knitr/R/utils-rd2html	[no test files]
?   	rtdal/generated/r-files/knitr/R/utils-string	[no test files]
?   	rtdal/generated/r-files/knitr/R/utils-sweave	[no test files]
?   	rtdal/generated/r-files/knitr/R/utils-upload	[no test files]
?   	rtdal/generated/r-files/knitr/R/utils-vignettes	[no test files]
?   	rtdal/generated/r-files/knitr/R/zzz	[no test files]
?   	rtdal/generated/r-files/knitr/inst/doc/datatables	[no test files]
?   	rtdal/generated/r-files/knitr/inst/doc/knit_expand	[no test files]
?   	rtdal/generated/r-files/knitr/inst/doc/knitr-intro	[no test files]
?   	rtdal/generated/r-files/knitr/inst/doc/knitr-markdown	[no test files]
?   	rtdal/generated/r-files/knitr/inst/examples/knit-all	[no test files]
?   	rtdal/generated/r-files/knitr/inst/examples/knitr-spin	[no test files]
?   	rtdal/generated/r-files/knitr/inst/misc/stitch-test	[no test files]
?   	rtdal/generated/r-files/knitr/tests/run-all	[no test files]
?   	rtdal/generated/r-files/knitr/tests/testit/test-block	[no test files]
?   	rtdal/generated/r-files/knitr/tests/testit/test-cache	[no test files]
?   	rtdal/generated/r-files/knitr/tests/testit/test-closure	[no test files]
?   	rtdal/generated/r-files/knitr/tests/testit/test-envir	[no test files]
?   	rtdal/generated/r-files/knitr/tests/testit/test-hooks-latex	[no test files]
?   	rtdal/generated/r-files/knitr/tests/testit/test-hooks-md	[no test files]
?   	rtdal/generated/r-files/knitr/tests/testit/test-otel	[no test files]
?   	rtdal/generated/r-files/knitr/tests/testit/test-output	[no test files]
?   	rtdal/generated/r-files/knitr/tests/testit/test-params	[no test files]
?   	rtdal/generated/r-files/knitr/tests/testit/test-parser	[no test files]
?   	rtdal/generated/r-files/knitr/tests/testit/test-patterns	[no test files]
?   	rtdal/generated/r-files/knitr/tests/testit/test-plot	[no test files]
?   	rtdal/generated/r-files/knitr/tests/testit/test-spin	[no test files]
?   	rtdal/generated/r-files/knitr/tests/testit/test-sql	[no test files]
?   	rtdal/generated/r-files/knitr/tests/testit/test-table	[no test files]
?   	rtdal/generated/r-files/knitr/tests/testit/test-tangle	[no test files]
?   	rtdal/generated/r-files/knitr/tests/testit/test-templates	[no test files]
?   	rtdal/generated/r-files/knitr/tests/testit/test-themes	[no test files]
?   	rtdal/generated/r-files/knitr/tests/testit/test-utils	[no test files]
?   	rtdal/generated/r-files/labeling/R/labeling	[no test files]
?   	rtdal/generated/r-files/landscapemetrics/R/RcppExports	[no test files]
?   	rtdal/generated/r-files/landscapemetrics/R/calculate_correlation	[no test files]
?   	rtdal/generated/r-files/landscapemetrics/R/calculate_lsm	[no test files]
?   	rtdal/generated/r-files/landscapemetrics/R/check_landscape	[no test files]
?   	rtdal/generated/r-files/landscapemetrics/R/construct_buffer	[no test files]
?   	rtdal/generated/r-files/landscapemetrics/R/data	[no test files]
?   	rtdal/generated/r-files/landscapemetrics/R/data_info	[no test files]
?   	rtdal/generated/r-files/landscapemetrics/R/extract_lsm	[no test files]
?   	rtdal/generated/r-files/landscapemetrics/R/get_adjacencies	[no test files]
?   	rtdal/generated/r-files/landscapemetrics/R/get_boundaries	[no test files]
?   	rtdal/generated/r-files/landscapemetrics/R/get_centroids	[no test files]
?   	rtdal/generated/r-files/landscapemetrics/R/get_circumscribingcircle	[no test files]
?   	rtdal/generated/r-files/landscapemetrics/R/get_nearestneighbour	[no test files]
?   	rtdal/generated/r-files/landscapemetrics/R/get_patches	[no test files]
?   	rtdal/generated/r-files/landscapemetrics/R/get_unique_values	[no test files]
?   	rtdal/generated/r-files/landscapemetrics/R/landscape_as_list	[no test files]
?   	rtdal/generated/r-files/landscapemetrics/R/landscapemetrics-package	[no test files]
?   	rtdal/generated/r-files/landscapemetrics/R/list_lsm	[no test files]
?   	rtdal/generated/r-files/landscapemetrics/R/lsm_c_ai	[no test files]
?   	rtdal/generated/r-files/landscapemetrics/R/lsm_c_area_cv	[no test files]
?   	rtdal/generated/r-files/landscapemetrics/R/lsm_c_area_mn	[no test files]
?   	rtdal/generated/r-files/landscapemetrics/R/lsm_c_area_sd	[no test files]
?   	rtdal/generated/r-files/landscapemetrics/R/lsm_c_ca	[no test files]
?   	rtdal/generated/r-files/landscapemetrics/R/lsm_c_cai_cv	[no test files]
?   	rtdal/generated/r-files/landscapemetrics/R/lsm_c_cai_mn	[no test files]
?   	rtdal/generated/r-files/landscapemetrics/R/lsm_c_cai_sd	[no test files]
?   	rtdal/generated/r-files/landscapemetrics/R/lsm_c_circle_cv	[no test files]
?   	rtdal/generated/r-files/landscapemetrics/R/lsm_c_circle_mn	[no test files]
?   	rtdal/generated/r-files/landscapemetrics/R/lsm_c_circle_sd	[no test files]
?   	rtdal/generated/r-files/landscapemetrics/R/lsm_c_clumpy	[no test files]
?   	rtdal/generated/r-files/landscapemetrics/R/lsm_c_cohesion	[no test files]
?   	rtdal/generated/r-files/landscapemetrics/R/lsm_c_contig_cv	[no test files]
?   	rtdal/generated/r-files/landscapemetrics/R/lsm_c_contig_mn	[no test files]
?   	rtdal/generated/r-files/landscapemetrics/R/lsm_c_contig_sd	[no test files]
?   	rtdal/generated/r-files/landscapemetrics/R/lsm_c_core_cv	[no test files]
?   	rtdal/generated/r-files/landscapemetrics/R/lsm_c_core_mn	[no test files]
?   	rtdal/generated/r-files/landscapemetrics/R/lsm_c_core_sd	[no test files]
?   	rtdal/generated/r-files/landscapemetrics/R/lsm_c_cpland	[no test files]
?   	rtdal/generated/r-files/landscapemetrics/R/lsm_c_dcad	[no test files]
?   	rtdal/generated/r-files/landscapemetrics/R/lsm_c_dcore_cv	[no test files]
?   	rtdal/generated/r-files/landscapemetrics/R/lsm_c_dcore_mn	[no test files]
?   	rtdal/generated/r-files/landscapemetrics/R/lsm_c_dcore_sd	[no test files]
?   	rtdal/generated/r-files/landscapemetrics/R/lsm_c_division	[no test files]
?   	rtdal/generated/r-files/landscapemetrics/R/lsm_c_ed	[no test files]
?   	rtdal/generated/r-files/landscapemetrics/R/lsm_c_enn_cv	[no test files]
?   	rtdal/generated/r-files/landscapemetrics/R/lsm_c_enn_mn	[no test files]
?   	rtdal/generated/r-files/landscapemetrics/R/lsm_c_enn_sd	[no test files]
?   	rtdal/generated/r-files/landscapemetrics/R/lsm_c_frac_cv	[no test files]
?   	rtdal/generated/r-files/landscapemetrics/R/lsm_c_frac_mn	[no test files]
?   	rtdal/generated/r-files/landscapemetrics/R/lsm_c_frac_sd	[no test files]
?   	rtdal/generated/r-files/landscapemetrics/R/lsm_c_gyrate_cv	[no test files]
?   	rtdal/generated/r-files/landscapemetrics/R/lsm_c_gyrate_mn	[no test files]
?   	rtdal/generated/r-files/landscapemetrics/R/lsm_c_gyrate_sd	[no test files]
?   	rtdal/generated/r-files/landscapemetrics/R/lsm_c_iji	[no test files]
?   	rtdal/generated/r-files/landscapemetrics/R/lsm_c_lpi	[no test files]
?   	rtdal/generated/r-files/landscapemetrics/R/lsm_c_lsi	[no test files]
?   	rtdal/generated/r-files/landscapemetrics/R/lsm_c_mesh	[no test files]
?   	rtdal/generated/r-files/landscapemetrics/R/lsm_c_ndca	[no test files]
?   	rtdal/generated/r-files/landscapemetrics/R/lsm_c_nlsi	[no test files]
?   	rtdal/generated/r-files/landscapemetrics/R/lsm_c_np	[no test files]
?   	rtdal/generated/r-files/landscapemetrics/R/lsm_c_pafrac	[no test files]
?   	rtdal/generated/r-files/landscapemetrics/R/lsm_c_para_cv	[no test files]
?   	rtdal/generated/r-files/landscapemetrics/R/lsm_c_para_mn	[no test files]
?   	rtdal/generated/r-files/landscapemetrics/R/lsm_c_para_sd	[no test files]
?   	rtdal/generated/r-files/landscapemetrics/R/lsm_c_pd	[no test files]
?   	rtdal/generated/r-files/landscapemetrics/R/lsm_c_pladj	[no test files]
?   	rtdal/generated/r-files/landscapemetrics/R/lsm_c_pland	[no test files]
?   	rtdal/generated/r-files/landscapemetrics/R/lsm_c_shape_cv	[no test files]
?   	rtdal/generated/r-files/landscapemetrics/R/lsm_c_shape_mn	[no test files]
?   	rtdal/generated/r-files/landscapemetrics/R/lsm_c_shape_sd	[no test files]
?   	rtdal/generated/r-files/landscapemetrics/R/lsm_c_split	[no test files]
?   	rtdal/generated/r-files/landscapemetrics/R/lsm_c_tca	[no test files]
?   	rtdal/generated/r-files/landscapemetrics/R/lsm_c_te	[no test files]
?   	rtdal/generated/r-files/landscapemetrics/R/lsm_l_ai	[no test files]
?   	rtdal/generated/r-files/landscapemetrics/R/lsm_l_area_cv	[no test files]
?   	rtdal/generated/r-files/landscapemetrics/R/lsm_l_area_mn	[no test files]
?   	rtdal/generated/r-files/landscapemetrics/R/lsm_l_area_sd	[no test files]
?   	rtdal/generated/r-files/landscapemetrics/R/lsm_l_cai_cv	[no test files]
?   	rtdal/generated/r-files/landscapemetrics/R/lsm_l_cai_mn	[no test files]
?   	rtdal/generated/r-files/landscapemetrics/R/lsm_l_cai_sd	[no test files]
?   	rtdal/generated/r-files/landscapemetrics/R/lsm_l_circle_cv	[no test files]
?   	rtdal/generated/r-files/landscapemetrics/R/lsm_l_circle_mn	[no test files]
?   	rtdal/generated/r-files/landscapemetrics/R/lsm_l_circle_sd	[no test files]
?   	rtdal/generated/r-files/landscapemetrics/R/lsm_l_cohesion	[no test files]
?   	rtdal/generated/r-files/landscapemetrics/R/lsm_l_condent	[no test files]
?   	rtdal/generated/r-files/landscapemetrics/R/lsm_l_contag	[no test files]
?   	rtdal/generated/r-files/landscapemetrics/R/lsm_l_contig_cv	[no test files]
?   	rtdal/generated/r-files/landscapemetrics/R/lsm_l_contig_mn	[no test files]
?   	rtdal/generated/r-files/landscapemetrics/R/lsm_l_contig_sd	[no test files]
?   	rtdal/generated/r-files/landscapemetrics/R/lsm_l_core_cv	[no test files]
?   	rtdal/generated/r-files/landscapemetrics/R/lsm_l_core_mn	[no test files]
?   	rtdal/generated/r-files/landscapemetrics/R/lsm_l_core_sd	[no test files]
?   	rtdal/generated/r-files/landscapemetrics/R/lsm_l_dcad	[no test files]
?   	rtdal/generated/r-files/landscapemetrics/R/lsm_l_dcore_cv	[no test files]
?   	rtdal/generated/r-files/landscapemetrics/R/lsm_l_dcore_mn	[no test files]
?   	rtdal/generated/r-files/landscapemetrics/R/lsm_l_dcore_sd	[no test files]
?   	rtdal/generated/r-files/landscapemetrics/R/lsm_l_division	[no test files]
?   	rtdal/generated/r-files/landscapemetrics/R/lsm_l_ed	[no test files]
?   	rtdal/generated/r-files/landscapemetrics/R/lsm_l_enn_cv	[no test files]
?   	rtdal/generated/r-files/landscapemetrics/R/lsm_l_enn_mn	[no test files]
?   	rtdal/generated/r-files/landscapemetrics/R/lsm_l_enn_sd	[no test files]
?   	rtdal/generated/r-files/landscapemetrics/R/lsm_l_ent	[no test files]
?   	rtdal/generated/r-files/landscapemetrics/R/lsm_l_frac_cv	[no test files]
?   	rtdal/generated/r-files/landscapemetrics/R/lsm_l_frac_mn	[no test files]
?   	rtdal/generated/r-files/landscapemetrics/R/lsm_l_frac_sd	[no test files]
?   	rtdal/generated/r-files/landscapemetrics/R/lsm_l_gyrate_cv	[no test files]
?   	rtdal/generated/r-files/landscapemetrics/R/lsm_l_gyrate_mn	[no test files]
?   	rtdal/generated/r-files/landscapemetrics/R/lsm_l_gyrate_sd	[no test files]
?   	rtdal/generated/r-files/landscapemetrics/R/lsm_l_iji	[no test files]
?   	rtdal/generated/r-files/landscapemetrics/R/lsm_l_joinent	[no test files]
?   	rtdal/generated/r-files/landscapemetrics/R/lsm_l_lpi	[no test files]
?   	rtdal/generated/r-files/landscapemetrics/R/lsm_l_lsi	[no test files]
?   	rtdal/generated/r-files/landscapemetrics/R/lsm_l_mesh	[no test files]
?   	rtdal/generated/r-files/landscapemetrics/R/lsm_l_msidi	[no test files]
?   	rtdal/generated/r-files/landscapemetrics/R/lsm_l_msiei	[no test files]
?   	rtdal/generated/r-files/landscapemetrics/R/lsm_l_mutinf	[no test files]
?   	rtdal/generated/r-files/landscapemetrics/R/lsm_l_ndca	[no test files]
?   	rtdal/generated/r-files/landscapemetrics/R/lsm_l_np	[no test files]
?   	rtdal/generated/r-files/landscapemetrics/R/lsm_l_pafrac	[no test files]
?   	rtdal/generated/r-files/landscapemetrics/R/lsm_l_para_cv	[no test files]
?   	rtdal/generated/r-files/landscapemetrics/R/lsm_l_para_mn	[no test files]
?   	rtdal/generated/r-files/landscapemetrics/R/lsm_l_para_sd	[no test files]
?   	rtdal/generated/r-files/landscapemetrics/R/lsm_l_pd	[no test files]
?   	rtdal/generated/r-files/landscapemetrics/R/lsm_l_pladj	[no test files]
?   	rtdal/generated/r-files/landscapemetrics/R/lsm_l_pr	[no test files]
?   	rtdal/generated/r-files/landscapemetrics/R/lsm_l_prd	[no test files]
?   	rtdal/generated/r-files/landscapemetrics/R/lsm_l_relmutinf	[no test files]
?   	rtdal/generated/r-files/landscapemetrics/R/lsm_l_rpr	[no test files]
?   	rtdal/generated/r-files/landscapemetrics/R/lsm_l_shape_cv	[no test files]
?   	rtdal/generated/r-files/landscapemetrics/R/lsm_l_shape_mn	[no test files]
?   	rtdal/generated/r-files/landscapemetrics/R/lsm_l_shape_sd	[no test files]
?   	rtdal/generated/r-files/landscapemetrics/R/lsm_l_shdi	[no test files]
?   	rtdal/generated/r-files/landscapemetrics/R/lsm_l_shei	[no test files]
?   	rtdal/generated/r-files/landscapemetrics/R/lsm_l_sidi	[no test files]
?   	rtdal/generated/r-files/landscapemetrics/R/lsm_l_siei	[no test files]
?   	rtdal/generated/r-files/landscapemetrics/R/lsm_l_split	[no test files]
?   	rtdal/generated/r-files/landscapemetrics/R/lsm_l_ta	[no test files]
?   	rtdal/generated/r-files/landscapemetrics/R/lsm_l_tca	[no test files]
?   	rtdal/generated/r-files/landscapemetrics/R/lsm_l_te	[no test files]
?   	rtdal/generated/r-files/landscapemetrics/R/lsm_p_area	[no test files]
?   	rtdal/generated/r-files/landscapemetrics/R/lsm_p_cai	[no test files]
?   	rtdal/generated/r-files/landscapemetrics/R/lsm_p_circle	[no test files]
?   	rtdal/generated/r-files/landscapemetrics/R/lsm_p_contig	[no test files]
?   	rtdal/generated/r-files/landscapemetrics/R/lsm_p_core	[no test files]
?   	rtdal/generated/r-files/landscapemetrics/R/lsm_p_enn	[no test files]
?   	rtdal/generated/r-files/landscapemetrics/R/lsm_p_frac	[no test files]
?   	rtdal/generated/r-files/landscapemetrics/R/lsm_p_gyrate	[no test files]
?   	rtdal/generated/r-files/landscapemetrics/R/lsm_p_ncore	[no test files]
?   	rtdal/generated/r-files/landscapemetrics/R/lsm_p_para	[no test files]
?   	rtdal/generated/r-files/landscapemetrics/R/lsm_p_perim	[no test files]
?   	rtdal/generated/r-files/landscapemetrics/R/lsm_p_shape	[no test files]
?   	rtdal/generated/r-files/landscapemetrics/R/matrix_to_raster	[no test files]
?   	rtdal/generated/r-files/landscapemetrics/R/onUnload	[no test files]
?   	rtdal/generated/r-files/landscapemetrics/R/options_landscapemetrics	[no test files]
?   	rtdal/generated/r-files/landscapemetrics/R/pad_raster	[no test files]
?   	rtdal/generated/r-files/landscapemetrics/R/points_as_mat	[no test files]
?   	rtdal/generated/r-files/landscapemetrics/R/prepare_extras	[no test files]
?   	rtdal/generated/r-files/landscapemetrics/R/proj_info	[no test files]
?   	rtdal/generated/r-files/landscapemetrics/R/raster_to_points	[no test files]
?   	rtdal/generated/r-files/landscapemetrics/R/sample_lsm	[no test files]
?   	rtdal/generated/r-files/landscapemetrics/R/scale_sample	[no test files]
?   	rtdal/generated/r-files/landscapemetrics/R/show_cores	[no test files]
?   	rtdal/generated/r-files/landscapemetrics/R/show_correlation	[no test files]
?   	rtdal/generated/r-files/landscapemetrics/R/show_lsm	[no test files]
?   	rtdal/generated/r-files/landscapemetrics/R/show_patches	[no test files]
?   	rtdal/generated/r-files/landscapemetrics/R/spatialize_lsm	[no test files]
?   	rtdal/generated/r-files/landscapemetrics/R/unpad_raster	[no test files]
?   	rtdal/generated/r-files/landscapemetrics/R/window_lsm	[no test files]
?   	rtdal/generated/r-files/landscapemetrics/inst/doc/get_started	[no test files]
?   	rtdal/generated/r-files/landscapemetrics/tests/testthat	[no test files]
?   	rtdal/generated/r-files/landscapemetrics/tests/testthat/helper-testthat	[no test files]
?   	rtdal/generated/r-files/landscapemetrics/tests/testthat/test-calculate-lsm	[no test files]
?   	rtdal/generated/r-files/landscapemetrics/tests/testthat/test-calculate_correlation	[no test files]
?   	rtdal/generated/r-files/landscapemetrics/tests/testthat/test-check-landscape	[no test files]
?   	rtdal/generated/r-files/landscapemetrics/tests/testthat/test-construct-buffer	[no test files]
?   	rtdal/generated/r-files/landscapemetrics/tests/testthat/test-extract-lsm	[no test files]
?   	rtdal/generated/r-files/landscapemetrics/tests/testthat/test-get-adjacencies	[no test files]
?   	rtdal/generated/r-files/landscapemetrics/tests/testthat/test-get-boundaries	[no test files]
?   	rtdal/generated/r-files/landscapemetrics/tests/testthat/test-get-centroids	[no test files]
?   	rtdal/generated/r-files/landscapemetrics/tests/testthat/test-get-circumscribungcircle	[no test files]
?   	rtdal/generated/r-files/landscapemetrics/tests/testthat/test-get-nearestneighbour	[no test files]
?   	rtdal/generated/r-files/landscapemetrics/tests/testthat/test-get-patches	[no test files]
?   	rtdal/generated/r-files/landscapemetrics/tests/testthat/test-get-unique-values	[no test files]
?   	rtdal/generated/r-files/landscapemetrics/tests/testthat/test-landscape_as_list	[no test files]
?   	rtdal/generated/r-files/landscapemetrics/tests/testthat/test-list-lsm	[no test files]
?   	rtdal/generated/r-files/landscapemetrics/tests/testthat/test-lsm-c-ai	[no test files]
?   	rtdal/generated/r-files/landscapemetrics/tests/testthat/test-lsm-c-area-cv	[no test files]
?   	rtdal/generated/r-files/landscapemetrics/tests/testthat/test-lsm-c-area-mn	[no test files]
?   	rtdal/generated/r-files/landscapemetrics/tests/testthat/test-lsm-c-area-sd	[no test files]
?   	rtdal/generated/r-files/landscapemetrics/tests/testthat/test-lsm-c-ca	[no test files]
?   	rtdal/generated/r-files/landscapemetrics/tests/testthat/test-lsm-c-cai-cv	[no test files]
?   	rtdal/generated/r-files/landscapemetrics/tests/testthat/test-lsm-c-cai-mn	[no test files]
?   	rtdal/generated/r-files/landscapemetrics/tests/testthat/test-lsm-c-cai-sd	[no test files]
?   	rtdal/generated/r-files/landscapemetrics/tests/testthat/test-lsm-c-circle-cv	[no test files]
?   	rtdal/generated/r-files/landscapemetrics/tests/testthat/test-lsm-c-circle-mn	[no test files]
?   	rtdal/generated/r-files/landscapemetrics/tests/testthat/test-lsm-c-circle-sd	[no test files]
?   	rtdal/generated/r-files/landscapemetrics/tests/testthat/test-lsm-c-clumpy	[no test files]
?   	rtdal/generated/r-files/landscapemetrics/tests/testthat/test-lsm-c-cohesion	[no test files]
?   	rtdal/generated/r-files/landscapemetrics/tests/testthat/test-lsm-c-contig-cv	[no test files]
?   	rtdal/generated/r-files/landscapemetrics/tests/testthat/test-lsm-c-contig-mn	[no test files]
?   	rtdal/generated/r-files/landscapemetrics/tests/testthat/test-lsm-c-contig-sd	[no test files]
?   	rtdal/generated/r-files/landscapemetrics/tests/testthat/test-lsm-c-core-cv	[no test files]
?   	rtdal/generated/r-files/landscapemetrics/tests/testthat/test-lsm-c-core-mn	[no test files]
?   	rtdal/generated/r-files/landscapemetrics/tests/testthat/test-lsm-c-core-sd	[no test files]
?   	rtdal/generated/r-files/landscapemetrics/tests/testthat/test-lsm-c-cpland	[no test files]
?   	rtdal/generated/r-files/landscapemetrics/tests/testthat/test-lsm-c-dcad	[no test files]
?   	rtdal/generated/r-files/landscapemetrics/tests/testthat/test-lsm-c-dcore_cv	[no test files]
?   	rtdal/generated/r-files/landscapemetrics/tests/testthat/test-lsm-c-dcore_mn	[no test files]
?   	rtdal/generated/r-files/landscapemetrics/tests/testthat/test-lsm-c-dcore_sd	[no test files]
?   	rtdal/generated/r-files/landscapemetrics/tests/testthat/test-lsm-c-division	[no test files]
?   	rtdal/generated/r-files/landscapemetrics/tests/testthat/test-lsm-c-ed	[no test files]
?   	rtdal/generated/r-files/landscapemetrics/tests/testthat/test-lsm-c-enn-cv	[no test files]
?   	rtdal/generated/r-files/landscapemetrics/tests/testthat/test-lsm-c-enn-mn	[no test files]
?   	rtdal/generated/r-files/landscapemetrics/tests/testthat/test-lsm-c-enn-sd	[no test files]
?   	rtdal/generated/r-files/landscapemetrics/tests/testthat/test-lsm-c-frac-cv	[no test files]
?   	rtdal/generated/r-files/landscapemetrics/tests/testthat/test-lsm-c-frac-mn	[no test files]
?   	rtdal/generated/r-files/landscapemetrics/tests/testthat/test-lsm-c-frac-sd	[no test files]
?   	rtdal/generated/r-files/landscapemetrics/tests/testthat/test-lsm-c-gyrate-cv	[no test files]
?   	rtdal/generated/r-files/landscapemetrics/tests/testthat/test-lsm-c-gyrate-mn	[no test files]
?   	rtdal/generated/r-files/landscapemetrics/tests/testthat/test-lsm-c-gyrate-sd	[no test files]
?   	rtdal/generated/r-files/landscapemetrics/tests/testthat/test-lsm-c-iji	[no test files]
?   	rtdal/generated/r-files/landscapemetrics/tests/testthat/test-lsm-c-lpi	[no test files]
?   	rtdal/generated/r-files/landscapemetrics/tests/testthat/test-lsm-c-lsi	[no test files]
?   	rtdal/generated/r-files/landscapemetrics/tests/testthat/test-lsm-c-mesh	[no test files]
?   	rtdal/generated/r-files/landscapemetrics/tests/testthat/test-lsm-c-ndca	[no test files]
?   	rtdal/generated/r-files/landscapemetrics/tests/testthat/test-lsm-c-nlsi	[no test files]
?   	rtdal/generated/r-files/landscapemetrics/tests/testthat/test-lsm-c-np	[no test files]
?   	rtdal/generated/r-files/landscapemetrics/tests/testthat/test-lsm-c-pafrac	[no test files]
?   	rtdal/generated/r-files/landscapemetrics/tests/testthat/test-lsm-c-para-cv	[no test files]
?   	rtdal/generated/r-files/landscapemetrics/tests/testthat/test-lsm-c-para-mn	[no test files]
?   	rtdal/generated/r-files/landscapemetrics/tests/testthat/test-lsm-c-para-sd	[no test files]
?   	rtdal/generated/r-files/landscapemetrics/tests/testthat/test-lsm-c-pd	[no test files]
?   	rtdal/generated/r-files/landscapemetrics/tests/testthat/test-lsm-c-pladj	[no test files]
?   	rtdal/generated/r-files/landscapemetrics/tests/testthat/test-lsm-c-pland	[no test files]
?   	rtdal/generated/r-files/landscapemetrics/tests/testthat/test-lsm-c-shape-cv	[no test files]
?   	rtdal/generated/r-files/landscapemetrics/tests/testthat/test-lsm-c-shape-mn	[no test files]
?   	rtdal/generated/r-files/landscapemetrics/tests/testthat/test-lsm-c-shape-sd	[no test files]
?   	rtdal/generated/r-files/landscapemetrics/tests/testthat/test-lsm-c-split	[no test files]
?   	rtdal/generated/r-files/landscapemetrics/tests/testthat/test-lsm-c-tca	[no test files]
?   	rtdal/generated/r-files/landscapemetrics/tests/testthat/test-lsm-c-te	[no test files]
?   	rtdal/generated/r-files/landscapemetrics/tests/testthat/test-lsm-l-ai	[no test files]
?   	rtdal/generated/r-files/landscapemetrics/tests/testthat/test-lsm-l-area-cv	[no test files]
?   	rtdal/generated/r-files/landscapemetrics/tests/testthat/test-lsm-l-area-mn	[no test files]
?   	rtdal/generated/r-files/landscapemetrics/tests/testthat/test-lsm-l-area-sd	[no test files]
?   	rtdal/generated/r-files/landscapemetrics/tests/testthat/test-lsm-l-cai-cv	[no test files]
?   	rtdal/generated/r-files/landscapemetrics/tests/testthat/test-lsm-l-cai-mn	[no test files]
?   	rtdal/generated/r-files/landscapemetrics/tests/testthat/test-lsm-l-cai-sd	[no test files]
?   	rtdal/generated/r-files/landscapemetrics/tests/testthat/test-lsm-l-circle-cv	[no test files]
?   	rtdal/generated/r-files/landscapemetrics/tests/testthat/test-lsm-l-circle-mn	[no test files]
?   	rtdal/generated/r-files/landscapemetrics/tests/testthat/test-lsm-l-circle-sd	[no test files]
?   	rtdal/generated/r-files/landscapemetrics/tests/testthat/test-lsm-l-cohesion	[no test files]
?   	rtdal/generated/r-files/landscapemetrics/tests/testthat/test-lsm-l-condent	[no test files]
?   	rtdal/generated/r-files/landscapemetrics/tests/testthat/test-lsm-l-contag	[no test files]
?   	rtdal/generated/r-files/landscapemetrics/tests/testthat/test-lsm-l-contig-cv	[no test files]
?   	rtdal/generated/r-files/landscapemetrics/tests/testthat/test-lsm-l-contig-mn	[no test files]
?   	rtdal/generated/r-files/landscapemetrics/tests/testthat/test-lsm-l-contig-sd	[no test files]
?   	rtdal/generated/r-files/landscapemetrics/tests/testthat/test-lsm-l-core-cv	[no test files]
?   	rtdal/generated/r-files/landscapemetrics/tests/testthat/test-lsm-l-core-mn	[no test files]
?   	rtdal/generated/r-files/landscapemetrics/tests/testthat/test-lsm-l-core-sd	[no test files]
?   	rtdal/generated/r-files/landscapemetrics/tests/testthat/test-lsm-l-dcad	[no test files]
?   	rtdal/generated/r-files/landscapemetrics/tests/testthat/test-lsm-l-dcore-cv	[no test files]
?   	rtdal/generated/r-files/landscapemetrics/tests/testthat/test-lsm-l-dcore-mn	[no test files]
?   	rtdal/generated/r-files/landscapemetrics/tests/testthat/test-lsm-l-dcore-sd	[no test files]
?   	rtdal/generated/r-files/landscapemetrics/tests/testthat/test-lsm-l-division	[no test files]
?   	rtdal/generated/r-files/landscapemetrics/tests/testthat/test-lsm-l-ed	[no test files]
?   	rtdal/generated/r-files/landscapemetrics/tests/testthat/test-lsm-l-enn-cv	[no test files]
?   	rtdal/generated/r-files/landscapemetrics/tests/testthat/test-lsm-l-enn-mn	[no test files]
?   	rtdal/generated/r-files/landscapemetrics/tests/testthat/test-lsm-l-enn-sd	[no test files]
?   	rtdal/generated/r-files/landscapemetrics/tests/testthat/test-lsm-l-ent	[no test files]
?   	rtdal/generated/r-files/landscapemetrics/tests/testthat/test-lsm-l-frac-cv	[no test files]
?   	rtdal/generated/r-files/landscapemetrics/tests/testthat/test-lsm-l-frac-mn	[no test files]
?   	rtdal/generated/r-files/landscapemetrics/tests/testthat/test-lsm-l-frac-sd	[no test files]
?   	rtdal/generated/r-files/landscapemetrics/tests/testthat/test-lsm-l-gyrate-cv	[no test files]
?   	rtdal/generated/r-files/landscapemetrics/tests/testthat/test-lsm-l-gyrate-mn	[no test files]
?   	rtdal/generated/r-files/landscapemetrics/tests/testthat/test-lsm-l-gyrate-sd	[no test files]
?   	rtdal/generated/r-files/landscapemetrics/tests/testthat/test-lsm-l-iji	[no test files]
?   	rtdal/generated/r-files/landscapemetrics/tests/testthat/test-lsm-l-joinent	[no test files]
?   	rtdal/generated/r-files/landscapemetrics/tests/testthat/test-lsm-l-lpi	[no test files]
?   	rtdal/generated/r-files/landscapemetrics/tests/testthat/test-lsm-l-lsi	[no test files]
?   	rtdal/generated/r-files/landscapemetrics/tests/testthat/test-lsm-l-mesh	[no test files]
?   	rtdal/generated/r-files/landscapemetrics/tests/testthat/test-lsm-l-msidi	[no test files]
?   	rtdal/generated/r-files/landscapemetrics/tests/testthat/test-lsm-l-msiei	[no test files]
?   	rtdal/generated/r-files/landscapemetrics/tests/testthat/test-lsm-l-mutinf	[no test files]
?   	rtdal/generated/r-files/landscapemetrics/tests/testthat/test-lsm-l-ndca	[no test files]
?   	rtdal/generated/r-files/landscapemetrics/tests/testthat/test-lsm-l-np	[no test files]
?   	rtdal/generated/r-files/landscapemetrics/tests/testthat/test-lsm-l-pafrac	[no test files]
?   	rtdal/generated/r-files/landscapemetrics/tests/testthat/test-lsm-l-para-cv	[no test files]
?   	rtdal/generated/r-files/landscapemetrics/tests/testthat/test-lsm-l-para-mn	[no test files]
?   	rtdal/generated/r-files/landscapemetrics/tests/testthat/test-lsm-l-para-sd	[no test files]
?   	rtdal/generated/r-files/landscapemetrics/tests/testthat/test-lsm-l-pd	[no test files]
?   	rtdal/generated/r-files/landscapemetrics/tests/testthat/test-lsm-l-pladj	[no test files]
?   	rtdal/generated/r-files/landscapemetrics/tests/testthat/test-lsm-l-pr	[no test files]
?   	rtdal/generated/r-files/landscapemetrics/tests/testthat/test-lsm-l-prd	[no test files]
?   	rtdal/generated/r-files/landscapemetrics/tests/testthat/test-lsm-l-relmutinf	[no test files]
?   	rtdal/generated/r-files/landscapemetrics/tests/testthat/test-lsm-l-rpr	[no test files]
?   	rtdal/generated/r-files/landscapemetrics/tests/testthat/test-lsm-l-shape-cv	[no test files]
?   	rtdal/generated/r-files/landscapemetrics/tests/testthat/test-lsm-l-shape-mn	[no test files]
?   	rtdal/generated/r-files/landscapemetrics/tests/testthat/test-lsm-l-shape-sd	[no test files]
?   	rtdal/generated/r-files/landscapemetrics/tests/testthat/test-lsm-l-shdi	[no test files]
?   	rtdal/generated/r-files/landscapemetrics/tests/testthat/test-lsm-l-shei	[no test files]
?   	rtdal/generated/r-files/landscapemetrics/tests/testthat/test-lsm-l-sidi	[no test files]
?   	rtdal/generated/r-files/landscapemetrics/tests/testthat/test-lsm-l-siei	[no test files]
?   	rtdal/generated/r-files/landscapemetrics/tests/testthat/test-lsm-l-split	[no test files]
?   	rtdal/generated/r-files/landscapemetrics/tests/testthat/test-lsm-l-ta	[no test files]
?   	rtdal/generated/r-files/landscapemetrics/tests/testthat/test-lsm-l-tca	[no test files]
?   	rtdal/generated/r-files/landscapemetrics/tests/testthat/test-lsm-l-te	[no test files]
?   	rtdal/generated/r-files/landscapemetrics/tests/testthat/test-lsm-p-area	[no test files]
?   	rtdal/generated/r-files/landscapemetrics/tests/testthat/test-lsm-p-cai	[no test files]
?   	rtdal/generated/r-files/landscapemetrics/tests/testthat/test-lsm-p-circle	[no test files]
?   	rtdal/generated/r-files/landscapemetrics/tests/testthat/test-lsm-p-contig	[no test files]
?   	rtdal/generated/r-files/landscapemetrics/tests/testthat/test-lsm-p-core	[no test files]
?   	rtdal/generated/r-files/landscapemetrics/tests/testthat/test-lsm-p-enn	[no test files]
?   	rtdal/generated/r-files/landscapemetrics/tests/testthat/test-lsm-p-frac	[no test files]
?   	rtdal/generated/r-files/landscapemetrics/tests/testthat/test-lsm-p-gyrate	[no test files]
?   	rtdal/generated/r-files/landscapemetrics/tests/testthat/test-lsm-p-ncore	[no test files]
?   	rtdal/generated/r-files/landscapemetrics/tests/testthat/test-lsm-p-para	[no test files]
?   	rtdal/generated/r-files/landscapemetrics/tests/testthat/test-lsm-p-perim	[no test files]
?   	rtdal/generated/r-files/landscapemetrics/tests/testthat/test-lsm-p-shape	[no test files]
?   	rtdal/generated/r-files/landscapemetrics/tests/testthat/test-matrix-to-raster	[no test files]
?   	rtdal/generated/r-files/landscapemetrics/tests/testthat/test-options-landscapemetrics	[no test files]
?   	rtdal/generated/r-files/landscapemetrics/tests/testthat/test-pad-raster	[no test files]
?   	rtdal/generated/r-files/landscapemetrics/tests/testthat/test-points-as-matrix	[no test files]
?   	rtdal/generated/r-files/landscapemetrics/tests/testthat/test-raster-to-points	[no test files]
?   	rtdal/generated/r-files/landscapemetrics/tests/testthat/test-rcpp-get-coocurrence-matrix	[no test files]
?   	rtdal/generated/r-files/landscapemetrics/tests/testthat/test-rcpp-get-entropy	[no test files]
?   	rtdal/generated/r-files/landscapemetrics/tests/testthat/test-rcpp_ccl	[no test files]
?   	rtdal/generated/r-files/landscapemetrics/tests/testthat/test-rcpp_get_circle	[no test files]
?   	rtdal/generated/r-files/landscapemetrics/tests/testthat/test-sample-lsm	[no test files]
?   	rtdal/generated/r-files/landscapemetrics/tests/testthat/test-scale-sample	[no test files]
?   	rtdal/generated/r-files/landscapemetrics/tests/testthat/test-show-cores	[no test files]
?   	rtdal/generated/r-files/landscapemetrics/tests/testthat/test-show-correlation	[no test files]
?   	rtdal/generated/r-files/landscapemetrics/tests/testthat/test-show-lsm	[no test files]
?   	rtdal/generated/r-files/landscapemetrics/tests/testthat/test-show-patches	[no test files]
?   	rtdal/generated/r-files/landscapemetrics/tests/testthat/test-spatialize-lsm	[no test files]
?   	rtdal/generated/r-files/landscapemetrics/tests/testthat/test-unique-values	[no test files]
?   	rtdal/generated/r-files/landscapemetrics/tests/testthat/test-unpad-raster	[no test files]
?   	rtdal/generated/r-files/landscapemetrics/tests/testthat/test-window-lsm	[no test files]
?   	rtdal/generated/r-files/later/R/RcppExports	[no test files]
?   	rtdal/generated/r-files/later/R/debug	[no test files]
?   	rtdal/generated/r-files/later/R/later	[no test files]
?   	rtdal/generated/r-files/later/R/later-package	[no test files]
?   	rtdal/generated/r-files/later/tests/testthat	[no test files]
?   	rtdal/generated/r-files/later/tests/testthat/test-c-api	[no test files]
?   	rtdal/generated/r-files/later/tests/testthat/test-cancel	[no test files]
?   	rtdal/generated/r-files/later/tests/testthat/test-later-fd	[no test files]
?   	rtdal/generated/r-files/later/tests/testthat/test-private-loops	[no test files]
?   	rtdal/generated/r-files/later/tests/testthat/test-promises	[no test files]
?   	rtdal/generated/r-files/later/tests/testthat/test-run_now	[no test files]
?   	rtdal/generated/r-files/lattice/R/axis	[no test files]
?   	rtdal/generated/r-files/lattice/R/bwplot	[no test files]
?   	rtdal/generated/r-files/lattice/R/cloud	[no test files]
?   	rtdal/generated/r-files/lattice/R/common	[no test files]
?   	rtdal/generated/r-files/lattice/R/dataframe-methods	[no test files]
?   	rtdal/generated/r-files/lattice/R/densityplot	[no test files]
?   	rtdal/generated/r-files/lattice/R/histogram	[no test files]
?   	rtdal/generated/r-files/lattice/R/imports	[no test files]
?   	rtdal/generated/r-files/lattice/R/interaction	[no test files]
?   	rtdal/generated/r-files/lattice/R/layout	[no test files]
?   	rtdal/generated/r-files/lattice/R/legend	[no test files]
?   	rtdal/generated/r-files/lattice/R/levelplot	[no test files]
?   	rtdal/generated/r-files/lattice/R/make.groups	[no test files]
?   	rtdal/generated/r-files/lattice/R/miscellaneous	[no test files]
?   	rtdal/generated/r-files/lattice/R/panel.smooth	[no test files]
?   	rtdal/generated/r-files/lattice/R/panel.smoothscatter	[no test files]
?   	rtdal/generated/r-files/lattice/R/panel.superpose	[no test files]
?   	rtdal/generated/r-files/lattice/R/panels	[no test files]
?   	rtdal/generated/r-files/lattice/R/parallel	[no test files]
?   	rtdal/generated/r-files/lattice/R/print.trellis	[no test files]
?   	rtdal/generated/r-files/lattice/R/qq	[no test files]
?   	rtdal/generated/r-files/lattice/R/qqmath	[no test files]
?   	rtdal/generated/r-files/lattice/R/rfs	[no test files]
?   	rtdal/generated/r-files/lattice/R/scales	[no test files]
?   	rtdal/generated/r-files/lattice/R/settings	[no test files]
?   	rtdal/generated/r-files/lattice/R/shingle	[no test files]
?   	rtdal/generated/r-files/lattice/R/splom	[no test files]
?   	rtdal/generated/r-files/lattice/R/strip	[no test files]
?   	rtdal/generated/r-files/lattice/R/summary.trellis	[no test files]
?   	rtdal/generated/r-files/lattice/R/tmd	[no test files]
?   	rtdal/generated/r-files/lattice/R/update.trellis	[no test files]
?   	rtdal/generated/r-files/lattice/R/xyplot	[no test files]
?   	rtdal/generated/r-files/lattice/R/xyplot.ts	[no test files]
?   	rtdal/generated/r-files/lattice/R/zzz	[no test files]
?   	rtdal/generated/r-files/lattice/demo/intervals	[no test files]
?   	rtdal/generated/r-files/lattice/demo/labels	[no test files]
?   	rtdal/generated/r-files/lattice/demo/lattice	[no test files]
?   	rtdal/generated/r-files/lattice/demo/panel	[no test files]
?   	rtdal/generated/r-files/lattice/inst/doc/grid	[no test files]
?   	rtdal/generated/r-files/lattice/tests/MASSch04	[no test files]
?   	rtdal/generated/r-files/lattice/tests/auto-key	[no test files]
?   	rtdal/generated/r-files/lattice/tests/barchart-width	[no test files]
?   	rtdal/generated/r-files/lattice/tests/call	[no test files]
?   	rtdal/generated/r-files/lattice/tests/colorkey-title	[no test files]
?   	rtdal/generated/r-files/lattice/tests/dataframe-methods	[no test files]
?   	rtdal/generated/r-files/lattice/tests/dates	[no test files]
?   	rtdal/generated/r-files/lattice/tests/dotplotscoping	[no test files]
?   	rtdal/generated/r-files/lattice/tests/fontsize	[no test files]
?   	rtdal/generated/r-files/lattice/tests/levelplot	[no test files]
?   	rtdal/generated/r-files/lattice/tests/scales	[no test files]
?   	rtdal/generated/r-files/lattice/tests/shade-wireframe	[no test files]
?   	rtdal/generated/r-files/lattice/tests/summary	[no test files]
?   	rtdal/generated/r-files/lattice/tests/temp	[no test files]
?   	rtdal/generated/r-files/lattice/tests/test	[no test files]
?   	rtdal/generated/r-files/lattice/tests/wireframe	[no test files]
?   	rtdal/generated/r-files/lazyeval/R/ast	[no test files]
?   	rtdal/generated/r-files/lazyeval/R/call	[no test files]
?   	rtdal/generated/r-files/lazyeval/R/complain	[no test files]
?   	rtdal/generated/r-files/lazyeval/R/expr	[no test files]
?   	rtdal/generated/r-files/lazyeval/R/f-capture	[no test files]
?   	rtdal/generated/r-files/lazyeval/R/f-eval	[no test files]
?   	rtdal/generated/r-files/lazyeval/R/f-interp	[no test files]
?   	rtdal/generated/r-files/lazyeval/R/formula	[no test files]
?   	rtdal/generated/r-files/lazyeval/R/function	[no test files]
?   	rtdal/generated/r-files/lazyeval/R/language	[no test files]
?   	rtdal/generated/r-files/lazyeval/R/lazy	[no test files]
?   	rtdal/generated/r-files/lazyeval/R/lazy-as	[no test files]
?   	rtdal/generated/r-files/lazyeval/R/lazy-call	[no test files]
?   	rtdal/generated/r-files/lazyeval/R/lazy-dots	[no test files]
?   	rtdal/generated/r-files/lazyeval/R/lazy-eval	[no test files]
?   	rtdal/generated/r-files/lazyeval/R/lazy-interp	[no test files]
?   	rtdal/generated/r-files/lazyeval/R/lazy-names	[no test files]
?   	rtdal/generated/r-files/lazyeval/R/lazyeval	[no test files]
?   	rtdal/generated/r-files/lazyeval/R/utils	[no test files]
?   	rtdal/generated/r-files/lazyeval/R/zzz	[no test files]
?   	rtdal/generated/r-files/lazyeval/inst/doc/lazyeval	[no test files]
?   	rtdal/generated/r-files/lazyeval/inst/doc/lazyeval-old	[no test files]
?   	rtdal/generated/r-files/lazyeval/tests/testthat	[no test files]
?   	rtdal/generated/r-files/lazyeval/tests/testthat/test-ast	[no test files]
?   	rtdal/generated/r-files/lazyeval/tests/testthat/test-call	[no test files]
?   	rtdal/generated/r-files/lazyeval/tests/testthat/test-complain	[no test files]
?   	rtdal/generated/r-files/lazyeval/tests/testthat/test-dots	[no test files]
?   	rtdal/generated/r-files/lazyeval/tests/testthat/test-expr	[no test files]
?   	rtdal/generated/r-files/lazyeval/tests/testthat/test-f-capture	[no test files]
?   	rtdal/generated/r-files/lazyeval/tests/testthat/test-f-eval	[no test files]
?   	rtdal/generated/r-files/lazyeval/tests/testthat/test-f-interp	[no test files]
?   	rtdal/generated/r-files/lazyeval/tests/testthat/test-f-list	[no test files]
?   	rtdal/generated/r-files/lazyeval/tests/testthat/test-f-unwrap	[no test files]
?   	rtdal/generated/r-files/lazyeval/tests/testthat/test-formula	[no test files]
?   	rtdal/generated/r-files/lazyeval/tests/testthat/test-function	[no test files]
?   	rtdal/generated/r-files/lazyeval/tests/testthat/test-language	[no test files]
?   	rtdal/generated/r-files/lazyeval/tests/testthat/test-lazy	[no test files]
?   	rtdal/generated/r-files/lazyeval/tests/testthat/test-names	[no test files]
?   	rtdal/generated/r-files/leafem/R/addGeoRaster	[no test files]
?   	rtdal/generated/r-files/leafem/R/addLayerSelector	[no test files]
?   	rtdal/generated/r-files/leafem/R/addRasterRGB	[no test files]
?   	rtdal/generated/r-files/leafem/R/addStarsImage	[no test files]
?   	rtdal/generated/r-files/leafem/R/extent	[no test files]
?   	rtdal/generated/r-files/leafem/R/features	[no test files]
?   	rtdal/generated/r-files/leafem/R/file	[no test files]
?   	rtdal/generated/r-files/leafem/R/garnish	[no test files]
?   	rtdal/generated/r-files/leafem/R/homebutton	[no test files]
?   	rtdal/generated/r-files/leafem/R/imagequery	[no test files]
?   	rtdal/generated/r-files/leafem/R/keys	[no test files]
?   	rtdal/generated/r-files/leafem/R/labels	[no test files]
?   	rtdal/generated/r-files/leafem/R/layers	[no test files]
?   	rtdal/generated/r-files/leafem/R/layerviewcontrol	[no test files]
?   	rtdal/generated/r-files/leafem/R/logo	[no test files]
?   	rtdal/generated/r-files/leafem/R/mousecoords	[no test files]
?   	rtdal/generated/r-files/leafem/R/pmtiles	[no test files]
?   	rtdal/generated/r-files/leafem/R/projection	[no test files]
?   	rtdal/generated/r-files/leafem/R/reactive	[no test files]
?   	rtdal/generated/r-files/leafem/R/utils	[no test files]
?   	rtdal/generated/r-files/leafem/inst/test_cog	[no test files]
?   	rtdal/generated/r-files/leafem/inst/test_layerviewcontrol	[no test files]
?   	rtdal/generated/r-files/leafem/inst/test_pmtiles	[no test files]
?   	rtdal/generated/r-files/leafgl/R/glify-helpers	[no test files]
?   	rtdal/generated/r-files/leafgl/R/glify-lines	[no test files]
?   	rtdal/generated/r-files/leafgl/R/glify-points	[no test files]
?   	rtdal/generated/r-files/leafgl/R/glify-polygons	[no test files]
?   	rtdal/generated/r-files/leafgl/R/glify-remove-clear	[no test files]
?   	rtdal/generated/r-files/leafgl/R/glify-shiny	[no test files]
?   	rtdal/generated/r-files/leafgl/R/leafgl_package	[no test files]
?   	rtdal/generated/r-files/leafgl/R/utils-color	[no test files]
?   	rtdal/generated/r-files/leafgl/R/utils-popup	[no test files]
?   	rtdal/generated/r-files/leafgl/inst/examples/contextmenu	[no test files]
?   	rtdal/generated/r-files/leafgl/tests/testthat	[no test files]
?   	rtdal/generated/r-files/leafgl/tests/testthat/test-leafgl-addGlPoints	[no test files]
?   	rtdal/generated/r-files/leafgl/tests/testthat/test-leafgl-addGlPolygons	[no test files]
?   	rtdal/generated/r-files/leafgl/tests/testthat/test-leafgl-addGlPolylines	[no test files]
?   	rtdal/generated/r-files/leafgl/tests/testthat/test-leafgl-colors	[no test files]
?   	rtdal/generated/r-files/leafgl/tests/testthat/test-leafgl-popup	[no test files]
?   	rtdal/generated/r-files/leafgl/tests/testthat/test-leafgl-shiny	[no test files]
?   	rtdal/generated/r-files/leafgl/tests/testthat/test-remove_clear	[no test files]
?   	rtdal/generated/r-files/leaflegend/R/legend	[no test files]
?   	rtdal/generated/r-files/leaflegend/tests/testthat	[no test files]
?   	rtdal/generated/r-files/leaflegend/tests/testthat/test-legend	[no test files]
?   	rtdal/generated/r-files/leaflet/R/colors	[no test files]
?   	rtdal/generated/r-files/leaflet/R/controls	[no test files]
?   	rtdal/generated/r-files/leaflet/R/data	[no test files]
?   	rtdal/generated/r-files/leaflet/R/dependencies	[no test files]
?   	rtdal/generated/r-files/leaflet/R/layers	[no test files]
?   	rtdal/generated/r-files/leaflet/R/leaflet	[no test files]
?   	rtdal/generated/r-files/leaflet/R/leaflet-package	[no test files]
?   	rtdal/generated/r-files/leaflet/R/legacy	[no test files]
?   	rtdal/generated/r-files/leaflet/R/legend	[no test files]
?   	rtdal/generated/r-files/leaflet/R/mapPane	[no test files]
?   	rtdal/generated/r-files/leaflet/R/methods	[no test files]
?   	rtdal/generated/r-files/leaflet/R/normalize	[no test files]
?   	rtdal/generated/r-files/leaflet/R/normalize-SharedData	[no test files]
?   	rtdal/generated/r-files/leaflet/R/normalize-map	[no test files]
?   	rtdal/generated/r-files/leaflet/R/normalize-sf	[no test files]
?   	rtdal/generated/r-files/leaflet/R/normalize-sp	[no test files]
?   	rtdal/generated/r-files/leaflet/R/normalize-terra	[no test files]
?   	rtdal/generated/r-files/leaflet/R/plugin-awesomeMarkers	[no test files]
?   	rtdal/generated/r-files/leaflet/R/plugin-easybutton	[no test files]
?   	rtdal/generated/r-files/leaflet/R/plugin-graticule	[no test files]
?   	rtdal/generated/r-files/leaflet/R/plugin-measure	[no test files]
?   	rtdal/generated/r-files/leaflet/R/plugin-minimap	[no test files]
?   	rtdal/generated/r-files/leaflet/R/plugin-omnivore	[no test files]
?   	rtdal/generated/r-files/leaflet/R/plugin-providers	[no test files]
?   	rtdal/generated/r-files/leaflet/R/plugin-simplegraticule	[no test files]
?   	rtdal/generated/r-files/leaflet/R/plugin-terminator	[no test files]
?   	rtdal/generated/r-files/leaflet/R/scalebar	[no test files]
?   	rtdal/generated/r-files/leaflet/R/selection	[no test files]
?   	rtdal/generated/r-files/leaflet/R/shiny	[no test files]
?   	rtdal/generated/r-files/leaflet/R/staticimports	[no test files]
?   	rtdal/generated/r-files/leaflet/R/utils	[no test files]
?   	rtdal/generated/r-files/leaflet/R/zzz	[no test files]
?   	rtdal/generated/r-files/leaflet/R/zzz_viztest	[no test files]
?   	rtdal/generated/r-files/leaflet/inst/legacy/examples/choropleth/global	[no test files]
?   	rtdal/generated/r-files/leaflet/inst/legacy/examples/choropleth/server	[no test files]
?   	rtdal/generated/r-files/leaflet/inst/legacy/examples/choropleth/ui	[no test files]
?   	rtdal/generated/r-files/leaflet/inst/legacy/examples/geojson/server	[no test files]
?   	rtdal/generated/r-files/leaflet/inst/legacy/examples/geojson/ui	[no test files]
?   	rtdal/generated/r-files/leaflet/inst/legacy/examples/population/server	[no test files]
?   	rtdal/generated/r-files/leaflet/inst/legacy/examples/population/ui	[no test files]
?   	rtdal/generated/r-files/leaflet/tests/testthat	[no test files]
?   	rtdal/generated/r-files/leaflet/tests/testthat/helper	[no test files]
?   	rtdal/generated/r-files/leaflet/tests/testthat/test-colors	[no test files]
?   	rtdal/generated/r-files/leaflet/tests/testthat/test-evalFormula	[no test files]
?   	rtdal/generated/r-files/leaflet/tests/testthat/test-icon	[no test files]
?   	rtdal/generated/r-files/leaflet/tests/testthat/test-legend	[no test files]
?   	rtdal/generated/r-files/leaflet/tests/testthat/test-measure	[no test files]
?   	rtdal/generated/r-files/leaflet/tests/testthat/test-normalize	[no test files]
?   	rtdal/generated/r-files/leaflet/tests/testthat/test-normalize-2	[no test files]
?   	rtdal/generated/r-files/leaflet/tests/testthat/test-normalize-3	[no test files]
?   	rtdal/generated/r-files/leaflet/tests/testthat/test-raster	[no test files]
?   	rtdal/generated/r-files/leaflet/tests/testthat/test-remote	[no test files]
?   	rtdal/generated/r-files/leaflet/tests/testthat/test-tiles	[no test files]
?   	rtdal/generated/r-files/leaflet.providers/R/get_current_providers	[no test files]
?   	rtdal/generated/r-files/leaflet.providers/R/leaflet.providers-package	[no test files]
?   	rtdal/generated/r-files/leaflet.providers/R/providers_data	[no test files]
?   	rtdal/generated/r-files/leaflet.providers/R/zzz	[no test files]
?   	rtdal/generated/r-files/leaflet.providers/tests/testthat	[no test files]
?   	rtdal/generated/r-files/leaflet.providers/tests/testthat/test-get_current_providers	[no test files]
?   	rtdal/generated/r-files/leaflet.providers/tests/testthat/test-providers_data	[no test files]
?   	rtdal/generated/r-files/leafsync/R/sync	[no test files]
?   	rtdal/generated/r-files/leafsync/R/utils	[no test files]
?   	rtdal/generated/r-files/lifecycle/R/aaa	[no test files]
?   	rtdal/generated/r-files/lifecycle/R/arg	[no test files]
?   	rtdal/generated/r-files/lifecycle/R/badge	[no test files]
?   	rtdal/generated/r-files/lifecycle/R/deprecate	[no test files]
?   	rtdal/generated/r-files/lifecycle/R/expect	[no test files]
?   	rtdal/generated/r-files/lifecycle/R/import-standalone-obj-type	[no test files]
?   	rtdal/generated/r-files/lifecycle/R/import-standalone-types-check	[no test files]
?   	rtdal/generated/r-files/lifecycle/R/lifecycle-package	[no test files]
?   	rtdal/generated/r-files/lifecycle/R/lint	[no test files]
?   	rtdal/generated/r-files/lifecycle/R/signal	[no test files]
?   	rtdal/generated/r-files/lifecycle/R/spec	[no test files]
?   	rtdal/generated/r-files/lifecycle/R/utils	[no test files]
?   	rtdal/generated/r-files/lifecycle/R/verbosity	[no test files]
?   	rtdal/generated/r-files/lifecycle/R/warning	[no test files]
?   	rtdal/generated/r-files/lifecycle/inst/doc/communicate	[no test files]
?   	rtdal/generated/r-files/lifecycle/inst/doc/manage	[no test files]
?   	rtdal/generated/r-files/lifecycle/inst/doc/stages	[no test files]
?   	rtdal/generated/r-files/lifecycle/tests/testthat	[no test files]
?   	rtdal/generated/r-files/lifecycle/tests/testthat/helper-lifecycle	[no test files]
?   	rtdal/generated/r-files/lifecycle/tests/testthat/helper-zeallot	[no test files]
?   	rtdal/generated/r-files/lifecycle/tests/testthat/test-arg	[no test files]
?   	rtdal/generated/r-files/lifecycle/tests/testthat/test-badge	[no test files]
?   	rtdal/generated/r-files/lifecycle/tests/testthat/test-deprecate	[no test files]
?   	rtdal/generated/r-files/lifecycle/tests/testthat/test-expect	[no test files]
?   	rtdal/generated/r-files/lifecycle/tests/testthat/test-lifecycle	[no test files]
?   	rtdal/generated/r-files/lifecycle/tests/testthat/test-signal	[no test files]
?   	rtdal/generated/r-files/lifecycle/tests/testthat/test-spec	[no test files]
?   	rtdal/generated/r-files/lifecycle/tests/testthat/test-verbosity	[no test files]
?   	rtdal/generated/r-files/lifecycle/tests/testthat/test-warning	[no test files]
?   	rtdal/generated/r-files/lmtest/R/bgtest	[no test files]
?   	rtdal/generated/r-files/lmtest/R/bptest	[no test files]
?   	rtdal/generated/r-files/lmtest/R/coefci	[no test files]
?   	rtdal/generated/r-files/lmtest/R/coeftest	[no test files]
?   	rtdal/generated/r-files/lmtest/R/coxtest	[no test files]
?   	rtdal/generated/r-files/lmtest/R/dwtest	[no test files]
?   	rtdal/generated/r-files/lmtest/R/encomptest	[no test files]
?   	rtdal/generated/r-files/lmtest/R/gqtest	[no test files]
?   	rtdal/generated/r-files/lmtest/R/grangertest	[no test files]
?   	rtdal/generated/r-files/lmtest/R/harvtest	[no test files]
?   	rtdal/generated/r-files/lmtest/R/hmctest	[no test files]
?   	rtdal/generated/r-files/lmtest/R/jtest	[no test files]
?   	rtdal/generated/r-files/lmtest/R/lrtest	[no test files]
?   	rtdal/generated/r-files/lmtest/R/petest	[no test files]
?   	rtdal/generated/r-files/lmtest/R/raintest	[no test files]
?   	rtdal/generated/r-files/lmtest/R/resettest	[no test files]
?   	rtdal/generated/r-files/lmtest/R/waldtest	[no test files]
?   	rtdal/generated/r-files/lmtest/inst/doc/lmtest-intro	[no test files]
?   	rtdal/generated/r-files/logger/R/appenders	[no test files]
?   	rtdal/generated/r-files/logger/R/color	[no test files]
?   	rtdal/generated/r-files/logger/R/formatters	[no test files]
?   	rtdal/generated/r-files/logger/R/helpers	[no test files]
?   	rtdal/generated/r-files/logger/R/hooks	[no test files]
?   	rtdal/generated/r-files/logger/R/layouts	[no test files]
?   	rtdal/generated/r-files/logger/R/levels	[no test files]
?   	rtdal/generated/r-files/logger/R/logger	[no test files]
?   	rtdal/generated/r-files/logger/R/logger-meta	[no test files]
?   	rtdal/generated/r-files/logger/R/logger-package	[no test files]
?   	rtdal/generated/r-files/logger/R/try	[no test files]
?   	rtdal/generated/r-files/logger/R/utils	[no test files]
?   	rtdal/generated/r-files/logger/R/zzz	[no test files]
?   	rtdal/generated/r-files/logger/inst/demo-packages/logger-tester-package/R/tester	[no test files]
?   	rtdal/generated/r-files/logger/inst/doc/Intro	[no test files]
?   	rtdal/generated/r-files/logger/inst/doc/anatomy	[no test files]
?   	rtdal/generated/r-files/logger/inst/doc/customize_logger	[no test files]
?   	rtdal/generated/r-files/logger/inst/doc/migration	[no test files]
?   	rtdal/generated/r-files/logger/inst/doc/performance	[no test files]
?   	rtdal/generated/r-files/logger/inst/doc/r_packages	[no test files]
?   	rtdal/generated/r-files/logger/inst/doc/write_custom_extensions	[no test files]
?   	rtdal/generated/r-files/logger/tests/testthat	[no test files]
?   	rtdal/generated/r-files/logger/tests/testthat/helper	[no test files]
?   	rtdal/generated/r-files/logger/tests/testthat/test-appenders	[no test files]
?   	rtdal/generated/r-files/logger/tests/testthat/test-eval	[no test files]
?   	rtdal/generated/r-files/logger/tests/testthat/test-formatters	[no test files]
?   	rtdal/generated/r-files/logger/tests/testthat/test-helpers	[no test files]
?   	rtdal/generated/r-files/logger/tests/testthat/test-hooks	[no test files]
?   	rtdal/generated/r-files/logger/tests/testthat/test-layouts	[no test files]
?   	rtdal/generated/r-files/logger/tests/testthat/test-logger	[no test files]
?   	rtdal/generated/r-files/logger/tests/testthat/test-logger-meta	[no test files]
?   	rtdal/generated/r-files/logger/tests/testthat/test-return	[no test files]
?   	rtdal/generated/r-files/logger/tests/testthat/test-try	[no test files]
?   	rtdal/generated/r-files/logger/tests/testthat/test-utils	[no test files]
?   	rtdal/generated/r-files/lubridate/R/Dates	[no test files]
?   	rtdal/generated/r-files/lubridate/R/POSIXt	[no test files]
?   	rtdal/generated/r-files/lubridate/R/accessors-date	[no test files]
?   	rtdal/generated/r-files/lubridate/R/accessors-day	[no test files]
?   	rtdal/generated/r-files/lubridate/R/accessors-dst	[no test files]
?   	rtdal/generated/r-files/lubridate/R/accessors-hour	[no test files]
?   	rtdal/generated/r-files/lubridate/R/accessors-minute	[no test files]
?   	rtdal/generated/r-files/lubridate/R/accessors-month	[no test files]
?   	rtdal/generated/r-files/lubridate/R/accessors-quarter	[no test files]
?   	rtdal/generated/r-files/lubridate/R/accessors-second	[no test files]
?   	rtdal/generated/r-files/lubridate/R/accessors-tz	[no test files]
?   	rtdal/generated/r-files/lubridate/R/accessors-week	[no test files]
?   	rtdal/generated/r-files/lubridate/R/accessors-year	[no test files]
?   	rtdal/generated/r-files/lubridate/R/am-pm	[no test files]
?   	rtdal/generated/r-files/lubridate/R/coercion	[no test files]
?   	rtdal/generated/r-files/lubridate/R/constants	[no test files]
?   	rtdal/generated/r-files/lubridate/R/cyclic_encoding	[no test files]
?   	rtdal/generated/r-files/lubridate/R/data	[no test files]
?   	rtdal/generated/r-files/lubridate/R/decimal-dates	[no test files]
?   	rtdal/generated/r-files/lubridate/R/deprecated	[no test files]
?   	rtdal/generated/r-files/lubridate/R/difftimes	[no test files]
?   	rtdal/generated/r-files/lubridate/R/durations	[no test files]
?   	rtdal/generated/r-files/lubridate/R/format_ISO8601	[no test files]
?   	rtdal/generated/r-files/lubridate/R/guess	[no test files]
?   	rtdal/generated/r-files/lubridate/R/hidden	[no test files]
?   	rtdal/generated/r-files/lubridate/R/instants	[no test files]
?   	rtdal/generated/r-files/lubridate/R/intervals	[no test files]
?   	rtdal/generated/r-files/lubridate/R/leap-years	[no test files]
?   	rtdal/generated/r-files/lubridate/R/numeric	[no test files]
?   	rtdal/generated/r-files/lubridate/R/ops-addition	[no test files]
?   	rtdal/generated/r-files/lubridate/R/ops-compare	[no test files]
?   	rtdal/generated/r-files/lubridate/R/ops-division	[no test files]
?   	rtdal/generated/r-files/lubridate/R/ops-integer-division	[no test files]
?   	rtdal/generated/r-files/lubridate/R/ops-m+	[no test files]
?   	rtdal/generated/r-files/lubridate/R/ops-modulo	[no test files]
?   	rtdal/generated/r-files/lubridate/R/ops-multiplication	[no test files]
?   	rtdal/generated/r-files/lubridate/R/ops-subtraction	[no test files]
?   	rtdal/generated/r-files/lubridate/R/package	[no test files]
?   	rtdal/generated/r-files/lubridate/R/parse	[no test files]
?   	rtdal/generated/r-files/lubridate/R/periods	[no test files]
?   	rtdal/generated/r-files/lubridate/R/pretty	[no test files]
?   	rtdal/generated/r-files/lubridate/R/round	[no test files]
?   	rtdal/generated/r-files/lubridate/R/stamp	[no test files]
?   	rtdal/generated/r-files/lubridate/R/time-zones	[no test files]
?   	rtdal/generated/r-files/lubridate/R/timespans	[no test files]
?   	rtdal/generated/r-files/lubridate/R/tzdir	[no test files]
?   	rtdal/generated/r-files/lubridate/R/update	[no test files]
?   	rtdal/generated/r-files/lubridate/R/util	[no test files]
?   	rtdal/generated/r-files/lubridate/R/vctrs	[no test files]
?   	rtdal/generated/r-files/lubridate/R/zzz	[no test files]
?   	rtdal/generated/r-files/lubridate/inst/doc/lubridate	[no test files]
?   	rtdal/generated/r-files/lubridate/tests/testthat	[no test files]
?   	rtdal/generated/r-files/lubridate/tests/testthat/helper-output	[no test files]
?   	rtdal/generated/r-files/lubridate/tests/testthat/helper-skip	[no test files]
?   	rtdal/generated/r-files/lubridate/tests/testthat/setup-options	[no test files]
?   	rtdal/generated/r-files/lubridate/tests/testthat/test-Dates	[no test files]
?   	rtdal/generated/r-files/lubridate/tests/testthat/test-POSIXt	[no test files]
?   	rtdal/generated/r-files/lubridate/tests/testthat/test-accessors	[no test files]
?   	rtdal/generated/r-files/lubridate/tests/testthat/test-am-pm	[no test files]
?   	rtdal/generated/r-files/lubridate/tests/testthat/test-daylight-savings	[no test files]
?   	rtdal/generated/r-files/lubridate/tests/testthat/test-decimal-date	[no test files]
?   	rtdal/generated/r-files/lubridate/tests/testthat/test-difftimes	[no test files]
?   	rtdal/generated/r-files/lubridate/tests/testthat/test-durations	[no test files]
?   	rtdal/generated/r-files/lubridate/tests/testthat/test-format_ISO8601	[no test files]
?   	rtdal/generated/r-files/lubridate/tests/testthat/test-guess	[no test files]
?   	rtdal/generated/r-files/lubridate/tests/testthat/test-instants	[no test files]
?   	rtdal/generated/r-files/lubridate/tests/testthat/test-intervals	[no test files]
?   	rtdal/generated/r-files/lubridate/tests/testthat/test-namespace	[no test files]
?   	rtdal/generated/r-files/lubridate/tests/testthat/test-ops-addition	[no test files]
?   	rtdal/generated/r-files/lubridate/tests/testthat/test-ops-compare	[no test files]
?   	rtdal/generated/r-files/lubridate/tests/testthat/test-ops-division	[no test files]
?   	rtdal/generated/r-files/lubridate/tests/testthat/test-ops-integer-division	[no test files]
?   	rtdal/generated/r-files/lubridate/tests/testthat/test-ops-modulo	[no test files]
?   	rtdal/generated/r-files/lubridate/tests/testthat/test-ops-multiplication	[no test files]
?   	rtdal/generated/r-files/lubridate/tests/testthat/test-ops-subtraction	[no test files]
?   	rtdal/generated/r-files/lubridate/tests/testthat/test-parsers	[no test files]
?   	rtdal/generated/r-files/lubridate/tests/testthat/test-periods	[no test files]
?   	rtdal/generated/r-files/lubridate/tests/testthat/test-pretty	[no test files]
?   	rtdal/generated/r-files/lubridate/tests/testthat/test-rollback	[no test files]
?   	rtdal/generated/r-files/lubridate/tests/testthat/test-round	[no test files]
?   	rtdal/generated/r-files/lubridate/tests/testthat/test-settors	[no test files]
?   	rtdal/generated/r-files/lubridate/tests/testthat/test-stamp	[no test files]
?   	rtdal/generated/r-files/lubridate/tests/testthat/test-time-zones	[no test files]
?   	rtdal/generated/r-files/lubridate/tests/testthat/test-timespans	[no test files]
?   	rtdal/generated/r-files/lubridate/tests/testthat/test-update	[no test files]
?   	rtdal/generated/r-files/lubridate/tests/testthat/test-utilities	[no test files]
?   	rtdal/generated/r-files/lubridate/tests/testthat/test-vctrs	[no test files]
?   	rtdal/generated/r-files/luz/R/accelerator	[no test files]
?   	rtdal/generated/r-files/luz/R/as_dataloader	[no test files]
?   	rtdal/generated/r-files/luz/R/callbacks	[no test files]
?   	rtdal/generated/r-files/luz/R/callbacks-amp	[no test files]
?   	rtdal/generated/r-files/luz/R/callbacks-interrupt	[no test files]
?   	rtdal/generated/r-files/luz/R/callbacks-mixup	[no test files]
?   	rtdal/generated/r-files/luz/R/callbacks-monitor-metrics	[no test files]
?   	rtdal/generated/r-files/luz/R/callbacks-profile	[no test files]
?   	rtdal/generated/r-files/luz/R/callbacks-resume	[no test files]
?   	rtdal/generated/r-files/luz/R/callbacks-tfevents	[no test files]
?   	rtdal/generated/r-files/luz/R/context	[no test files]
?   	rtdal/generated/r-files/luz/R/losses	[no test files]
?   	rtdal/generated/r-files/luz/R/lr-finder	[no test files]
?   	rtdal/generated/r-files/luz/R/metrics	[no test files]
?   	rtdal/generated/r-files/luz/R/metrics-auc	[no test files]
?   	rtdal/generated/r-files/luz/R/module	[no test files]
?   	rtdal/generated/r-files/luz/R/module-plot	[no test files]
?   	rtdal/generated/r-files/luz/R/module-print	[no test files]
?   	rtdal/generated/r-files/luz/R/reexports	[no test files]
?   	rtdal/generated/r-files/luz/R/serialization	[no test files]
?   	rtdal/generated/r-files/luz/R/utils	[no test files]
?   	rtdal/generated/r-files/luz/inst/doc/accelerator	[no test files]
?   	rtdal/generated/r-files/luz/inst/doc/custom-loop	[no test files]
?   	rtdal/generated/r-files/luz/inst/doc/get-started	[no test files]
?   	rtdal/generated/r-files/luz/tests/testthat	[no test files]
?   	rtdal/generated/r-files/luz/tests/testthat/helper-data	[no test files]
?   	rtdal/generated/r-files/luz/tests/testthat/helper-expectations	[no test files]
?   	rtdal/generated/r-files/luz/tests/testthat/test-accelerator	[no test files]
?   	rtdal/generated/r-files/luz/tests/testthat/test-as_dataloader	[no test files]
?   	rtdal/generated/r-files/luz/tests/testthat/test-callbacks	[no test files]
?   	rtdal/generated/r-files/luz/tests/testthat/test-callbacks-amp	[no test files]
?   	rtdal/generated/r-files/luz/tests/testthat/test-callbacks-interrupt	[no test files]
?   	rtdal/generated/r-files/luz/tests/testthat/test-callbacks-mixup	[no test files]
?   	rtdal/generated/r-files/luz/tests/testthat/test-callbacks-monitor-metrics	[no test files]
?   	rtdal/generated/r-files/luz/tests/testthat/test-callbacks-profile	[no test files]
?   	rtdal/generated/r-files/luz/tests/testthat/test-callbacks-resume	[no test files]
?   	rtdal/generated/r-files/luz/tests/testthat/test-callbacks-tfevents	[no test files]
?   	rtdal/generated/r-files/luz/tests/testthat/test-lr-finder	[no test files]
?   	rtdal/generated/r-files/luz/tests/testthat/test-metrics	[no test files]
?   	rtdal/generated/r-files/luz/tests/testthat/test-metrics-auc	[no test files]
?   	rtdal/generated/r-files/luz/tests/testthat/test-module	[no test files]
?   	rtdal/generated/r-files/luz/tests/testthat/test-module-plot	[no test files]
?   	rtdal/generated/r-files/luz/tests/testthat/test-module-print	[no test files]
?   	rtdal/generated/r-files/luz/tests/testthat/test-serialization	[no test files]
?   	rtdal/generated/r-files/luz/tests/testthat/test-utils	[no test files]
?   	rtdal/generated/r-files/luz/tests/testthat/test_losses	[no test files]
?   	rtdal/generated/r-files/lwgeom/R/RcppExports	[no test files]
?   	rtdal/generated/r-files/lwgeom/R/bearing	[no test files]
?   	rtdal/generated/r-files/lwgeom/R/bounding_circle	[no test files]
?   	rtdal/generated/r-files/lwgeom/R/clockwise	[no test files]
?   	rtdal/generated/r-files/lwgeom/R/geod	[no test files]
?   	rtdal/generated/r-files/lwgeom/R/geohash	[no test files]
?   	rtdal/generated/r-files/lwgeom/R/init	[no test files]
?   	rtdal/generated/r-files/lwgeom/R/perimeter	[no test files]
?   	rtdal/generated/r-files/lwgeom/R/snap_to_grid	[no test files]
?   	rtdal/generated/r-files/lwgeom/R/split	[no test files]
?   	rtdal/generated/r-files/lwgeom/R/startpoint	[no test files]
?   	rtdal/generated/r-files/lwgeom/R/subdivide	[no test files]
?   	rtdal/generated/r-files/lwgeom/R/transform	[no test files]
?   	rtdal/generated/r-files/lwgeom/R/twkb	[no test files]
?   	rtdal/generated/r-files/lwgeom/R/valid	[no test files]
?   	rtdal/generated/r-files/lwgeom/R/wkt	[no test files]
?   	rtdal/generated/r-files/lwgeom/R/wrap_x	[no test files]
?   	rtdal/generated/r-files/lwgeom/tests/azimuth	[no test files]
?   	rtdal/generated/r-files/lwgeom/tests/dist	[no test files]
?   	rtdal/generated/r-files/lwgeom/tests/geod	[no test files]
?   	rtdal/generated/r-files/lwgeom/tests/perimeter	[no test files]
?   	rtdal/generated/r-files/lwgeom/tests/testthat	[no test files]
?   	rtdal/generated/r-files/lwgeom/tests/testthat/test-as_text	[no test files]
?   	rtdal/generated/r-files/lwgeom/tests/testthat/test-clockwise	[no test files]
?   	rtdal/generated/r-files/lwgeom/tests/testthat/test_lwgeom	[no test files]
?   	rtdal/generated/r-files/lwgeom/tests/twkb	[no test files]
?   	rtdal/generated/r-files/lwgeom/tools/winlibs	[no test files]
?   	rtdal/generated/r-files/magrittr/R/aliases	[no test files]
?   	rtdal/generated/r-files/magrittr/R/debug_pipe	[no test files]
?   	rtdal/generated/r-files/magrittr/R/freduce	[no test files]
?   	rtdal/generated/r-files/magrittr/R/functions	[no test files]
?   	rtdal/generated/r-files/magrittr/R/getters	[no test files]
?   	rtdal/generated/r-files/magrittr/R/magrittr	[no test files]
?   	rtdal/generated/r-files/magrittr/R/pipe	[no test files]
?   	rtdal/generated/r-files/magrittr/inst/doc/magrittr	[no test files]
?   	rtdal/generated/r-files/magrittr/inst/doc/tradeoffs	[no test files]
?   	rtdal/generated/r-files/magrittr/tests/testthat	[no test files]
?   	rtdal/generated/r-files/magrittr/tests/testthat/test-aliases	[no test files]
?   	rtdal/generated/r-files/magrittr/tests/testthat/test-anonymous-functions	[no test files]
?   	rtdal/generated/r-files/magrittr/tests/testthat/test-compound	[no test files]
?   	rtdal/generated/r-files/magrittr/tests/testthat/test-freduce	[no test files]
?   	rtdal/generated/r-files/magrittr/tests/testthat/test-fseq	[no test files]
?   	rtdal/generated/r-files/magrittr/tests/testthat/test-multiple-arguments	[no test files]
?   	rtdal/generated/r-files/magrittr/tests/testthat/test-pipe	[no test files]
?   	rtdal/generated/r-files/magrittr/tests/testthat/test-single-argument	[no test files]
?   	rtdal/generated/r-files/magrittr/tests/testthat/test-tee	[no test files]
?   	rtdal/generated/r-files/maps/R/db	[no test files]
?   	rtdal/generated/r-files/maps/R/iso	[no test files]
?   	rtdal/generated/r-files/maps/R/map	[no test files]
?   	rtdal/generated/r-files/maps/R/mapclip	[no test files]
?   	rtdal/generated/r-files/maps/R/misc	[no test files]
?   	rtdal/generated/r-files/maps/R/polygon	[no test files]
?   	rtdal/generated/r-files/maps/R/read_external	[no test files]
?   	rtdal/generated/r-files/maps/R/smooth	[no test files]
?   	rtdal/generated/r-files/maps/R/zzz	[no test files]
?   	rtdal/generated/r-files/maptiles/R/create_provider	[no test files]
?   	rtdal/generated/r-files/maptiles/R/get_credit	[no test files]
?   	rtdal/generated/r-files/maptiles/R/get_providers	[no test files]
?   	rtdal/generated/r-files/maptiles/R/get_tiles	[no test files]
?   	rtdal/generated/r-files/maptiles/R/pkg	[no test files]
?   	rtdal/generated/r-files/maptiles/R/plot_tiles	[no test files]
?   	rtdal/generated/r-files/maptiles/R/providers	[no test files]
?   	rtdal/generated/r-files/maptiles/R/slippymath	[no test files]
?   	rtdal/generated/r-files/maptiles/R/utils	[no test files]
?   	rtdal/generated/r-files/maptiles/inst/tinytest/test_maptiles	[no test files]
?   	rtdal/generated/r-files/maptiles/tests/tinytest	[no test files]
?   	rtdal/generated/r-files/memoise/R/cache_filesystem	[no test files]
?   	rtdal/generated/r-files/memoise/R/cache_gcs	[no test files]
?   	rtdal/generated/r-files/memoise/R/cache_memory	[no test files]
?   	rtdal/generated/r-files/memoise/R/cache_s3	[no test files]
?   	rtdal/generated/r-files/memoise/R/memoise	[no test files]
?   	rtdal/generated/r-files/memoise/R/old_cache	[no test files]
?   	rtdal/generated/r-files/memoise/tests/testthat	[no test files]
?   	rtdal/generated/r-files/memoise/tests/testthat/helper	[no test files]
?   	rtdal/generated/r-files/memoise/tests/testthat/test-filesystem	[no test files]
?   	rtdal/generated/r-files/memoise/tests/testthat/test-gcs	[no test files]
?   	rtdal/generated/r-files/memoise/tests/testthat/test-memoise	[no test files]
?   	rtdal/generated/r-files/memoise/tests/testthat/test-s3	[no test files]
?   	rtdal/generated/r-files/mgcv/R/bam	[no test files]
?   	rtdal/generated/r-files/mgcv/R/coxph	[no test files]
?   	rtdal/generated/r-files/mgcv/R/deprecated	[no test files]
?   	rtdal/generated/r-files/mgcv/R/efam	[no test files]
?   	rtdal/generated/r-files/mgcv/R/fast-REML	[no test files]
?   	rtdal/generated/r-files/mgcv/R/gam.fit3	[no test files]
?   	rtdal/generated/r-files/mgcv/R/gam.fit4	[no test files]
?   	rtdal/generated/r-files/mgcv/R/gam.sim	[no test files]
?   	rtdal/generated/r-files/mgcv/R/gamlss	[no test files]
?   	rtdal/generated/r-files/mgcv/R/gamm	[no test files]
?   	rtdal/generated/r-files/mgcv/R/gfam	[no test files]
?   	rtdal/generated/r-files/mgcv/R/inla	[no test files]
?   	rtdal/generated/r-files/mgcv/R/jagam	[no test files]
?   	rtdal/generated/r-files/mgcv/R/mcmc	[no test files]
?   	rtdal/generated/r-files/mgcv/R/mgcv	[no test files]
?   	rtdal/generated/r-files/mgcv/R/misc	[no test files]
?   	rtdal/generated/r-files/mgcv/R/mvam	[no test files]
?   	rtdal/generated/r-files/mgcv/R/plots	[no test files]
?   	rtdal/generated/r-files/mgcv/R/scasm	[no test files]
?   	rtdal/generated/r-files/mgcv/R/smooth	[no test files]
?   	rtdal/generated/r-files/mgcv/R/soap	[no test files]
?   	rtdal/generated/r-files/mgcv/R/sparse	[no test files]
?   	rtdal/generated/r-files/mime/R/mime	[no test files]
?   	rtdal/generated/r-files/mime/R/mimeextra	[no test files]
?   	rtdal/generated/r-files/mime/R/mimemap	[no test files]
?   	rtdal/generated/r-files/mime/R/parse	[no test files]
?   	rtdal/generated/r-files/mime/tests/mime	[no test files]
?   	rtdal/generated/r-files/nleqslv/R/nleqslv	[no test files]
?   	rtdal/generated/r-files/nleqslv/R/nleqslv-iterationreport	[no test files]
?   	rtdal/generated/r-files/nleqslv/R/nleqslv-package	[no test files]
?   	rtdal/generated/r-files/nleqslv/R/searchzeros	[no test files]
?   	rtdal/generated/r-files/nleqslv/R/testnslv	[no test files]
?   	rtdal/generated/r-files/nleqslv/tests/testthat	[no test files]
?   	rtdal/generated/r-files/nleqslv/tests/testthat/helper-multiple	[no test files]
?   	rtdal/generated/r-files/nleqslv/tests/testthat/setup	[no test files]
?   	rtdal/generated/r-files/nleqslv/tests/testthat/test-brdban	[no test files]
?   	rtdal/generated/r-files/nleqslv/tests/testthat/test-brdbanded	[no test files]
?   	rtdal/generated/r-files/nleqslv/tests/testthat/test-brdtri	[no test files]
?   	rtdal/generated/r-files/nleqslv/tests/testthat/test-brdtrijac	[no test files]
?   	rtdal/generated/r-files/nleqslv/tests/testthat/test-chquad	[no test files]
?   	rtdal/generated/r-files/nleqslv/tests/testthat/test-control-try	[no test files]
?   	rtdal/generated/r-files/nleqslv/tests/testthat/test-dslnex	[no test files]
?   	rtdal/generated/r-files/nleqslv/tests/testthat/test-dslnexCN	[no test files]
?   	rtdal/generated/r-files/nleqslv/tests/testthat/test-dslnexHook	[no test files]
?   	rtdal/generated/r-files/nleqslv/tests/testthat/test-dslnexauto	[no test files]
?   	rtdal/generated/r-files/nleqslv/tests/testthat/test-dslnexjacout	[no test files]
?   	rtdal/generated/r-files/nleqslv/tests/testthat/test-dslnexscaled	[no test files]
?   	rtdal/generated/r-files/nleqslv/tests/testthat/test-multiple	[no test files]
?   	rtdal/generated/r-files/nleqslv/tests/testthat/test-nleqslv	[no test files]
?   	rtdal/generated/r-files/nleqslv/tests/testthat/test-print.test.nleqslv	[no test files]
?   	rtdal/generated/r-files/nleqslv/tests/testthat/test-searchzeros	[no test files]
?   	rtdal/generated/r-files/nleqslv/tests/testthat/test-singular	[no test files]
?   	rtdal/generated/r-files/nleqslv/tests/testthat/test-singular2	[no test files]
?   	rtdal/generated/r-files/nleqslv/tests/testthat/test-singular3	[no test files]
?   	rtdal/generated/r-files/nleqslv/tests/testthat/test-testnslv	[no test files]
?   	rtdal/generated/r-files/nleqslv/tests/testthat/test-trig	[no test files]
?   	rtdal/generated/r-files/nleqslv/tests/testthat/test-tscalargrad	[no test files]
?   	rtdal/generated/r-files/nleqslv/tests/testthat/test-xcutlip1p2	[no test files]
?   	rtdal/generated/r-files/nleqslv/tests/testthat/test-xnames	[no test files]
?   	rtdal/generated/r-files/nleqslv/tests/testthat/test-xsearchzeros	[no test files]
?   	rtdal/generated/r-files/nleqslv/tests/testthat/test-xtestnslv	[no test files]
?   	rtdal/generated/r-files/nlme/R/VarCorr	[no test files]
?   	rtdal/generated/r-files/nlme/R/VarCov	[no test files]
?   	rtdal/generated/r-files/nlme/R/corStruct	[no test files]
?   	rtdal/generated/r-files/nlme/R/gls	[no test files]
?   	rtdal/generated/r-files/nlme/R/gnls	[no test files]
?   	rtdal/generated/r-files/nlme/R/groupedData	[no test files]
?   	rtdal/generated/r-files/nlme/R/lmList	[no test files]
?   	rtdal/generated/r-files/nlme/R/lme	[no test files]
?   	rtdal/generated/r-files/nlme/R/modelStruct	[no test files]
?   	rtdal/generated/r-files/nlme/R/newFunc	[no test files]
?   	rtdal/generated/r-files/nlme/R/newGenerics	[no test files]
?   	rtdal/generated/r-files/nlme/R/newMethods	[no test files]
?   	rtdal/generated/r-files/nlme/R/nlme	[no test files]
?   	rtdal/generated/r-files/nlme/R/nlsList	[no test files]
?   	rtdal/generated/r-files/nlme/R/pdMat	[no test files]
?   	rtdal/generated/r-files/nlme/R/reStruct	[no test files]
?   	rtdal/generated/r-files/nlme/R/simulate	[no test files]
?   	rtdal/generated/r-files/nlme/R/varFunc	[no test files]
?   	rtdal/generated/r-files/nlme/R/zzMethods	[no test files]
?   	rtdal/generated/r-files/nlme/inst/mlbook/ch04	[no test files]
?   	rtdal/generated/r-files/nlme/inst/mlbook/ch05	[no test files]
?   	rtdal/generated/r-files/nlme/inst/scripts/ch01	[no test files]
?   	rtdal/generated/r-files/nlme/inst/scripts/ch02	[no test files]
?   	rtdal/generated/r-files/nlme/inst/scripts/ch03	[no test files]
?   	rtdal/generated/r-files/nlme/inst/scripts/ch04	[no test files]
?   	rtdal/generated/r-files/nlme/inst/scripts/ch05	[no test files]
?   	rtdal/generated/r-files/nlme/inst/scripts/ch06	[no test files]
?   	rtdal/generated/r-files/nlme/inst/scripts/ch08	[no test files]
?   	rtdal/generated/r-files/nlme/inst/scripts/runme	[no test files]
?   	rtdal/generated/r-files/nlme/tests/anova.gls	[no test files]
?   	rtdal/generated/r-files/nlme/tests/augPred_lab	[no test files]
?   	rtdal/generated/r-files/nlme/tests/augPredmissing	[no test files]
?   	rtdal/generated/r-files/nlme/tests/coef	[no test files]
?   	rtdal/generated/r-files/nlme/tests/contrMat	[no test files]
?   	rtdal/generated/r-files/nlme/tests/corMatrix	[no test files]
?   	rtdal/generated/r-files/nlme/tests/corStruct	[no test files]
?   	rtdal/generated/r-files/nlme/tests/data.frame	[no test files]
?   	rtdal/generated/r-files/nlme/tests/deparse	[no test files]
?   	rtdal/generated/r-files/nlme/tests/deviance	[no test files]
?   	rtdal/generated/r-files/nlme/tests/extras/mlbook	[no test files]
?   	rtdal/generated/r-files/nlme/tests/extras/nlme-stall	[no test files]
?   	rtdal/generated/r-files/nlme/tests/extras/scripts	[no test files]
?   	rtdal/generated/r-files/nlme/tests/fitted	[no test files]
?   	rtdal/generated/r-files/nlme/tests/getData	[no test files]
?   	rtdal/generated/r-files/nlme/tests/getVarCov	[no test files]
?   	rtdal/generated/r-files/nlme/tests/gls	[no test files]
?   	rtdal/generated/r-files/nlme/tests/gnls-ch8	[no test files]
?   	rtdal/generated/r-files/nlme/tests/lmList	[no test files]
?   	rtdal/generated/r-files/nlme/tests/lme	[no test files]
?   	rtdal/generated/r-files/nlme/tests/missing	[no test files]
?   	rtdal/generated/r-files/nlme/tests/nlme	[no test files]
?   	rtdal/generated/r-files/nlme/tests/nlme2	[no test files]
?   	rtdal/generated/r-files/nlme/tests/predict.lme	[no test files]
?   	rtdal/generated/r-files/nlme/tests/scoping	[no test files]
?   	rtdal/generated/r-files/nlme/tests/sigma-fixed-etc	[no test files]
?   	rtdal/generated/r-files/nlme/tests/updateLme	[no test files]
?   	rtdal/generated/r-files/nlme/tests/varConstProp	[no test files]
?   	rtdal/generated/r-files/nlme/tests/varFixed	[no test files]
?   	rtdal/generated/r-files/nlme/tests/varIdent	[no test files]
?   	rtdal/generated/r-files/nnet/R/multinom	[no test files]
?   	rtdal/generated/r-files/nnet/R/nnet	[no test files]
?   	rtdal/generated/r-files/nnet/R/vcovmultinom	[no test files]
?   	rtdal/generated/r-files/nnet/R/zzz	[no test files]
?   	rtdal/generated/r-files/openssl/R/aes	[no test files]
?   	rtdal/generated/r-files/openssl/R/askpass	[no test files]
?   	rtdal/generated/r-files/openssl/R/base	[no test files]
?   	rtdal/generated/r-files/openssl/R/base64	[no test files]
?   	rtdal/generated/r-files/openssl/R/bcrypt	[no test files]
?   	rtdal/generated/r-files/openssl/R/bignum	[no test files]
?   	rtdal/generated/r-files/openssl/R/build	[no test files]
?   	rtdal/generated/r-files/openssl/R/cert	[no test files]
?   	rtdal/generated/r-files/openssl/R/diffie	[no test files]
?   	rtdal/generated/r-files/openssl/R/envelope	[no test files]
?   	rtdal/generated/r-files/openssl/R/hash	[no test files]
?   	rtdal/generated/r-files/openssl/R/info	[no test files]
?   	rtdal/generated/r-files/openssl/R/init	[no test files]
?   	rtdal/generated/r-files/openssl/R/keygen	[no test files]
?   	rtdal/generated/r-files/openssl/R/list	[no test files]
?   	rtdal/generated/r-files/openssl/R/mykey	[no test files]
?   	rtdal/generated/r-files/openssl/R/openssh	[no test files]
?   	rtdal/generated/r-files/openssl/R/openssl	[no test files]
?   	rtdal/generated/r-files/openssl/R/pkcs12	[no test files]
?   	rtdal/generated/r-files/openssl/R/pkcs7	[no test files]
?   	rtdal/generated/r-files/openssl/R/rand	[no test files]
?   	rtdal/generated/r-files/openssl/R/read	[no test files]
?   	rtdal/generated/r-files/openssl/R/rsa	[no test files]
?   	rtdal/generated/r-files/openssl/R/signing	[no test files]
?   	rtdal/generated/r-files/openssl/R/ssh2	[no test files]
?   	rtdal/generated/r-files/openssl/R/sslctx	[no test files]
?   	rtdal/generated/r-files/openssl/R/stopifnot	[no test files]
?   	rtdal/generated/r-files/openssl/R/stream	[no test files]
?   	rtdal/generated/r-files/openssl/R/write	[no test files]
?   	rtdal/generated/r-files/openssl/R/writessh	[no test files]
?   	rtdal/generated/r-files/openssl/R/x25519	[no test files]
?   	rtdal/generated/r-files/openssl/inst/doc/bignum	[no test files]
?   	rtdal/generated/r-files/openssl/inst/doc/crypto_hashing	[no test files]
?   	rtdal/generated/r-files/openssl/inst/doc/keys	[no test files]
?   	rtdal/generated/r-files/openssl/inst/doc/secure_rng	[no test files]
?   	rtdal/generated/r-files/openssl/tests/testthat	[no test files]
?   	rtdal/generated/r-files/openssl/tests/testthat/helper-version	[no test files]
?   	rtdal/generated/r-files/openssl/tests/testthat/test_bignum	[no test files]
?   	rtdal/generated/r-files/openssl/tests/testthat/test_cert	[no test files]
?   	rtdal/generated/r-files/openssl/tests/testthat/test_encrypt	[no test files]
?   	rtdal/generated/r-files/openssl/tests/testthat/test_google	[no test files]
?   	rtdal/generated/r-files/openssl/tests/testthat/test_hash	[no test files]
?   	rtdal/generated/r-files/openssl/tests/testthat/test_hash_error	[no test files]
?   	rtdal/generated/r-files/openssl/tests/testthat/test_hash_multihash	[no test files]
?   	rtdal/generated/r-files/openssl/tests/testthat/test_hash_output_length	[no test files]
?   	rtdal/generated/r-files/openssl/tests/testthat/test_hash_output_value	[no test files]
?   	rtdal/generated/r-files/openssl/tests/testthat/test_keys_dsa	[no test files]
?   	rtdal/generated/r-files/openssl/tests/testthat/test_keys_ecdsa	[no test files]
?   	rtdal/generated/r-files/openssl/tests/testthat/test_keys_ecdsa384	[no test files]
?   	rtdal/generated/r-files/openssl/tests/testthat/test_keys_ecdsa521	[no test files]
?   	rtdal/generated/r-files/openssl/tests/testthat/test_keys_ed25519	[no test files]
?   	rtdal/generated/r-files/openssl/tests/testthat/test_keys_rsa	[no test files]
?   	rtdal/generated/r-files/openssl/tests/testthat/test_my_key	[no test files]
?   	rtdal/generated/r-files/openssl/tests/testthat/test_pkcs	[no test files]
?   	rtdal/generated/r-files/openssl/tests/testthat/test_rand_error	[no test files]
?   	rtdal/generated/r-files/openssl/tests/testthat/test_salting	[no test files]
?   	rtdal/generated/r-files/openssl/tests/testthat/test_sodium	[no test files]
?   	rtdal/generated/r-files/openssl/tests/testthat/test_ssl_ctx	[no test files]
?   	rtdal/generated/r-files/openssl/tools/winlibs	[no test files]
?   	rtdal/generated/r-files/otel/R/api	[no test files]
?   	rtdal/generated/r-files/otel/R/api-dev	[no test files]
?   	rtdal/generated/r-files/otel/R/as-attributes	[no test files]
?   	rtdal/generated/r-files/otel/R/checks	[no test files]
?   	rtdal/generated/r-files/otel/R/constants	[no test files]
?   	rtdal/generated/r-files/otel/R/defaults	[no test files]
?   	rtdal/generated/r-files/otel/R/docs	[no test files]
?   	rtdal/generated/r-files/otel/R/friendly-type	[no test files]
?   	rtdal/generated/r-files/otel/R/logger-provider-noop	[no test files]
?   	rtdal/generated/r-files/otel/R/meter-provider-noop	[no test files]
?   	rtdal/generated/r-files/otel/R/onload	[no test files]
?   	rtdal/generated/r-files/otel/R/print	[no test files]
?   	rtdal/generated/r-files/otel/R/rtrace	[no test files]
?   	rtdal/generated/r-files/otel/R/tracer-name	[no test files]
?   	rtdal/generated/r-files/otel/R/tracer-provider-noop	[no test files]
?   	rtdal/generated/r-files/otel/R/utils	[no test files]
?   	rtdal/generated/r-files/otel/tests/testthat	[no test files]
?   	rtdal/generated/r-files/otel/tests/testthat/fixtures/oteltest/R/oteltest	[no test files]
?   	rtdal/generated/r-files/otel/tests/testthat/fixtures/oteltest/inst/runme	[no test files]
?   	rtdal/generated/r-files/otel/tests/testthat/helper	[no test files]
?   	rtdal/generated/r-files/otel/tests/testthat/helper-mock	[no test files]
?   	rtdal/generated/r-files/otel/tests/testthat/test-api	[no test files]
?   	rtdal/generated/r-files/otel/tests/testthat/test-api-dev	[no test files]
?   	rtdal/generated/r-files/otel/tests/testthat/test-as-attributes	[no test files]
?   	rtdal/generated/r-files/otel/tests/testthat/test-checks	[no test files]
?   	rtdal/generated/r-files/otel/tests/testthat/test-defaults	[no test files]
?   	rtdal/generated/r-files/otel/tests/testthat/test-formatting	[no test files]
?   	rtdal/generated/r-files/otel/tests/testthat/test-logger-provider-noop	[no test files]
?   	rtdal/generated/r-files/otel/tests/testthat/test-meter-provider-noop	[no test files]
?   	rtdal/generated/r-files/otel/tests/testthat/test-no-eval	[no test files]
?   	rtdal/generated/r-files/otel/tests/testthat/test-onload	[no test files]
?   	rtdal/generated/r-files/otel/tests/testthat/test-print	[no test files]
?   	rtdal/generated/r-files/otel/tests/testthat/test-rtrace	[no test files]
?   	rtdal/generated/r-files/otel/tests/testthat/test-spelling	[no test files]
?   	rtdal/generated/r-files/otel/tests/testthat/test-tracer-name	[no test files]
?   	rtdal/generated/r-files/otel/tests/testthat/test-tracer-provider-noop	[no test files]
?   	rtdal/generated/r-files/otel/tests/testthat/test-utils	[no test files]
?   	rtdal/generated/r-files/pillar/R/aaa-options	[no test files]
?   	rtdal/generated/r-files/pillar/R/capital	[no test files]
?   	rtdal/generated/r-files/pillar/R/char	[no test files]
?   	rtdal/generated/r-files/pillar/R/compat-lifecycle	[no test files]
?   	rtdal/generated/r-files/pillar/R/compat-purrr	[no test files]
?   	rtdal/generated/r-files/pillar/R/continuation-data	[no test files]
?   	rtdal/generated/r-files/pillar/R/ctl_colonnade	[no test files]
?   	rtdal/generated/r-files/pillar/R/ctl_new_pillar	[no test files]
?   	rtdal/generated/r-files/pillar/R/ctl_new_pillar_list	[no test files]
?   	rtdal/generated/r-files/pillar/R/ctl_pillar	[no test files]
?   	rtdal/generated/r-files/pillar/R/ctl_pillar_component	[no test files]
?   	rtdal/generated/r-files/pillar/R/deprecated	[no test files]
?   	rtdal/generated/r-files/pillar/R/dim	[no test files]
?   	rtdal/generated/r-files/pillar/R/empty-data	[no test files]
?   	rtdal/generated/r-files/pillar/R/extent	[no test files]
?   	rtdal/generated/r-files/pillar/R/ggplot2	[no test files]
?   	rtdal/generated/r-files/pillar/R/glimpse	[no test files]
?   	rtdal/generated/r-files/pillar/R/multi	[no test files]
?   	rtdal/generated/r-files/pillar/R/num	[no test files]
?   	rtdal/generated/r-files/pillar/R/options	[no test files]
?   	rtdal/generated/r-files/pillar/R/ornament	[no test files]
?   	rtdal/generated/r-files/pillar/R/pillar	[no test files]
?   	rtdal/generated/r-files/pillar/R/pillar-package	[no test files]
?   	rtdal/generated/r-files/pillar/R/pluralise	[no test files]
?   	rtdal/generated/r-files/pillar/R/register-s3	[no test files]
?   	rtdal/generated/r-files/pillar/R/rowid-capital	[no test files]
?   	rtdal/generated/r-files/pillar/R/rowid-data	[no test files]
?   	rtdal/generated/r-files/pillar/R/rowid-title	[no test files]
?   	rtdal/generated/r-files/pillar/R/rowid-type	[no test files]
?   	rtdal/generated/r-files/pillar/R/scientific	[no test files]
?   	rtdal/generated/r-files/pillar/R/shaft-	[no test files]
?   	rtdal/generated/r-files/pillar/R/shaft-simple	[no test files]
?   	rtdal/generated/r-files/pillar/R/show_source	[no test files]
?   	rtdal/generated/r-files/pillar/R/sigfig	[no test files]
?   	rtdal/generated/r-files/pillar/R/strrep	[no test files]
?   	rtdal/generated/r-files/pillar/R/styles	[no test files]
?   	rtdal/generated/r-files/pillar/R/tbl	[no test files]
?   	rtdal/generated/r-files/pillar/R/tbl-format	[no test files]
?   	rtdal/generated/r-files/pillar/R/tbl-format-body	[no test files]
?   	rtdal/generated/r-files/pillar/R/tbl-format-footer	[no test files]
?   	rtdal/generated/r-files/pillar/R/tbl-format-header	[no test files]
?   	rtdal/generated/r-files/pillar/R/tbl-format-setup	[no test files]
?   	rtdal/generated/r-files/pillar/R/tbl-sum	[no test files]
?   	rtdal/generated/r-files/pillar/R/testthat	[no test files]
?   	rtdal/generated/r-files/pillar/R/tick	[no test files]
?   	rtdal/generated/r-files/pillar/R/title	[no test files]
?   	rtdal/generated/r-files/pillar/R/type	[no test files]
?   	rtdal/generated/r-files/pillar/R/type-sum	[no test files]
?   	rtdal/generated/r-files/pillar/R/utils	[no test files]
?   	rtdal/generated/r-files/pillar/R/vctr	[no test files]
?   	rtdal/generated/r-files/pillar/R/vctrs	[no test files]
?   	rtdal/generated/r-files/pillar/R/width	[no test files]
?   	rtdal/generated/r-files/pillar/R/zzz	[no test files]
?   	rtdal/generated/r-files/pillar/inst/doc/debugme	[no test files]
?   	rtdal/generated/r-files/pillar/inst/doc/extending	[no test files]
?   	rtdal/generated/r-files/pillar/inst/doc/numbers	[no test files]
?   	rtdal/generated/r-files/pillar/inst/doc/printing	[no test files]
?   	rtdal/generated/r-files/pillar/tests/testthat	[no test files]
?   	rtdal/generated/r-files/pillar/tests/testthat/helper-foo-tbl	[no test files]
?   	rtdal/generated/r-files/pillar/tests/testthat/helper-methods	[no test files]
?   	rtdal/generated/r-files/pillar/tests/testthat/helper-output	[no test files]
?   	rtdal/generated/r-files/pillar/tests/testthat/helper-size-sum	[no test files]
?   	rtdal/generated/r-files/pillar/tests/testthat/helper-snapshot	[no test files]
?   	rtdal/generated/r-files/pillar/tests/testthat/helper-tbl-sum	[no test files]
?   	rtdal/generated/r-files/pillar/tests/testthat/helper-testthat	[no test files]
?   	rtdal/generated/r-files/pillar/tests/testthat/helper-type-sum	[no test files]
?   	rtdal/generated/r-files/pillar/tests/testthat/helper-unknown-rows	[no test files]
?   	rtdal/generated/r-files/pillar/tests/testthat/setup	[no test files]
?   	rtdal/generated/r-files/pillar/tests/testthat/test-ctl_colonnade	[no test files]
?   	rtdal/generated/r-files/pillar/tests/testthat/test-ctl_colonnade_1	[no test files]
?   	rtdal/generated/r-files/pillar/tests/testthat/test-ctl_colonnade_2	[no test files]
?   	rtdal/generated/r-files/pillar/tests/testthat/test-ctl_compound	[no test files]
?   	rtdal/generated/r-files/pillar/tests/testthat/test-ctl_new_pillar	[no test files]
?   	rtdal/generated/r-files/pillar/tests/testthat/test-dim	[no test files]
?   	rtdal/generated/r-files/pillar/tests/testthat/test-distribute	[no test files]
?   	rtdal/generated/r-files/pillar/tests/testthat/test-format_asis	[no test files]
?   	rtdal/generated/r-files/pillar/tests/testthat/test-format_character	[no test files]
?   	rtdal/generated/r-files/pillar/tests/testthat/test-format_date	[no test files]
?   	rtdal/generated/r-files/pillar/tests/testthat/test-format_decimal	[no test files]
?   	rtdal/generated/r-files/pillar/tests/testthat/test-format_factor	[no test files]
?   	rtdal/generated/r-files/pillar/tests/testthat/test-format_integer	[no test files]
?   	rtdal/generated/r-files/pillar/tests/testthat/test-format_integer64	[no test files]
?   	rtdal/generated/r-files/pillar/tests/testthat/test-format_list	[no test files]
?   	rtdal/generated/r-files/pillar/tests/testthat/test-format_list_of	[no test files]
?   	rtdal/generated/r-files/pillar/tests/testthat/test-format_logical	[no test files]
?   	rtdal/generated/r-files/pillar/tests/testthat/test-format_lubridate	[no test files]
?   	rtdal/generated/r-files/pillar/tests/testthat/test-format_numeric	[no test files]
?   	rtdal/generated/r-files/pillar/tests/testthat/test-format_rowid	[no test files]
?   	rtdal/generated/r-files/pillar/tests/testthat/test-format_scientific	[no test files]
?   	rtdal/generated/r-files/pillar/tests/testthat/test-format_survival	[no test files]
?   	rtdal/generated/r-files/pillar/tests/testthat/test-format_time	[no test files]
?   	rtdal/generated/r-files/pillar/tests/testthat/test-format_unspecified	[no test files]
?   	rtdal/generated/r-files/pillar/tests/testthat/test-ggplot2	[no test files]
?   	rtdal/generated/r-files/pillar/tests/testthat/test-glimpse	[no test files]
?   	rtdal/generated/r-files/pillar/tests/testthat/test-multi	[no test files]
?   	rtdal/generated/r-files/pillar/tests/testthat/test-new-pillar-title	[no test files]
?   	rtdal/generated/r-files/pillar/tests/testthat/test-new-pillar-type	[no test files]
?   	rtdal/generated/r-files/pillar/tests/testthat/test-num	[no test files]
?   	rtdal/generated/r-files/pillar/tests/testthat/test-obj-sum	[no test files]
?   	rtdal/generated/r-files/pillar/tests/testthat/test-options	[no test files]
?   	rtdal/generated/r-files/pillar/tests/testthat/test-ornament	[no test files]
?   	rtdal/generated/r-files/pillar/tests/testthat/test-rowid	[no test files]
?   	rtdal/generated/r-files/pillar/tests/testthat/test-shaft-	[no test files]
?   	rtdal/generated/r-files/pillar/tests/testthat/test-tbl-format	[no test files]
?   	rtdal/generated/r-files/pillar/tests/testthat/test-tbl-format-body	[no test files]
?   	rtdal/generated/r-files/pillar/tests/testthat/test-tbl-format-footer	[no test files]
?   	rtdal/generated/r-files/pillar/tests/testthat/test-tbl-format-header	[no test files]
?   	rtdal/generated/r-files/pillar/tests/testthat/test-tbl-format-setup	[no test files]
?   	rtdal/generated/r-files/pillar/tests/testthat/test-ticks	[no test files]
?   	rtdal/generated/r-files/pillar/tests/testthat/test-title	[no test files]
?   	rtdal/generated/r-files/pillar/tests/testthat/test-type_sum	[no test files]
?   	rtdal/generated/r-files/pillar/tests/testthat/test-vctr	[no test files]
?   	rtdal/generated/r-files/pkgconfig/R/getset	[no test files]
?   	rtdal/generated/r-files/pkgconfig/R/pkgconfig-package	[no test files]
?   	rtdal/generated/r-files/pkgconfig/R/utils	[no test files]
?   	rtdal/generated/r-files/pkgconfig/tests/testthat	[no test files]
?   	rtdal/generated/r-files/pkgconfig/tests/testthat/test-api	[no test files]
?   	rtdal/generated/r-files/pkgconfig/tests/testthat/test-errors	[no test files]
?   	rtdal/generated/r-files/pkgconfig/tests/testthat/test-globalenv	[no test files]
?   	rtdal/generated/r-files/pkgconfig/tests/testthat/tests	[no test files]
?   	rtdal/generated/r-files/png/R/read	[no test files]
?   	rtdal/generated/r-files/png/R/write	[no test files]
?   	rtdal/generated/r-files/polyclip/R/First	[no test files]
?   	rtdal/generated/r-files/polyclip/R/clipper	[no test files]
?   	rtdal/generated/r-files/prettyunits/R/color	[no test files]
?   	rtdal/generated/r-files/prettyunits/R/numbers	[no test files]
?   	rtdal/generated/r-files/prettyunits/R/p-value	[no test files]
?   	rtdal/generated/r-files/prettyunits/R/pretty-package	[no test files]
?   	rtdal/generated/r-files/prettyunits/R/rounding	[no test files]
?   	rtdal/generated/r-files/prettyunits/R/sizes	[no test files]
?   	rtdal/generated/r-files/prettyunits/R/time	[no test files]
?   	rtdal/generated/r-files/prettyunits/R/time-ago	[no test files]
?   	rtdal/generated/r-files/prettyunits/R/xnumbers-docs	[no test files]
?   	rtdal/generated/r-files/prettyunits/R/xsizes-docs	[no test files]
?   	rtdal/generated/r-files/prettyunits/R/xtime	[no test files]
?   	rtdal/generated/r-files/prettyunits/R/xtime-ago	[no test files]
?   	rtdal/generated/r-files/prettyunits/tests/testthat	[no test files]
?   	rtdal/generated/r-files/prettyunits/tests/testthat/test-bytes	[no test files]
?   	rtdal/generated/r-files/prettyunits/tests/testthat/test-color	[no test files]
?   	rtdal/generated/r-files/prettyunits/tests/testthat/test-ms	[no test files]
?   	rtdal/generated/r-files/prettyunits/tests/testthat/test-numbers	[no test files]
?   	rtdal/generated/r-files/prettyunits/tests/testthat/test-p-value	[no test files]
?   	rtdal/generated/r-files/prettyunits/tests/testthat/test-rounding	[no test files]
?   	rtdal/generated/r-files/prettyunits/tests/testthat/test-vague-dt	[no test files]
?   	rtdal/generated/r-files/prioritizr/R/ConservationModifier-class	[no test files]
?   	rtdal/generated/r-files/prioritizr/R/ConservationProblem-class	[no test files]
?   	rtdal/generated/r-files/prioritizr/R/Constraint-class	[no test files]
?   	rtdal/generated/r-files/prioritizr/R/Decision-class	[no test files]
?   	rtdal/generated/r-files/prioritizr/R/Objective-class	[no test files]
?   	rtdal/generated/r-files/prioritizr/R/OptimizationProblem-class	[no test files]
?   	rtdal/generated/r-files/prioritizr/R/OptimizationProblem-methods	[no test files]
?   	rtdal/generated/r-files/prioritizr/R/Penalty-class	[no test files]
?   	rtdal/generated/r-files/prioritizr/R/Portfolio-class	[no test files]
?   	rtdal/generated/r-files/prioritizr/R/RcppExports	[no test files]
?   	rtdal/generated/r-files/prioritizr/R/Solver-class	[no test files]
?   	rtdal/generated/r-files/prioritizr/R/Target-class	[no test files]
?   	rtdal/generated/r-files/prioritizr/R/TargetMethod-class	[no test files]
?   	rtdal/generated/r-files/prioritizr/R/Weight-class	[no test files]
?   	rtdal/generated/r-files/prioritizr/R/add_absolute_targets	[no test files]
?   	rtdal/generated/r-files/prioritizr/R/add_asym_connectivity_penalties	[no test files]
?   	rtdal/generated/r-files/prioritizr/R/add_auto_targets	[no test files]
?   	rtdal/generated/r-files/prioritizr/R/add_binary_decisions	[no test files]
?   	rtdal/generated/r-files/prioritizr/R/add_boundary_penalties	[no test files]
?   	rtdal/generated/r-files/prioritizr/R/add_cbc_solver	[no test files]
?   	rtdal/generated/r-files/prioritizr/R/add_compile_solver	[no test files]
?   	rtdal/generated/r-files/prioritizr/R/add_connectivity_penalties	[no test files]
?   	rtdal/generated/r-files/prioritizr/R/add_contiguity_constraints	[no test files]
?   	rtdal/generated/r-files/prioritizr/R/add_cplex_solver	[no test files]
?   	rtdal/generated/r-files/prioritizr/R/add_cuts_portfolio	[no test files]
?   	rtdal/generated/r-files/prioritizr/R/add_default_portfolio	[no test files]
?   	rtdal/generated/r-files/prioritizr/R/add_default_solver	[no test files]
?   	rtdal/generated/r-files/prioritizr/R/add_extra_portfolio	[no test files]
?   	rtdal/generated/r-files/prioritizr/R/add_feature_contiguity_constraints	[no test files]
?   	rtdal/generated/r-files/prioritizr/R/add_feature_weights	[no test files]
?   	rtdal/generated/r-files/prioritizr/R/add_gap_portfolio	[no test files]
?   	rtdal/generated/r-files/prioritizr/R/add_group_targets	[no test files]
?   	rtdal/generated/r-files/prioritizr/R/add_gurobi_solver	[no test files]
?   	rtdal/generated/r-files/prioritizr/R/add_highs_solver	[no test files]
?   	rtdal/generated/r-files/prioritizr/R/add_linear_constraints	[no test files]
?   	rtdal/generated/r-files/prioritizr/R/add_linear_penalties	[no test files]
?   	rtdal/generated/r-files/prioritizr/R/add_locked_in_constraints	[no test files]
?   	rtdal/generated/r-files/prioritizr/R/add_locked_out_constraints	[no test files]
?   	rtdal/generated/r-files/prioritizr/R/add_lpsymphony_solver	[no test files]
?   	rtdal/generated/r-files/prioritizr/R/add_mandatory_allocation_constraints	[no test files]
?   	rtdal/generated/r-files/prioritizr/R/add_manual_bounded_constraints	[no test files]
?   	rtdal/generated/r-files/prioritizr/R/add_manual_locked_constraints	[no test files]
?   	rtdal/generated/r-files/prioritizr/R/add_manual_targets	[no test files]
?   	rtdal/generated/r-files/prioritizr/R/add_max_cover_objective	[no test files]
?   	rtdal/generated/r-files/prioritizr/R/add_max_features_objective	[no test files]
?   	rtdal/generated/r-files/prioritizr/R/add_max_phylo_div_objective	[no test files]
?   	rtdal/generated/r-files/prioritizr/R/add_max_phylo_end_objective	[no test files]
?   	rtdal/generated/r-files/prioritizr/R/add_max_utility_objective	[no test files]
?   	rtdal/generated/r-files/prioritizr/R/add_min_largest_shortfall_objective	[no test files]
?   	rtdal/generated/r-files/prioritizr/R/add_min_penalties_objective	[no test files]
?   	rtdal/generated/r-files/prioritizr/R/add_min_set_objective	[no test files]
?   	rtdal/generated/r-files/prioritizr/R/add_min_shortfall_objective	[no test files]
?   	rtdal/generated/r-files/prioritizr/R/add_neighbor_constraints	[no test files]
?   	rtdal/generated/r-files/prioritizr/R/add_neighbor_penalties	[no test files]
?   	rtdal/generated/r-files/prioritizr/R/add_proportion_decisions	[no test files]
?   	rtdal/generated/r-files/prioritizr/R/add_relative_targets	[no test files]
?   	rtdal/generated/r-files/prioritizr/R/add_rsymphony_solver	[no test files]
?   	rtdal/generated/r-files/prioritizr/R/add_semicontinuous_decisions	[no test files]
?   	rtdal/generated/r-files/prioritizr/R/add_shuffle_portfolio	[no test files]
?   	rtdal/generated/r-files/prioritizr/R/add_top_portfolio	[no test files]
?   	rtdal/generated/r-files/prioritizr/R/adjacency_matrix	[no test files]
?   	rtdal/generated/r-files/prioritizr/R/as	[no test files]
?   	rtdal/generated/r-files/prioritizr/R/as_units	[no test files]
?   	rtdal/generated/r-files/prioritizr/R/binary_stack	[no test files]
?   	rtdal/generated/r-files/prioritizr/R/boundary_matrix	[no test files]
?   	rtdal/generated/r-files/prioritizr/R/branch_matrix	[no test files]
?   	rtdal/generated/r-files/prioritizr/R/calibrate_cohon_penalty	[no test files]
?   	rtdal/generated/r-files/prioritizr/R/category_layer	[no test files]
?   	rtdal/generated/r-files/prioritizr/R/category_vector	[no test files]
?   	rtdal/generated/r-files/prioritizr/R/compile	[no test files]
?   	rtdal/generated/r-files/prioritizr/R/connectivity_matrix	[no test files]
?   	rtdal/generated/r-files/prioritizr/R/constraints	[no test files]
?   	rtdal/generated/r-files/prioritizr/R/data	[no test files]
?   	rtdal/generated/r-files/prioritizr/R/decisions	[no test files]
?   	rtdal/generated/r-files/prioritizr/R/deprecated	[no test files]
?   	rtdal/generated/r-files/prioritizr/R/eval_asym_connectivity_summary	[no test files]
?   	rtdal/generated/r-files/prioritizr/R/eval_boundary_summary	[no test files]
?   	rtdal/generated/r-files/prioritizr/R/eval_connectivity_summary	[no test files]
?   	rtdal/generated/r-files/prioritizr/R/eval_cost_summary	[no test files]
?   	rtdal/generated/r-files/prioritizr/R/eval_feature_representation_summary	[no test files]
?   	rtdal/generated/r-files/prioritizr/R/eval_ferrier_importance	[no test files]
?   	rtdal/generated/r-files/prioritizr/R/eval_n_summary	[no test files]
?   	rtdal/generated/r-files/prioritizr/R/eval_rank_importance	[no test files]
?   	rtdal/generated/r-files/prioritizr/R/eval_rare_richness_importance	[no test files]
?   	rtdal/generated/r-files/prioritizr/R/eval_replacement_importance	[no test files]
?   	rtdal/generated/r-files/prioritizr/R/eval_target_coverage_summary	[no test files]
?   	rtdal/generated/r-files/prioritizr/R/external-classes	[no test files]
?   	rtdal/generated/r-files/prioritizr/R/fast_extract	[no test files]
?   	rtdal/generated/r-files/prioritizr/R/feature_abundances	[no test files]
?   	rtdal/generated/r-files/prioritizr/R/feature_names	[no test files]
?   	rtdal/generated/r-files/prioritizr/R/get_target_method	[no test files]
?   	rtdal/generated/r-files/prioritizr/R/importance	[no test files]
?   	rtdal/generated/r-files/prioritizr/R/internal	[no test files]
?   	rtdal/generated/r-files/prioritizr/R/intersecting_units	[no test files]
?   	rtdal/generated/r-files/prioritizr/R/knit_print	[no test files]
?   	rtdal/generated/r-files/prioritizr/R/linear_interpolation	[no test files]
?   	rtdal/generated/r-files/prioritizr/R/loglinear_interpolation	[no test files]
?   	rtdal/generated/r-files/prioritizr/R/marxan_boundary_data_to_matrix	[no test files]
?   	rtdal/generated/r-files/prioritizr/R/marxan_connectivity_data_to_matrix	[no test files]
?   	rtdal/generated/r-files/prioritizr/R/marxan_problem	[no test files]
?   	rtdal/generated/r-files/prioritizr/R/memory	[no test files]
?   	rtdal/generated/r-files/prioritizr/R/number_of_features	[no test files]
?   	rtdal/generated/r-files/prioritizr/R/number_of_planning_units	[no test files]
?   	rtdal/generated/r-files/prioritizr/R/number_of_total_units	[no test files]
?   	rtdal/generated/r-files/prioritizr/R/number_of_zones	[no test files]
?   	rtdal/generated/r-files/prioritizr/R/objectives	[no test files]
?   	rtdal/generated/r-files/prioritizr/R/optimization_problem	[no test files]
?   	rtdal/generated/r-files/prioritizr/R/package	[no test files]
?   	rtdal/generated/r-files/prioritizr/R/penalties	[no test files]
?   	rtdal/generated/r-files/prioritizr/R/planning_unit_indices	[no test files]
?   	rtdal/generated/r-files/prioritizr/R/planning_unit_solution_format	[no test files]
?   	rtdal/generated/r-files/prioritizr/R/planning_unit_solution_status	[no test files]
?   	rtdal/generated/r-files/prioritizr/R/portfolios	[no test files]
?   	rtdal/generated/r-files/prioritizr/R/presolve_check	[no test files]
?   	rtdal/generated/r-files/prioritizr/R/print	[no test files]
?   	rtdal/generated/r-files/prioritizr/R/problem	[no test files]
?   	rtdal/generated/r-files/prioritizr/R/problem-deprecated	[no test files]
?   	rtdal/generated/r-files/prioritizr/R/proximity_matrix	[no test files]
?   	rtdal/generated/r-files/prioritizr/R/read_marxan_data	[no test files]
?   	rtdal/generated/r-files/prioritizr/R/read_marxan_parameters	[no test files]
?   	rtdal/generated/r-files/prioritizr/R/reexports	[no test files]
?   	rtdal/generated/r-files/prioritizr/R/rescale_matrix	[no test files]
?   	rtdal/generated/r-files/prioritizr/R/rij_matrix	[no test files]
?   	rtdal/generated/r-files/prioritizr/R/run_calculations	[no test files]
?   	rtdal/generated/r-files/prioritizr/R/show	[no test files]
?   	rtdal/generated/r-files/prioritizr/R/simulate	[no test files]
?   	rtdal/generated/r-files/prioritizr/R/solve	[no test files]
?   	rtdal/generated/r-files/prioritizr/R/solvers	[no test files]
?   	rtdal/generated/r-files/prioritizr/R/spec_absolute_targets	[no test files]
?   	rtdal/generated/r-files/prioritizr/R/spec_area_targets	[no test files]
?   	rtdal/generated/r-files/prioritizr/R/spec_duran_targets	[no test files]
?   	rtdal/generated/r-files/prioritizr/R/spec_interp_absolute_targets	[no test files]
?   	rtdal/generated/r-files/prioritizr/R/spec_interp_area_targets	[no test files]
?   	rtdal/generated/r-files/prioritizr/R/spec_jung_targets	[no test files]
?   	rtdal/generated/r-files/prioritizr/R/spec_max_targets	[no test files]
?   	rtdal/generated/r-files/prioritizr/R/spec_min_targets	[no test files]
?   	rtdal/generated/r-files/prioritizr/R/spec_polak_targets	[no test files]
?   	rtdal/generated/r-files/prioritizr/R/spec_pop_size_targets	[no test files]
?   	rtdal/generated/r-files/prioritizr/R/spec_relative_targets	[no test files]
?   	rtdal/generated/r-files/prioritizr/R/spec_rl_ecosystem_targets	[no test files]
?   	rtdal/generated/r-files/prioritizr/R/spec_rl_species_targets	[no test files]
?   	rtdal/generated/r-files/prioritizr/R/spec_rodrigues_targets	[no test files]
?   	rtdal/generated/r-files/prioritizr/R/spec_rule_targets	[no test files]
?   	rtdal/generated/r-files/prioritizr/R/spec_ward_targets	[no test files]
?   	rtdal/generated/r-files/prioritizr/R/spec_watson_targets	[no test files]
?   	rtdal/generated/r-files/prioritizr/R/spec_wilson_targets	[no test files]
?   	rtdal/generated/r-files/prioritizr/R/standalone-all_binary	[no test files]
?   	rtdal/generated/r-files/prioritizr/R/standalone-all_columns_any_finite	[no test files]
?   	rtdal/generated/r-files/prioritizr/R/standalone-all_columns_inherit	[no test files]
?   	rtdal/generated/r-files/prioritizr/R/standalone-all_finite	[no test files]
?   	rtdal/generated/r-files/prioritizr/R/standalone-all_positive	[no test files]
?   	rtdal/generated/r-files/prioritizr/R/standalone-all_proportion	[no test files]
?   	rtdal/generated/r-files/prioritizr/R/standalone-any_nonNA	[no test files]
?   	rtdal/generated/r-files/prioritizr/R/standalone-any_nonzero	[no test files]
?   	rtdal/generated/r-files/prioritizr/R/standalone-as_Matrix	[no test files]
?   	rtdal/generated/r-files/prioritizr/R/standalone-assertions_ConservationProblem	[no test files]
?   	rtdal/generated/r-files/prioritizr/R/standalone-assertions_class	[no test files]
?   	rtdal/generated/r-files/prioritizr/R/standalone-assertions_functions	[no test files]
?   	rtdal/generated/r-files/prioritizr/R/standalone-assertions_handlers	[no test files]
?   	rtdal/generated/r-files/prioritizr/R/standalone-assertions_misc	[no test files]
?   	rtdal/generated/r-files/prioritizr/R/standalone-assertions_raster	[no test files]
?   	rtdal/generated/r-files/prioritizr/R/standalone-assertions_sf	[no test files]
?   	rtdal/generated/r-files/prioritizr/R/standalone-assertions_solvers	[no test files]
?   	rtdal/generated/r-files/prioritizr/R/standalone-assertions_vector	[no test files]
?   	rtdal/generated/r-files/prioritizr/R/standalone-cli	[no test files]
?   	rtdal/generated/r-files/prioritizr/R/standalone-get_crs	[no test files]
?   	rtdal/generated/r-files/prioritizr/R/standalone-is_numeric_values	[no test files]
?   	rtdal/generated/r-files/prioritizr/R/standalone-is_same_crs	[no test files]
?   	rtdal/generated/r-files/prioritizr/R/standalone-is_spatial_extents_overlap	[no test files]
?   	rtdal/generated/r-files/prioritizr/R/standalone-repr	[no test files]
?   	rtdal/generated/r-files/prioritizr/R/summaries	[no test files]
?   	rtdal/generated/r-files/prioritizr/R/summary	[no test files]
?   	rtdal/generated/r-files/prioritizr/R/target_optimization_format	[no test files]
?   	rtdal/generated/r-files/prioritizr/R/targets	[no test files]
?   	rtdal/generated/r-files/prioritizr/R/tbl_df	[no test files]
?   	rtdal/generated/r-files/prioritizr/R/test-helpers	[no test files]
?   	rtdal/generated/r-files/prioritizr/R/validate_marxan_data	[no test files]
?   	rtdal/generated/r-files/prioritizr/R/waiver	[no test files]
?   	rtdal/generated/r-files/prioritizr/R/write_problem	[no test files]
?   	rtdal/generated/r-files/prioritizr/R/zone_names	[no test files]
?   	rtdal/generated/r-files/prioritizr/R/zones	[no test files]
?   	rtdal/generated/r-files/prioritizr/R/zzz	[no test files]
?   	rtdal/generated/r-files/prioritizr/inst/scripts/sim_complex_data	[no test files]
?   	rtdal/generated/r-files/prioritizr/man/roxygen/meta	[no test files]
?   	rtdal/generated/r-files/prioritizr/tests/testthat	[no test files]
?   	rtdal/generated/r-files/prioritizr/tests/testthat/helper_asym_connectivity	[no test files]
?   	rtdal/generated/r-files/prioritizr/tests/testthat/helper_boundary	[no test files]
?   	rtdal/generated/r-files/prioritizr/tests/testthat/helper_connectivity	[no test files]
?   	rtdal/generated/r-files/prioritizr/tests/testthat/helper_ferrier_scores	[no test files]
?   	rtdal/generated/r-files/prioritizr/tests/testthat/helper_marxan	[no test files]
?   	rtdal/generated/r-files/prioritizr/tests/testthat/helper_raster	[no test files]
?   	rtdal/generated/r-files/prioritizr/tests/testthat/helper_sf	[no test files]
?   	rtdal/generated/r-files/prioritizr/tests/testthat/helper_skip	[no test files]
?   	rtdal/generated/r-files/prioritizr/tests/testthat/helper_solve_fixed_seed	[no test files]
?   	rtdal/generated/r-files/prioritizr/tests/testthat/helper_zones	[no test files]
?   	rtdal/generated/r-files/prioritizr/tests/testthat/setup	[no test files]
?   	rtdal/generated/r-files/prioritizr/tests/testthat/test_ConservationModifier	[no test files]
?   	rtdal/generated/r-files/prioritizr/tests/testthat/test_OptimizationProblem	[no test files]
?   	rtdal/generated/r-files/prioritizr/tests/testthat/test_TargetMethod	[no test files]
?   	rtdal/generated/r-files/prioritizr/tests/testthat/test_Waiver	[no test files]
?   	rtdal/generated/r-files/prioritizr/tests/testthat/test_add_absolute_targets	[no test files]
?   	rtdal/generated/r-files/prioritizr/tests/testthat/test_add_asym_connectivity_penalties	[no test files]
?   	rtdal/generated/r-files/prioritizr/tests/testthat/test_add_boundary_penalties_knapsack	[no test files]
?   	rtdal/generated/r-files/prioritizr/tests/testthat/test_add_boundary_penalties_simple	[no test files]
?   	rtdal/generated/r-files/prioritizr/tests/testthat/test_add_cbc_solver	[no test files]
?   	rtdal/generated/r-files/prioritizr/tests/testthat/test_add_connectivity_penalties	[no test files]
?   	rtdal/generated/r-files/prioritizr/tests/testthat/test_add_contiguity_constraints	[no test files]
?   	rtdal/generated/r-files/prioritizr/tests/testthat/test_add_cplex_solver	[no test files]
?   	rtdal/generated/r-files/prioritizr/tests/testthat/test_add_cuts_portfolio	[no test files]
?   	rtdal/generated/r-files/prioritizr/tests/testthat/test_add_default_portfolio	[no test files]
?   	rtdal/generated/r-files/prioritizr/tests/testthat/test_add_default_solver	[no test files]
?   	rtdal/generated/r-files/prioritizr/tests/testthat/test_add_extra_portfolio	[no test files]
?   	rtdal/generated/r-files/prioritizr/tests/testthat/test_add_feature_contiguity_constraints	[no test files]
?   	rtdal/generated/r-files/prioritizr/tests/testthat/test_add_feature_weights	[no test files]
?   	rtdal/generated/r-files/prioritizr/tests/testthat/test_add_gap_portfolio	[no test files]
?   	rtdal/generated/r-files/prioritizr/tests/testthat/test_add_group_targets	[no test files]
?   	rtdal/generated/r-files/prioritizr/tests/testthat/test_add_gurobi_solver	[no test files]
?   	rtdal/generated/r-files/prioritizr/tests/testthat/test_add_highs_solver	[no test files]
?   	rtdal/generated/r-files/prioritizr/tests/testthat/test_add_linear_constraints	[no test files]
?   	rtdal/generated/r-files/prioritizr/tests/testthat/test_add_linear_penalties	[no test files]
?   	rtdal/generated/r-files/prioritizr/tests/testthat/test_add_locked_in_constraints	[no test files]
?   	rtdal/generated/r-files/prioritizr/tests/testthat/test_add_locked_out_constraints	[no test files]
?   	rtdal/generated/r-files/prioritizr/tests/testthat/test_add_lpsymphony_solver	[no test files]
?   	rtdal/generated/r-files/prioritizr/tests/testthat/test_add_mandatory_allocation_constraints	[no test files]
?   	rtdal/generated/r-files/prioritizr/tests/testthat/test_add_manual_bounded_constraints	[no test files]
?   	rtdal/generated/r-files/prioritizr/tests/testthat/test_add_manual_locked_constraints	[no test files]
?   	rtdal/generated/r-files/prioritizr/tests/testthat/test_add_manual_targets	[no test files]
?   	rtdal/generated/r-files/prioritizr/tests/testthat/test_add_max_cover_objective	[no test files]
?   	rtdal/generated/r-files/prioritizr/tests/testthat/test_add_max_features_objective	[no test files]
?   	rtdal/generated/r-files/prioritizr/tests/testthat/test_add_max_phylo_div_objective	[no test files]
?   	rtdal/generated/r-files/prioritizr/tests/testthat/test_add_max_phylo_end_objective	[no test files]
?   	rtdal/generated/r-files/prioritizr/tests/testthat/test_add_max_utility_objective	[no test files]
?   	rtdal/generated/r-files/prioritizr/tests/testthat/test_add_min_largest_shortfall_objective	[no test files]
?   	rtdal/generated/r-files/prioritizr/tests/testthat/test_add_min_penalties_objective	[no test files]
?   	rtdal/generated/r-files/prioritizr/tests/testthat/test_add_min_set_objective	[no test files]
?   	rtdal/generated/r-files/prioritizr/tests/testthat/test_add_min_shortfall_objective	[no test files]
?   	rtdal/generated/r-files/prioritizr/tests/testthat/test_add_neighbor_constraints	[no test files]
?   	rtdal/generated/r-files/prioritizr/tests/testthat/test_add_neighbor_penalties	[no test files]
?   	rtdal/generated/r-files/prioritizr/tests/testthat/test_add_relative_targets	[no test files]
?   	rtdal/generated/r-files/prioritizr/tests/testthat/test_add_rsymphony_solver	[no test files]
?   	rtdal/generated/r-files/prioritizr/tests/testthat/test_add_shuffle_portfolio	[no test files]
?   	rtdal/generated/r-files/prioritizr/tests/testthat/test_add_top_portfolio	[no test files]
?   	rtdal/generated/r-files/prioritizr/tests/testthat/test_adjacency_matrix	[no test files]
?   	rtdal/generated/r-files/prioritizr/tests/testthat/test_all_binary	[no test files]
?   	rtdal/generated/r-files/prioritizr/tests/testthat/test_all_columns_any_finite	[no test files]
?   	rtdal/generated/r-files/prioritizr/tests/testthat/test_all_columns_inherit	[no test files]
?   	rtdal/generated/r-files/prioritizr/tests/testthat/test_all_finite	[no test files]
?   	rtdal/generated/r-files/prioritizr/tests/testthat/test_all_positive	[no test files]
?   	rtdal/generated/r-files/prioritizr/tests/testthat/test_all_proportion	[no test files]
?   	rtdal/generated/r-files/prioritizr/tests/testthat/test_any_nonNA	[no test files]
?   	rtdal/generated/r-files/prioritizr/tests/testthat/test_any_nonzero	[no test files]
?   	rtdal/generated/r-files/prioritizr/tests/testthat/test_as_Matrix	[no test files]
?   	rtdal/generated/r-files/prioritizr/tests/testthat/test_as_units	[no test files]
?   	rtdal/generated/r-files/prioritizr/tests/testthat/test_assertions_ConservationProblem	[no test files]
?   	rtdal/generated/r-files/prioritizr/tests/testthat/test_assertions_class	[no test files]
?   	rtdal/generated/r-files/prioritizr/tests/testthat/test_assertions_functions	[no test files]
?   	rtdal/generated/r-files/prioritizr/tests/testthat/test_assertions_handlers	[no test files]
?   	rtdal/generated/r-files/prioritizr/tests/testthat/test_assertions_misc	[no test files]
?   	rtdal/generated/r-files/prioritizr/tests/testthat/test_assertions_raster	[no test files]
?   	rtdal/generated/r-files/prioritizr/tests/testthat/test_assertions_sf	[no test files]
?   	rtdal/generated/r-files/prioritizr/tests/testthat/test_assertions_vector	[no test files]
?   	rtdal/generated/r-files/prioritizr/tests/testthat/test_auto_targets	[no test files]
?   	rtdal/generated/r-files/prioritizr/tests/testthat/test_binary_stack	[no test files]
?   	rtdal/generated/r-files/prioritizr/tests/testthat/test_boundary_matrix	[no test files]
?   	rtdal/generated/r-files/prioritizr/tests/testthat/test_branch_matrix	[no test files]
?   	rtdal/generated/r-files/prioritizr/tests/testthat/test_calibrate_cohon_method	[no test files]
?   	rtdal/generated/r-files/prioritizr/tests/testthat/test_category_layer	[no test files]
?   	rtdal/generated/r-files/prioritizr/tests/testthat/test_category_vector	[no test files]
?   	rtdal/generated/r-files/prioritizr/tests/testthat/test_cli	[no test files]
?   	rtdal/generated/r-files/prioritizr/tests/testthat/test_compile	[no test files]
?   	rtdal/generated/r-files/prioritizr/tests/testthat/test_connectivity_matrix	[no test files]
?   	rtdal/generated/r-files/prioritizr/tests/testthat/test_cplex	[no test files]
?   	rtdal/generated/r-files/prioritizr/tests/testthat/test_data	[no test files]
?   	rtdal/generated/r-files/prioritizr/tests/testthat/test_decisions	[no test files]
?   	rtdal/generated/r-files/prioritizr/tests/testthat/test_documentation	[no test files]
?   	rtdal/generated/r-files/prioritizr/tests/testthat/test_eval_asym_connectivity_summary	[no test files]
?   	rtdal/generated/r-files/prioritizr/tests/testthat/test_eval_boundary_summary	[no test files]
?   	rtdal/generated/r-files/prioritizr/tests/testthat/test_eval_connectivity_summary	[no test files]
?   	rtdal/generated/r-files/prioritizr/tests/testthat/test_eval_cost_summary	[no test files]
?   	rtdal/generated/r-files/prioritizr/tests/testthat/test_eval_feature_representation_summary	[no test files]
?   	rtdal/generated/r-files/prioritizr/tests/testthat/test_eval_ferrier_importance	[no test files]
?   	rtdal/generated/r-files/prioritizr/tests/testthat/test_eval_n_summary	[no test files]
?   	rtdal/generated/r-files/prioritizr/tests/testthat/test_eval_rank_importance	[no test files]
?   	rtdal/generated/r-files/prioritizr/tests/testthat/test_eval_rare_richness_importance	[no test files]
?   	rtdal/generated/r-files/prioritizr/tests/testthat/test_eval_replacement_importance	[no test files]
?   	rtdal/generated/r-files/prioritizr/tests/testthat/test_eval_target_coverage_summary	[no test files]
?   	rtdal/generated/r-files/prioritizr/tests/testthat/test_fast_extract	[no test files]
?   	rtdal/generated/r-files/prioritizr/tests/testthat/test_feature_abundances	[no test files]
?   	rtdal/generated/r-files/prioritizr/tests/testthat/test_get_crs	[no test files]
?   	rtdal/generated/r-files/prioritizr/tests/testthat/test_get_target_method	[no test files]
?   	rtdal/generated/r-files/prioritizr/tests/testthat/test_helper_raster	[no test files]
?   	rtdal/generated/r-files/prioritizr/tests/testthat/test_internal	[no test files]
?   	rtdal/generated/r-files/prioritizr/tests/testthat/test_intersecting_units	[no test files]
?   	rtdal/generated/r-files/prioritizr/tests/testthat/test_is_numeric_values	[no test files]
?   	rtdal/generated/r-files/prioritizr/tests/testthat/test_is_spatial_extents_overlap	[no test files]
?   	rtdal/generated/r-files/prioritizr/tests/testthat/test_marxan_boundary_data_to_matrix	[no test files]
?   	rtdal/generated/r-files/prioritizr/tests/testthat/test_marxan_connectivity_data_to_matrix	[no test files]
?   	rtdal/generated/r-files/prioritizr/tests/testthat/test_marxan_problem	[no test files]
?   	rtdal/generated/r-files/prioritizr/tests/testthat/test_memory	[no test files]
?   	rtdal/generated/r-files/prioritizr/tests/testthat/test_miscellaneous	[no test files]
?   	rtdal/generated/r-files/prioritizr/tests/testthat/test_planning_unit_indices	[no test files]
?   	rtdal/generated/r-files/prioritizr/tests/testthat/test_planning_unit_solution_format	[no test files]
?   	rtdal/generated/r-files/prioritizr/tests/testthat/test_planning_unit_solution_status	[no test files]
?   	rtdal/generated/r-files/prioritizr/tests/testthat/test_presolve_check	[no test files]
?   	rtdal/generated/r-files/prioritizr/tests/testthat/test_prioritizrdata	[no test files]
?   	rtdal/generated/r-files/prioritizr/tests/testthat/test_problem	[no test files]
?   	rtdal/generated/r-files/prioritizr/tests/testthat/test_problem-deprecated	[no test files]
?   	rtdal/generated/r-files/prioritizr/tests/testthat/test_problem_negative	[no test files]
?   	rtdal/generated/r-files/prioritizr/tests/testthat/test_proximity_matrix	[no test files]
?   	rtdal/generated/r-files/prioritizr/tests/testthat/test_repr	[no test files]
?   	rtdal/generated/r-files/prioritizr/tests/testthat/test_rescale_matrix	[no test files]
?   	rtdal/generated/r-files/prioritizr/tests/testthat/test_rij_matrix	[no test files]
?   	rtdal/generated/r-files/prioritizr/tests/testthat/test_roxygen-documentation	[no test files]
?   	rtdal/generated/r-files/prioritizr/tests/testthat/test_run_calculations	[no test files]
?   	rtdal/generated/r-files/prioritizr/tests/testthat/test_simulate	[no test files]
?   	rtdal/generated/r-files/prioritizr/tests/testthat/test_solve	[no test files]
?   	rtdal/generated/r-files/prioritizr/tests/testthat/test_spec_absolute_targets	[no test files]
?   	rtdal/generated/r-files/prioritizr/tests/testthat/test_spec_area_targets	[no test files]
?   	rtdal/generated/r-files/prioritizr/tests/testthat/test_spec_duran_targets	[no test files]
?   	rtdal/generated/r-files/prioritizr/tests/testthat/test_spec_interp_absolute_targets	[no test files]
?   	rtdal/generated/r-files/prioritizr/tests/testthat/test_spec_interp_area_targets	[no test files]
?   	rtdal/generated/r-files/prioritizr/tests/testthat/test_spec_jung_targets	[no test files]
?   	rtdal/generated/r-files/prioritizr/tests/testthat/test_spec_max_targets	[no test files]
?   	rtdal/generated/r-files/prioritizr/tests/testthat/test_spec_min_targets	[no test files]
?   	rtdal/generated/r-files/prioritizr/tests/testthat/test_spec_polak_targets	[no test files]
?   	rtdal/generated/r-files/prioritizr/tests/testthat/test_spec_pop_size_targets	[no test files]
?   	rtdal/generated/r-files/prioritizr/tests/testthat/test_spec_relative_targets	[no test files]
?   	rtdal/generated/r-files/prioritizr/tests/testthat/test_spec_rl_ecosystem_targets	[no test files]
?   	rtdal/generated/r-files/prioritizr/tests/testthat/test_spec_rl_species_targets	[no test files]
?   	rtdal/generated/r-files/prioritizr/tests/testthat/test_spec_rodrigues_targets	[no test files]
?   	rtdal/generated/r-files/prioritizr/tests/testthat/test_spec_rule_targets	[no test files]
?   	rtdal/generated/r-files/prioritizr/tests/testthat/test_spec_ward_targets	[no test files]
?   	rtdal/generated/r-files/prioritizr/tests/testthat/test_spec_watson_targets	[no test files]
?   	rtdal/generated/r-files/prioritizr/tests/testthat/test_spec_wilson_targets	[no test files]
?   	rtdal/generated/r-files/prioritizr/tests/testthat/test_st_geometry_classes	[no test files]
?   	rtdal/generated/r-files/prioritizr/tests/testthat/test_write_problem	[no test files]
?   	rtdal/generated/r-files/prioritizr/tests/testthat/test_zones	[no test files]
?   	rtdal/generated/r-files/processx/R/aaa-import-standalone-rstudio-detect	[no test files]
?   	rtdal/generated/r-files/processx/R/aaassertthat	[no test files]
?   	rtdal/generated/r-files/processx/R/assertions	[no test files]
?   	rtdal/generated/r-files/processx/R/base64	[no test files]
?   	rtdal/generated/r-files/processx/R/cleancall	[no test files]
?   	rtdal/generated/r-files/processx/R/client-lib	[no test files]
?   	rtdal/generated/r-files/processx/R/connections	[no test files]
?   	rtdal/generated/r-files/processx/R/initialize	[no test files]
?   	rtdal/generated/r-files/processx/R/io	[no test files]
?   	rtdal/generated/r-files/processx/R/named_pipe	[no test files]
?   	rtdal/generated/r-files/processx/R/on-load	[no test files]
?   	rtdal/generated/r-files/processx/R/pipeline	[no test files]
?   	rtdal/generated/r-files/processx/R/poll	[no test files]
?   	rtdal/generated/r-files/processx/R/print	[no test files]
?   	rtdal/generated/r-files/processx/R/process	[no test files]
?   	rtdal/generated/r-files/processx/R/process-helpers	[no test files]
?   	rtdal/generated/r-files/processx/R/processx-package	[no test files]
?   	rtdal/generated/r-files/processx/R/run	[no test files]
?   	rtdal/generated/r-files/processx/R/standalone-errors	[no test files]
?   	rtdal/generated/r-files/processx/R/supervisor	[no test files]
?   	rtdal/generated/r-files/processx/R/utils	[no test files]
?   	rtdal/generated/r-files/processx/src/install.libs	[no test files]
?   	rtdal/generated/r-files/processx/tests/testthat	[no test files]
?   	rtdal/generated/r-files/processx/tests/testthat/helper	[no test files]
?   	rtdal/generated/r-files/processx/tests/testthat/test-assertions	[no test files]
?   	rtdal/generated/r-files/processx/tests/testthat/test-chr-io	[no test files]
?   	rtdal/generated/r-files/processx/tests/testthat/test-cleanup	[no test files]
?   	rtdal/generated/r-files/processx/tests/testthat/test-client-lib	[no test files]
?   	rtdal/generated/r-files/processx/tests/testthat/test-connections	[no test files]
?   	rtdal/generated/r-files/processx/tests/testthat/test-env	[no test files]
?   	rtdal/generated/r-files/processx/tests/testthat/test-err-output	[no test files]
?   	rtdal/generated/r-files/processx/tests/testthat/test-errors	[no test files]
?   	rtdal/generated/r-files/processx/tests/testthat/test-extra-connections	[no test files]
?   	rtdal/generated/r-files/processx/tests/testthat/test-fifo	[no test files]
?   	rtdal/generated/r-files/processx/tests/testthat/test-io	[no test files]
?   	rtdal/generated/r-files/processx/tests/testthat/test-kill-tree	[no test files]
?   	rtdal/generated/r-files/processx/tests/testthat/test-pipeline	[no test files]
?   	rtdal/generated/r-files/processx/tests/testthat/test-poll	[no test files]
?   	rtdal/generated/r-files/processx/tests/testthat/test-poll-connections	[no test files]
?   	rtdal/generated/r-files/processx/tests/testthat/test-poll-curl	[no test files]
?   	rtdal/generated/r-files/processx/tests/testthat/test-poll-stress	[no test files]
?   	rtdal/generated/r-files/processx/tests/testthat/test-poll2	[no test files]
?   	rtdal/generated/r-files/processx/tests/testthat/test-poll3	[no test files]
?   	rtdal/generated/r-files/processx/tests/testthat/test-print	[no test files]
?   	rtdal/generated/r-files/processx/tests/testthat/test-process	[no test files]
?   	rtdal/generated/r-files/processx/tests/testthat/test-ps-methods	[no test files]
?   	rtdal/generated/r-files/processx/tests/testthat/test-pty	[no test files]
?   	rtdal/generated/r-files/processx/tests/testthat/test-run	[no test files]
?   	rtdal/generated/r-files/processx/tests/testthat/test-set-std	[no test files]
?   	rtdal/generated/r-files/processx/tests/testthat/test-sigchld	[no test files]
?   	rtdal/generated/r-files/processx/tests/testthat/test-standalone-errors	[no test files]
?   	rtdal/generated/r-files/processx/tests/testthat/test-stdin	[no test files]
?   	rtdal/generated/r-files/processx/tests/testthat/test-stress	[no test files]
?   	rtdal/generated/r-files/processx/tests/testthat/test-unix-sockets	[no test files]
?   	rtdal/generated/r-files/processx/tests/testthat/test-utf8	[no test files]
?   	rtdal/generated/r-files/processx/tests/testthat/test-utils	[no test files]
?   	rtdal/generated/r-files/processx/tests/testthat/test-wait	[no test files]
?   	rtdal/generated/r-files/progress/R/progress	[no test files]
?   	rtdal/generated/r-files/progress/R/progress-package	[no test files]
?   	rtdal/generated/r-files/progress/R/utils	[no test files]
?   	rtdal/generated/r-files/progress/tests/testthat	[no test files]
?   	rtdal/generated/r-files/progress/tests/testthat/helper	[no test files]
?   	rtdal/generated/r-files/progress/tests/testthat/progresstest/R/RcppExports	[no test files]
?   	rtdal/generated/r-files/progress/tests/testthat/progresstest/R/test	[no test files]
?   	rtdal/generated/r-files/progress/tests/testthat/test-cpp	[no test files]
?   	rtdal/generated/r-files/progress/tests/testthat/test-progress	[no test files]
?   	rtdal/generated/r-files/promises/R/deprecated	[no test files]
?   	rtdal/generated/r-files/promises/R/domains	[no test files]
?   	rtdal/generated/r-files/promises/R/first_type	[no test files]
?   	rtdal/generated/r-files/promises/R/future_promise	[no test files]
?   	rtdal/generated/r-files/promises/R/hybrid-then	[no test files]
?   	rtdal/generated/r-files/promises/R/import-standalone-defer	[no test files]
?   	rtdal/generated/r-files/promises/R/is_something	[no test files]
?   	rtdal/generated/r-files/promises/R/methods	[no test files]
?   	rtdal/generated/r-files/promises/R/otel	[no test files]
?   	rtdal/generated/r-files/promises/R/pipe	[no test files]
?   	rtdal/generated/r-files/promises/R/promise	[no test files]
?   	rtdal/generated/r-files/promises/R/promises-package	[no test files]
?   	rtdal/generated/r-files/promises/R/staticimports	[no test files]
?   	rtdal/generated/r-files/promises/R/then	[no test files]
?   	rtdal/generated/r-files/promises/R/utils	[no test files]
?   	rtdal/generated/r-files/promises/inst/doc/promises_04_mirai	[no test files]
?   	rtdal/generated/r-files/promises/inst/doc/promises_05a_futures	[no test files]
?   	rtdal/generated/r-files/promises/inst/doc/promises_05b_future_promise	[no test files]
?   	rtdal/generated/r-files/promises/inst/doc/promises_06_shiny	[no test files]
?   	rtdal/generated/r-files/promises/tests/spelling	[no test files]
?   	rtdal/generated/r-files/promises/tests/testthat	[no test files]
?   	rtdal/generated/r-files/promises/tests/testthat/helper	[no test files]
?   	rtdal/generated/r-files/promises/tests/testthat/test-aplus-2-1	[no test files]
?   	rtdal/generated/r-files/promises/tests/testthat/test-aplus-2-2	[no test files]
?   	rtdal/generated/r-files/promises/tests/testthat/test-aplus-2-3	[no test files]
?   	rtdal/generated/r-files/promises/tests/testthat/test-combining	[no test files]
?   	rtdal/generated/r-files/promises/tests/testthat/test-cpp	[no test files]
?   	rtdal/generated/r-files/promises/tests/testthat/test-domains	[no test files]
?   	rtdal/generated/r-files/promises/tests/testthat/test-hybrid-then	[no test files]
?   	rtdal/generated/r-files/promises/tests/testthat/test-hybrid-then-visibility	[no test files]
?   	rtdal/generated/r-files/promises/tests/testthat/test-legacy-aplus-2-2	[no test files]
?   	rtdal/generated/r-files/promises/tests/testthat/test-legacy-domains	[no test files]
?   	rtdal/generated/r-files/promises/tests/testthat/test-legacy-promise-map	[no test files]
?   	rtdal/generated/r-files/promises/tests/testthat/test-methods	[no test files]
?   	rtdal/generated/r-files/promises/tests/testthat/test-ordering	[no test files]
?   	rtdal/generated/r-files/promises/tests/testthat/test-otel	[no test files]
?   	rtdal/generated/r-files/promises/tests/testthat/test-promise-map	[no test files]
?   	rtdal/generated/r-files/promises/tests/testthat/test-then	[no test files]
?   	rtdal/generated/r-files/promises/tests/testthat/test-visibility	[no test files]
?   	rtdal/generated/r-files/promises/tests/testthat/test-zzz-future_promise	[no test files]
?   	rtdal/generated/r-files/proxy/R/database	[no test files]
?   	rtdal/generated/r-files/proxy/R/dissimilarities	[no test files]
?   	rtdal/generated/r-files/proxy/R/dist	[no test files]
?   	rtdal/generated/r-files/proxy/R/registry	[no test files]
?   	rtdal/generated/r-files/proxy/R/seal	[no test files]
?   	rtdal/generated/r-files/proxy/R/similarities	[no test files]
?   	rtdal/generated/r-files/proxy/R/util	[no test files]
?   	rtdal/generated/r-files/proxy/inst/doc/overview	[no test files]
?   	rtdal/generated/r-files/proxy/tests/apply	[no test files]
?   	rtdal/generated/r-files/proxy/tests/distance	[no test files]
?   	rtdal/generated/r-files/proxy/tests/distcalls	[no test files]
?   	rtdal/generated/r-files/proxy/tests/registry	[no test files]
?   	rtdal/generated/r-files/proxy/tests/util	[no test files]
?   	rtdal/generated/r-files/ps/R/cleancall	[no test files]
?   	rtdal/generated/r-files/ps/R/compat-vctrs	[no test files]
?   	rtdal/generated/r-files/ps/R/disk	[no test files]
?   	rtdal/generated/r-files/ps/R/errno	[no test files]
?   	rtdal/generated/r-files/ps/R/error	[no test files]
?   	rtdal/generated/r-files/ps/R/glob	[no test files]
?   	rtdal/generated/r-files/ps/R/iso-date	[no test files]
?   	rtdal/generated/r-files/ps/R/kill-tree	[no test files]
?   	rtdal/generated/r-files/ps/R/linux	[no test files]
?   	rtdal/generated/r-files/ps/R/low-level	[no test files]
?   	rtdal/generated/r-files/ps/R/macos	[no test files]
?   	rtdal/generated/r-files/ps/R/memoize	[no test files]
?   	rtdal/generated/r-files/ps/R/memory	[no test files]
?   	rtdal/generated/r-files/ps/R/os	[no test files]
?   	rtdal/generated/r-files/ps/R/package	[no test files]
?   	rtdal/generated/r-files/ps/R/posix	[no test files]
?   	rtdal/generated/r-files/ps/R/ps	[no test files]
?   	rtdal/generated/r-files/ps/R/ps-package	[no test files]
?   	rtdal/generated/r-files/ps/R/rematch2	[no test files]
?   	rtdal/generated/r-files/ps/R/string	[no test files]
?   	rtdal/generated/r-files/ps/R/system	[no test files]
?   	rtdal/generated/r-files/ps/R/testthat-reporter	[no test files]
?   	rtdal/generated/r-files/ps/R/utils	[no test files]
?   	rtdal/generated/r-files/ps/inst/tools/error-codes	[no test files]
?   	rtdal/generated/r-files/ps/inst/tools/winver	[no test files]
?   	rtdal/generated/r-files/ps/src/install.libs	[no test files]
?   	rtdal/generated/r-files/ps/tests/testthat	[no test files]
?   	rtdal/generated/r-files/ps/tests/testthat/fixtures/cleanup-error/test-cleanup-error	[no test files]
?   	rtdal/generated/r-files/ps/tests/testthat/helpers	[no test files]
?   	rtdal/generated/r-files/ps/tests/testthat/test-cleanup-reporter	[no test files]
?   	rtdal/generated/r-files/ps/tests/testthat/test-common	[no test files]
?   	rtdal/generated/r-files/ps/tests/testthat/test-connections	[no test files]
?   	rtdal/generated/r-files/ps/tests/testthat/test-disk	[no test files]
?   	rtdal/generated/r-files/ps/tests/testthat/test-finished	[no test files]
?   	rtdal/generated/r-files/ps/tests/testthat/test-kill-tree	[no test files]
?   	rtdal/generated/r-files/ps/tests/testthat/test-linux	[no test files]
?   	rtdal/generated/r-files/ps/tests/testthat/test-macos	[no test files]
?   	rtdal/generated/r-files/ps/tests/testthat/test-pid-reuse	[no test files]
?   	rtdal/generated/r-files/ps/tests/testthat/test-posix	[no test files]
?   	rtdal/generated/r-files/ps/tests/testthat/test-posix-zombie	[no test files]
?   	rtdal/generated/r-files/ps/tests/testthat/test-ps	[no test files]
?   	rtdal/generated/r-files/ps/tests/testthat/test-system	[no test files]
?   	rtdal/generated/r-files/ps/tests/testthat/test-utils	[no test files]
?   	rtdal/generated/r-files/ps/tests/testthat/test-wait	[no test files]
?   	rtdal/generated/r-files/ps/tests/testthat/test-wait-inotify	[no test files]
?   	rtdal/generated/r-files/ps/tests/testthat/test-windows	[no test files]
?   	rtdal/generated/r-files/ps/tests/testthat/test-winver	[no test files]
?   	rtdal/generated/r-files/ps/tests/testthat/test-z-string	[no test files]
?   	rtdal/generated/r-files/purrr/R/adverb-auto-browse	[no test files]
?   	rtdal/generated/r-files/purrr/R/adverb-compose	[no test files]
?   	rtdal/generated/r-files/purrr/R/adverb-insistently	[no test files]
?   	rtdal/generated/r-files/purrr/R/adverb-negate	[no test files]
?   	rtdal/generated/r-files/purrr/R/adverb-partial	[no test files]
?   	rtdal/generated/r-files/purrr/R/adverb-possibly	[no test files]
?   	rtdal/generated/r-files/purrr/R/adverb-quietly	[no test files]
?   	rtdal/generated/r-files/purrr/R/adverb-safely	[no test files]
?   	rtdal/generated/r-files/purrr/R/adverb-slowly	[no test files]
?   	rtdal/generated/r-files/purrr/R/arrays	[no test files]
?   	rtdal/generated/r-files/purrr/R/cleancall	[no test files]
?   	rtdal/generated/r-files/purrr/R/coerce	[no test files]
?   	rtdal/generated/r-files/purrr/R/compat-obj-type	[no test files]
?   	rtdal/generated/r-files/purrr/R/compat-types-check	[no test files]
?   	rtdal/generated/r-files/purrr/R/conditions	[no test files]
?   	rtdal/generated/r-files/purrr/R/deprec-along	[no test files]
?   	rtdal/generated/r-files/purrr/R/deprec-cross	[no test files]
?   	rtdal/generated/r-files/purrr/R/deprec-invoke	[no test files]
?   	rtdal/generated/r-files/purrr/R/deprec-lift	[no test files]
?   	rtdal/generated/r-files/purrr/R/deprec-prepend	[no test files]
?   	rtdal/generated/r-files/purrr/R/deprec-rerun	[no test files]
?   	rtdal/generated/r-files/purrr/R/deprec-splice	[no test files]
?   	rtdal/generated/r-files/purrr/R/deprec-utils	[no test files]
?   	rtdal/generated/r-files/purrr/R/deprec-when	[no test files]
?   	rtdal/generated/r-files/purrr/R/detect	[no test files]
?   	rtdal/generated/r-files/purrr/R/every-some-none	[no test files]
?   	rtdal/generated/r-files/purrr/R/faq	[no test files]
?   	rtdal/generated/r-files/purrr/R/head-tail	[no test files]
?   	rtdal/generated/r-files/purrr/R/imap	[no test files]
?   	rtdal/generated/r-files/purrr/R/keep	[no test files]
?   	rtdal/generated/r-files/purrr/R/list-combine	[no test files]
?   	rtdal/generated/r-files/purrr/R/list-flatten	[no test files]
?   	rtdal/generated/r-files/purrr/R/list-modify	[no test files]
?   	rtdal/generated/r-files/purrr/R/list-simplify	[no test files]
?   	rtdal/generated/r-files/purrr/R/list-transpose	[no test files]
?   	rtdal/generated/r-files/purrr/R/lmap	[no test files]
?   	rtdal/generated/r-files/purrr/R/map	[no test files]
?   	rtdal/generated/r-files/purrr/R/map-depth	[no test files]
?   	rtdal/generated/r-files/purrr/R/map-if-at	[no test files]
?   	rtdal/generated/r-files/purrr/R/map-mapper	[no test files]
?   	rtdal/generated/r-files/purrr/R/map-raw	[no test files]
?   	rtdal/generated/r-files/purrr/R/map2	[no test files]
?   	rtdal/generated/r-files/purrr/R/modify	[no test files]
?   	rtdal/generated/r-files/purrr/R/modify-tree	[no test files]
?   	rtdal/generated/r-files/purrr/R/package-purrr	[no test files]
?   	rtdal/generated/r-files/purrr/R/parallelization	[no test files]
?   	rtdal/generated/r-files/purrr/R/pluck	[no test files]
?   	rtdal/generated/r-files/purrr/R/pluck-assign	[no test files]
?   	rtdal/generated/r-files/purrr/R/pluck-depth	[no test files]
?   	rtdal/generated/r-files/purrr/R/pmap	[no test files]
?   	rtdal/generated/r-files/purrr/R/progress-bars	[no test files]
?   	rtdal/generated/r-files/purrr/R/rate	[no test files]
?   	rtdal/generated/r-files/purrr/R/reduce	[no test files]
?   	rtdal/generated/r-files/purrr/R/reexport-pipe	[no test files]
?   	rtdal/generated/r-files/purrr/R/reexport-rlang	[no test files]
?   	rtdal/generated/r-files/purrr/R/superseded-flatten	[no test files]
?   	rtdal/generated/r-files/purrr/R/superseded-map-df	[no test files]
?   	rtdal/generated/r-files/purrr/R/superseded-simplify	[no test files]
?   	rtdal/generated/r-files/purrr/R/superseded-transpose	[no test files]
?   	rtdal/generated/r-files/purrr/R/utils	[no test files]
?   	rtdal/generated/r-files/purrr/inst/doc/base	[no test files]
?   	rtdal/generated/r-files/purrr/inst/doc/purrr	[no test files]
?   	rtdal/generated/r-files/purrr/tests/testthat	[no test files]
?   	rtdal/generated/r-files/purrr/tests/testthat/helper	[no test files]
?   	rtdal/generated/r-files/purrr/tests/testthat/helper-map	[no test files]
?   	rtdal/generated/r-files/purrr/tests/testthat/setup	[no test files]
?   	rtdal/generated/r-files/purrr/tests/testthat/test-adverb-auto-browse	[no test files]
?   	rtdal/generated/r-files/purrr/tests/testthat/test-adverb-compose	[no test files]
?   	rtdal/generated/r-files/purrr/tests/testthat/test-adverb-insistently	[no test files]
?   	rtdal/generated/r-files/purrr/tests/testthat/test-adverb-negate	[no test files]
?   	rtdal/generated/r-files/purrr/tests/testthat/test-adverb-partial	[no test files]
?   	rtdal/generated/r-files/purrr/tests/testthat/test-adverb-possibly	[no test files]
?   	rtdal/generated/r-files/purrr/tests/testthat/test-adverb-quietly	[no test files]
?   	rtdal/generated/r-files/purrr/tests/testthat/test-adverb-safely	[no test files]
?   	rtdal/generated/r-files/purrr/tests/testthat/test-adverb-slowly	[no test files]
?   	rtdal/generated/r-files/purrr/tests/testthat/test-arrays	[no test files]
?   	rtdal/generated/r-files/purrr/tests/testthat/test-coerce	[no test files]
?   	rtdal/generated/r-files/purrr/tests/testthat/test-conditions	[no test files]
?   	rtdal/generated/r-files/purrr/tests/testthat/test-deprec-along	[no test files]
?   	rtdal/generated/r-files/purrr/tests/testthat/test-deprec-cross	[no test files]
?   	rtdal/generated/r-files/purrr/tests/testthat/test-deprec-invoke	[no test files]
?   	rtdal/generated/r-files/purrr/tests/testthat/test-deprec-lift	[no test files]
?   	rtdal/generated/r-files/purrr/tests/testthat/test-deprec-prepend	[no test files]
?   	rtdal/generated/r-files/purrr/tests/testthat/test-deprec-rerun	[no test files]
?   	rtdal/generated/r-files/purrr/tests/testthat/test-deprec-splice	[no test files]
?   	rtdal/generated/r-files/purrr/tests/testthat/test-deprec-utils	[no test files]
?   	rtdal/generated/r-files/purrr/tests/testthat/test-deprec-when	[no test files]
?   	rtdal/generated/r-files/purrr/tests/testthat/test-detect	[no test files]
?   	rtdal/generated/r-files/purrr/tests/testthat/test-every-some-none	[no test files]
?   	rtdal/generated/r-files/purrr/tests/testthat/test-head-tail	[no test files]
?   	rtdal/generated/r-files/purrr/tests/testthat/test-imap	[no test files]
?   	rtdal/generated/r-files/purrr/tests/testthat/test-keep	[no test files]
?   	rtdal/generated/r-files/purrr/tests/testthat/test-list-combine	[no test files]
?   	rtdal/generated/r-files/purrr/tests/testthat/test-list-flatten	[no test files]
?   	rtdal/generated/r-files/purrr/tests/testthat/test-list-modify	[no test files]
?   	rtdal/generated/r-files/purrr/tests/testthat/test-list-simplify	[no test files]
?   	rtdal/generated/r-files/purrr/tests/testthat/test-list-transpose	[no test files]
?   	rtdal/generated/r-files/purrr/tests/testthat/test-lmap	[no test files]
?   	rtdal/generated/r-files/purrr/tests/testthat/test-map	[no test files]
?   	rtdal/generated/r-files/purrr/tests/testthat/test-map-depth	[no test files]
?   	rtdal/generated/r-files/purrr/tests/testthat/test-map-if-at	[no test files]
?   	rtdal/generated/r-files/purrr/tests/testthat/test-map-mapper	[no test files]
?   	rtdal/generated/r-files/purrr/tests/testthat/test-map-raw	[no test files]
?   	rtdal/generated/r-files/purrr/tests/testthat/test-map2	[no test files]
?   	rtdal/generated/r-files/purrr/tests/testthat/test-modify	[no test files]
?   	rtdal/generated/r-files/purrr/tests/testthat/test-modify-tree	[no test files]
?   	rtdal/generated/r-files/purrr/tests/testthat/test-parallel	[no test files]
?   	rtdal/generated/r-files/purrr/tests/testthat/test-pluck	[no test files]
?   	rtdal/generated/r-files/purrr/tests/testthat/test-pluck-assign	[no test files]
?   	rtdal/generated/r-files/purrr/tests/testthat/test-pluck-depth	[no test files]
?   	rtdal/generated/r-files/purrr/tests/testthat/test-pmap	[no test files]
?   	rtdal/generated/r-files/purrr/tests/testthat/test-progress-bars	[no test files]
?   	rtdal/generated/r-files/purrr/tests/testthat/test-rate	[no test files]
?   	rtdal/generated/r-files/purrr/tests/testthat/test-reduce	[no test files]
?   	rtdal/generated/r-files/purrr/tests/testthat/test-superseded-flatten	[no test files]
?   	rtdal/generated/r-files/purrr/tests/testthat/test-superseded-map-df	[no test files]
?   	rtdal/generated/r-files/purrr/tests/testthat/test-superseded-simplify	[no test files]
?   	rtdal/generated/r-files/purrr/tests/testthat/test-superseded-transpose	[no test files]
?   	rtdal/generated/r-files/purrr/tests/testthat/test-utils	[no test files]
?   	rtdal/generated/r-files/quantreg/R/ParetoTest	[no test files]
?   	rtdal/generated/r-files/quantreg/R/anova	[no test files]
?   	rtdal/generated/r-files/quantreg/R/boot	[no test files]
?   	rtdal/generated/r-files/quantreg/R/combos	[no test files]
?   	rtdal/generated/r-files/quantreg/R/crq	[no test files]
?   	rtdal/generated/r-files/quantreg/R/dynrq	[no test files]
?   	rtdal/generated/r-files/quantreg/R/khmal	[no test files]
?   	rtdal/generated/r-files/quantreg/R/kuantile	[no test files]
?   	rtdal/generated/r-files/quantreg/R/lprq	[no test files]
?   	rtdal/generated/r-files/quantreg/R/nlrq	[no test files]
?   	rtdal/generated/r-files/quantreg/R/qrisk	[no test files]
?   	rtdal/generated/r-files/quantreg/R/quantreg	[no test files]
?   	rtdal/generated/r-files/quantreg/R/rqss	[no test files]
?   	rtdal/generated/r-files/quantreg/R/sfn	[no test files]
?   	rtdal/generated/r-files/quantreg/R/table	[no test files]
?   	rtdal/generated/r-files/quantreg/R/tools	[no test files]
?   	rtdal/generated/r-files/quantreg/demo/Frank	[no test files]
?   	rtdal/generated/r-files/quantreg/demo/KMvCRQ	[no test files]
?   	rtdal/generated/r-files/quantreg/demo/MCV	[no test files]
?   	rtdal/generated/r-files/quantreg/demo/Mammals	[no test files]
?   	rtdal/generated/r-files/quantreg/demo/Mel	[no test files]
?   	rtdal/generated/r-files/quantreg/demo/Mel2	[no test files]
?   	rtdal/generated/r-files/quantreg/demo/Panel	[no test files]
?   	rtdal/generated/r-files/quantreg/demo/Polson	[no test files]
?   	rtdal/generated/r-files/quantreg/demo/RB-r	[no test files]
?   	rtdal/generated/r-files/quantreg/demo/arqss	[no test files]
?   	rtdal/generated/r-files/quantreg/demo/cobar	[no test files]
?   	rtdal/generated/r-files/quantreg/demo/combos	[no test files]
?   	rtdal/generated/r-files/quantreg/demo/cpoint	[no test files]
?   	rtdal/generated/r-files/quantreg/demo/crquis	[no test files]
?   	rtdal/generated/r-files/quantreg/demo/engel1	[no test files]
?   	rtdal/generated/r-files/quantreg/demo/engel2	[no test files]
?   	rtdal/generated/r-files/quantreg/demo/hinged	[no test files]
?   	rtdal/generated/r-files/quantreg/demo/panelfig	[no test files]
?   	rtdal/generated/r-files/quantreg/demo/predemo	[no test files]
?   	rtdal/generated/r-files/quantreg/demo/rqsslasso	[no test files]
?   	rtdal/generated/r-files/quantreg/demo/stack	[no test files]
?   	rtdal/generated/r-files/quantreg/demo/subset	[no test files]
?   	rtdal/generated/r-files/quantreg/src/ratfor/boot	[no test files]
?   	rtdal/generated/r-files/quantreg/src/ratfor/brute	[no test files]
?   	rtdal/generated/r-files/quantreg/src/ratfor/combos	[no test files]
?   	rtdal/generated/r-files/quantreg/src/ratfor/crqfnb	[no test files]
?   	rtdal/generated/r-files/quantreg/src/ratfor/grexp	[no test files]
?   	rtdal/generated/r-files/quantreg/src/ratfor/kuantiles	[no test files]
?   	rtdal/generated/r-files/quantreg/src/ratfor/penalty	[no test files]
?   	rtdal/generated/r-files/quantreg/src/ratfor/pfnb	[no test files]
?   	rtdal/generated/r-files/quantreg/src/ratfor/powell	[no test files]
?   	rtdal/generated/r-files/quantreg/src/ratfor/pwxy	[no test files]
?   	rtdal/generated/r-files/quantreg/src/ratfor/qfnb	[no test files]
?   	rtdal/generated/r-files/quantreg/src/ratfor/qselect	[no test files]
?   	rtdal/generated/r-files/quantreg/src/ratfor/rls	[no test files]
?   	rtdal/generated/r-files/quantreg/src/ratfor/rqbr	[no test files]
?   	rtdal/generated/r-files/quantreg/src/ratfor/rqfn	[no test files]
?   	rtdal/generated/r-files/quantreg/src/ratfor/rqfnb	[no test files]
?   	rtdal/generated/r-files/quantreg/src/ratfor/rqfnc	[no test files]
?   	rtdal/generated/r-files/quantreg/src/ratfor/rqs	[no test files]
?   	rtdal/generated/r-files/quantreg/src/ratfor/sakj	[no test files]
?   	rtdal/generated/r-files/quantreg/tests/panel	[no test files]
?   	rtdal/generated/r-files/quantreg/tests/rq	[no test files]
?   	rtdal/generated/r-files/quantreg/tests/rq.fit.panel	[no test files]
?   	rtdal/generated/r-files/quantreg/tests/run-demos	[no test files]
?   	rtdal/generated/r-files/randomForest/R/MDSplot	[no test files]
?   	rtdal/generated/r-files/randomForest/R/classCenter	[no test files]
?   	rtdal/generated/r-files/randomForest/R/combine	[no test files]
?   	rtdal/generated/r-files/randomForest/R/getTree	[no test files]
?   	rtdal/generated/r-files/randomForest/R/grow	[no test files]
?   	rtdal/generated/r-files/randomForest/R/importance	[no test files]
?   	rtdal/generated/r-files/randomForest/R/margin	[no test files]
?   	rtdal/generated/r-files/randomForest/R/na.roughfix	[no test files]
?   	rtdal/generated/r-files/randomForest/R/outlier	[no test files]
?   	rtdal/generated/r-files/randomForest/R/partialPlot	[no test files]
?   	rtdal/generated/r-files/randomForest/R/plot.randomForest	[no test files]
?   	rtdal/generated/r-files/randomForest/R/predict.randomForest	[no test files]
?   	rtdal/generated/r-files/randomForest/R/print.randomForest	[no test files]
?   	rtdal/generated/r-files/randomForest/R/randomForest	[no test files]
?   	rtdal/generated/r-files/randomForest/R/randomForest.default	[no test files]
?   	rtdal/generated/r-files/randomForest/R/randomForest.formula	[no test files]
?   	rtdal/generated/r-files/randomForest/R/rfImpute	[no test files]
?   	rtdal/generated/r-files/randomForest/R/rfNews	[no test files]
?   	rtdal/generated/r-files/randomForest/R/rfcv	[no test files]
?   	rtdal/generated/r-files/randomForest/R/treesize	[no test files]
?   	rtdal/generated/r-files/randomForest/R/tuneRF	[no test files]
?   	rtdal/generated/r-files/randomForest/R/varImpPlot	[no test files]
?   	rtdal/generated/r-files/randomForest/R/varUsed	[no test files]
?   	rtdal/generated/r-files/randomForest/R/zzz	[no test files]
?   	rtdal/generated/r-files/rapidjsonr/R/rapidjsonr-package	[no test files]
?   	rtdal/generated/r-files/rappdirs/R/appdir	[no test files]
?   	rtdal/generated/r-files/rappdirs/R/cache	[no test files]
?   	rtdal/generated/r-files/rappdirs/R/data	[no test files]
?   	rtdal/generated/r-files/rappdirs/R/log	[no test files]
?   	rtdal/generated/r-files/rappdirs/R/rappdirs-package	[no test files]
?   	rtdal/generated/r-files/rappdirs/R/utils	[no test files]
?   	rtdal/generated/r-files/rappdirs/tests/testthat	[no test files]
?   	rtdal/generated/r-files/rappdirs/tests/testthat/test-appdir	[no test files]
?   	rtdal/generated/r-files/rappdirs/tests/testthat/test-cache	[no test files]
?   	rtdal/generated/r-files/rappdirs/tests/testthat/test-data	[no test files]
?   	rtdal/generated/r-files/rappdirs/tests/testthat/test-log	[no test files]
?   	rtdal/generated/r-files/rappdirs/tests/testthat/test-utils	[no test files]
?   	rtdal/generated/r-files/raster/R/AAAClasses	[no test files]
?   	rtdal/generated/r-files/raster/R/AAgeneric_functions	[no test files]
?   	rtdal/generated/r-files/raster/R/GDALtransient	[no test files]
?   	rtdal/generated/r-files/raster/R/Geary	[no test files]
?   	rtdal/generated/r-files/raster/R/RGB	[no test files]
?   	rtdal/generated/r-files/raster/R/RcppExports	[no test files]
?   	rtdal/generated/r-files/raster/R/addFiles	[no test files]
?   	rtdal/generated/r-files/raster/R/addLayer	[no test files]
?   	rtdal/generated/r-files/raster/R/adjacency	[no test files]
?   	rtdal/generated/r-files/raster/R/adjacent	[no test files]
?   	rtdal/generated/r-files/raster/R/aggregate_3d	[no test files]
?   	rtdal/generated/r-files/raster/R/aggregate_sp	[no test files]
?   	rtdal/generated/r-files/raster/R/alignExtent	[no test files]
?   	rtdal/generated/r-files/raster/R/animate	[no test files]
?   	rtdal/generated/r-files/raster/R/approxNA	[no test files]
?   	rtdal/generated/r-files/raster/R/area	[no test files]
?   	rtdal/generated/r-files/raster/R/arith	[no test files]
?   	rtdal/generated/r-files/raster/R/arith_sp	[no test files]
?   	rtdal/generated/r-files/raster/R/as.array	[no test files]
?   	rtdal/generated/r-files/raster/R/as.character	[no test files]
?   	rtdal/generated/r-files/raster/R/as.data.frame	[no test files]
?   	rtdal/generated/r-files/raster/R/as.logical	[no test files]
?   	rtdal/generated/r-files/raster/R/as.matrix	[no test files]
?   	rtdal/generated/r-files/raster/R/as.raster	[no test files]
?   	rtdal/generated/r-files/raster/R/as.spatial	[no test files]
?   	rtdal/generated/r-files/raster/R/atan2	[no test files]
?   	rtdal/generated/r-files/raster/R/bands	[no test files]
?   	rtdal/generated/r-files/raster/R/barplot	[no test files]
?   	rtdal/generated/r-files/raster/R/bbox	[no test files]
?   	rtdal/generated/r-files/raster/R/bilinearValue	[no test files]
?   	rtdal/generated/r-files/raster/R/bind	[no test files]
?   	rtdal/generated/r-files/raster/R/blend	[no test files]
?   	rtdal/generated/r-files/raster/R/blockSize	[no test files]
?   	rtdal/generated/r-files/raster/R/boundaries	[no test files]
?   	rtdal/generated/r-files/raster/R/boxplot	[no test files]
?   	rtdal/generated/r-files/raster/R/brick	[no test files]
?   	rtdal/generated/r-files/raster/R/buffer	[no test files]
?   	rtdal/generated/r-files/raster/R/calc	[no test files]
?   	rtdal/generated/r-files/raster/R/canProcessInMemory	[no test files]
?   	rtdal/generated/r-files/raster/R/cellFromLine	[no test files]
?   	rtdal/generated/r-files/raster/R/cellFromPolygon	[no test files]
?   	rtdal/generated/r-files/raster/R/cellRowCol	[no test files]
?   	rtdal/generated/r-files/raster/R/cellStats	[no test files]
?   	rtdal/generated/r-files/raster/R/cellValues	[no test files]
?   	rtdal/generated/r-files/raster/R/cellsFromExtent	[no test files]
?   	rtdal/generated/r-files/raster/R/clamp	[no test files]
?   	rtdal/generated/r-files/raster/R/clearValues	[no test files]
?   	rtdal/generated/r-files/raster/R/click	[no test files]
?   	rtdal/generated/r-files/raster/R/clump	[no test files]
?   	rtdal/generated/r-files/raster/R/clusterR	[no test files]
?   	rtdal/generated/r-files/raster/R/coerce	[no test files]
?   	rtdal/generated/r-files/raster/R/col2RGB	[no test files]
?   	rtdal/generated/r-files/raster/R/colortable	[no test files]
?   	rtdal/generated/r-files/raster/R/commonDataType	[no test files]
?   	rtdal/generated/r-files/raster/R/compare	[no test files]
?   	rtdal/generated/r-files/raster/R/compareCRS	[no test files]
?   	rtdal/generated/r-files/raster/R/compare_Logical	[no test files]
?   	rtdal/generated/r-files/raster/R/connection	[no test files]
?   	rtdal/generated/r-files/raster/R/contour	[no test files]
?   	rtdal/generated/r-files/raster/R/cor	[no test files]
?   	rtdal/generated/r-files/raster/R/corLocal	[no test files]
?   	rtdal/generated/r-files/raster/R/cover	[no test files]
?   	rtdal/generated/r-files/raster/R/coverBrick	[no test files]
?   	rtdal/generated/r-files/raster/R/coverPolygons	[no test files]
?   	rtdal/generated/r-files/raster/R/crop	[no test files]
?   	rtdal/generated/r-files/raster/R/cropSpatial	[no test files]
?   	rtdal/generated/r-files/raster/R/crosstab	[no test files]
?   	rtdal/generated/r-files/raster/R/cut	[no test files]
?   	rtdal/generated/r-files/raster/R/cv	[no test files]
?   	rtdal/generated/r-files/raster/R/dataProperties	[no test files]
?   	rtdal/generated/r-files/raster/R/dataType	[no test files]
?   	rtdal/generated/r-files/raster/R/density	[no test files]
?   	rtdal/generated/r-files/raster/R/destair	[no test files]
?   	rtdal/generated/r-files/raster/R/dim	[no test files]
?   	rtdal/generated/r-files/raster/R/direction	[no test files]
?   	rtdal/generated/r-files/raster/R/disaggregate	[no test files]
?   	rtdal/generated/r-files/raster/R/distance	[no test files]
?   	rtdal/generated/r-files/raster/R/distanceFromPoints	[no test files]
?   	rtdal/generated/r-files/raster/R/distanceRows	[no test files]
?   	rtdal/generated/r-files/raster/R/distanceToEdge	[no test files]
?   	rtdal/generated/r-files/raster/R/dotdens	[no test files]
?   	rtdal/generated/r-files/raster/R/drawExtent	[no test files]
?   	rtdal/generated/r-files/raster/R/drawPoly	[no test files]
?   	rtdal/generated/r-files/raster/R/drivers	[no test files]
?   	rtdal/generated/r-files/raster/R/dropLayer	[no test files]
?   	rtdal/generated/r-files/raster/R/erase	[no test files]
?   	rtdal/generated/r-files/raster/R/extend	[no test files]
?   	rtdal/generated/r-files/raster/R/extension	[no test files]
?   	rtdal/generated/r-files/raster/R/extent	[no test files]
?   	rtdal/generated/r-files/raster/R/extentUnion	[no test files]
?   	rtdal/generated/r-files/raster/R/extract	[no test files]
?   	rtdal/generated/r-files/raster/R/extractExtent	[no test files]
?   	rtdal/generated/r-files/raster/R/extractLines	[no test files]
?   	rtdal/generated/r-files/raster/R/extractPoints	[no test files]
?   	rtdal/generated/r-files/raster/R/extractPoints_sp	[no test files]
?   	rtdal/generated/r-files/raster/R/extractPolygons	[no test files]
?   	rtdal/generated/r-files/raster/R/factor	[no test files]
?   	rtdal/generated/r-files/raster/R/fasterize	[no test files]
?   	rtdal/generated/r-files/raster/R/filler	[no test files]
?   	rtdal/generated/r-files/raster/R/fixDBFnames	[no test files]
?   	rtdal/generated/r-files/raster/R/flip	[no test files]
?   	rtdal/generated/r-files/raster/R/flowpath	[no test files]
?   	rtdal/generated/r-files/raster/R/focal	[no test files]
?   	rtdal/generated/r-files/raster/R/focalFun	[no test files]
?   	rtdal/generated/r-files/raster/R/focalWeight	[no test files]
?   	rtdal/generated/r-files/raster/R/fourCellsFromXY	[no test files]
?   	rtdal/generated/r-files/raster/R/frbind	[no test files]
?   	rtdal/generated/r-files/raster/R/freq	[no test files]
?   	rtdal/generated/r-files/raster/R/fullFileName	[no test files]
?   	rtdal/generated/r-files/raster/R/gainoffset	[no test files]
?   	rtdal/generated/r-files/raster/R/gdal	[no test files]
?   	rtdal/generated/r-files/raster/R/gdalFormats	[no test files]
?   	rtdal/generated/r-files/raster/R/geom	[no test files]
?   	rtdal/generated/r-files/raster/R/getData	[no test files]
?   	rtdal/generated/r-files/raster/R/getValues	[no test files]
?   	rtdal/generated/r-files/raster/R/getValuesBlock	[no test files]
?   	rtdal/generated/r-files/raster/R/getValuesFocal	[no test files]
?   	rtdal/generated/r-files/raster/R/getValuesRows	[no test files]
?   	rtdal/generated/r-files/raster/R/gridDistance	[no test files]
?   	rtdal/generated/r-files/raster/R/gridDistance2	[no test files]
?   	rtdal/generated/r-files/raster/R/hdr	[no test files]
?   	rtdal/generated/r-files/raster/R/hdrBIL	[no test files]
?   	rtdal/generated/r-files/raster/R/hdrBov	[no test files]
?   	rtdal/generated/r-files/raster/R/hdrEnvi	[no test files]
?   	rtdal/generated/r-files/raster/R/hdrErdasRaw	[no test files]
?   	rtdal/generated/r-files/raster/R/hdrIDRISI	[no test files]
?   	rtdal/generated/r-files/raster/R/hdrPRJ	[no test files]
?   	rtdal/generated/r-files/raster/R/hdrRaster	[no test files]
?   	rtdal/generated/r-files/raster/R/hdrSAGA	[no test files]
?   	rtdal/generated/r-files/raster/R/hdrVRT	[no test files]
?   	rtdal/generated/r-files/raster/R/hdrWorldFile	[no test files]
?   	rtdal/generated/r-files/raster/R/head	[no test files]
?   	rtdal/generated/r-files/raster/R/hillShade	[no test files]
?   	rtdal/generated/r-files/raster/R/hist	[no test files]
?   	rtdal/generated/r-files/raster/R/idwValue	[no test files]
?   	rtdal/generated/r-files/raster/R/ifelse	[no test files]
?   	rtdal/generated/r-files/raster/R/image	[no test files]
?   	rtdal/generated/r-files/raster/R/imageplot	[no test files]
?   	rtdal/generated/r-files/raster/R/imageplot2	[no test files]
?   	rtdal/generated/r-files/raster/R/index	[no test files]
?   	rtdal/generated/r-files/raster/R/indexReplace	[no test files]
?   	rtdal/generated/r-files/raster/R/indexReplaceBrick	[no test files]
?   	rtdal/generated/r-files/raster/R/inifile	[no test files]
?   	rtdal/generated/r-files/raster/R/init	[no test files]
?   	rtdal/generated/r-files/raster/R/intDataType	[no test files]
?   	rtdal/generated/r-files/raster/R/interpolate	[no test files]
?   	rtdal/generated/r-files/raster/R/intersect	[no test files]
?   	rtdal/generated/r-files/raster/R/intersect_sp	[no test files]
?   	rtdal/generated/r-files/raster/R/is.na	[no test files]
?   	rtdal/generated/r-files/raster/R/isLonLat	[no test files]
?   	rtdal/generated/r-files/raster/R/kernelDens	[no test files]
?   	rtdal/generated/r-files/raster/R/kernelDensity	[no test files]
?   	rtdal/generated/r-files/raster/R/kml	[no test files]
?   	rtdal/generated/r-files/raster/R/kml_multiple	[no test files]
?   	rtdal/generated/r-files/raster/R/labels	[no test files]
?   	rtdal/generated/r-files/raster/R/layerStats	[no test files]
?   	rtdal/generated/r-files/raster/R/layerize	[no test files]
?   	rtdal/generated/r-files/raster/R/localFun	[no test files]
?   	rtdal/generated/r-files/raster/R/makeProjString	[no test files]
?   	rtdal/generated/r-files/raster/R/makeRasterList	[no test files]
?   	rtdal/generated/r-files/raster/R/makeTiles	[no test files]
?   	rtdal/generated/r-files/raster/R/mask	[no test files]
?   	rtdal/generated/r-files/raster/R/match	[no test files]
?   	rtdal/generated/r-files/raster/R/math	[no test files]
?   	rtdal/generated/r-files/raster/R/maxDataType	[no test files]
?   	rtdal/generated/r-files/raster/R/mean	[no test files]
?   	rtdal/generated/r-files/raster/R/median	[no test files]
?   	rtdal/generated/r-files/raster/R/merge	[no test files]
?   	rtdal/generated/r-files/raster/R/metadata	[no test files]
?   	rtdal/generated/r-files/raster/R/minValue	[no test files]
?   	rtdal/generated/r-files/raster/R/modal	[no test files]
?   	rtdal/generated/r-files/raster/R/modalRaster	[no test files]
?   	rtdal/generated/r-files/raster/R/moran	[no test files]
?   	rtdal/generated/r-files/raster/R/mosaic	[no test files]
?   	rtdal/generated/r-files/raster/R/movingFun	[no test files]
?   	rtdal/generated/r-files/raster/R/multiCore	[no test files]
?   	rtdal/generated/r-files/raster/R/naValue	[no test files]
?   	rtdal/generated/r-files/raster/R/names	[no test files]
?   	rtdal/generated/r-files/raster/R/ncell	[no test files]
?   	rtdal/generated/r-files/raster/R/netCDFread	[no test files]
?   	rtdal/generated/r-files/raster/R/netCDFreadCells	[no test files]
?   	rtdal/generated/r-files/raster/R/netCDFtoRasterCD	[no test files]
?   	rtdal/generated/r-files/raster/R/netCDFtoRasterGMT	[no test files]
?   	rtdal/generated/r-files/raster/R/netCDFtoStack	[no test files]
?   	rtdal/generated/r-files/raster/R/netCDFutil	[no test files]
?   	rtdal/generated/r-files/raster/R/netCDFwriteCD	[no test files]
?   	rtdal/generated/r-files/raster/R/newPLot	[no test files]
?   	rtdal/generated/r-files/raster/R/nlayers	[no test files]
?   	rtdal/generated/r-files/raster/R/notused	[no test files]
?   	rtdal/generated/r-files/raster/R/nsidcICE	[no test files]
?   	rtdal/generated/r-files/raster/R/origin	[no test files]
?   	rtdal/generated/r-files/raster/R/overlay	[no test files]
?   	rtdal/generated/r-files/raster/R/pairs	[no test files]
?   	rtdal/generated/r-files/raster/R/persp	[no test files]
?   	rtdal/generated/r-files/raster/R/plot	[no test files]
?   	rtdal/generated/r-files/raster/R/plot2rasters	[no test files]
?   	rtdal/generated/r-files/raster/R/plotCT	[no test files]
?   	rtdal/generated/r-files/raster/R/plotExent	[no test files]
?   	rtdal/generated/r-files/raster/R/plotRGB	[no test files]
?   	rtdal/generated/r-files/raster/R/plotRaster	[no test files]
?   	rtdal/generated/r-files/raster/R/plotRaster2	[no test files]
?   	rtdal/generated/r-files/raster/R/pointdistance	[no test files]
?   	rtdal/generated/r-files/raster/R/predict	[no test files]
?   	rtdal/generated/r-files/raster/R/print	[no test files]
?   	rtdal/generated/r-files/raster/R/progressBar	[no test files]
?   	rtdal/generated/r-files/raster/R/project	[no test files]
?   	rtdal/generated/r-files/raster/R/projectRaster	[no test files]
?   	rtdal/generated/r-files/raster/R/projection	[no test files]
?   	rtdal/generated/r-files/raster/R/properties	[no test files]
?   	rtdal/generated/r-files/raster/R/quad	[no test files]
?   	rtdal/generated/r-files/raster/R/quantile	[no test files]
?   	rtdal/generated/r-files/raster/R/randomize	[no test files]
?   	rtdal/generated/r-files/raster/R/range	[no test files]
?   	rtdal/generated/r-files/raster/R/raster	[no test files]
?   	rtdal/generated/r-files/raster/R/rasterFromASCII	[no test files]
?   	rtdal/generated/r-files/raster/R/rasterFromBIL	[no test files]
?   	rtdal/generated/r-files/raster/R/rasterFromCells	[no test files]
?   	rtdal/generated/r-files/raster/R/rasterFromFile	[no test files]
?   	rtdal/generated/r-files/raster/R/rasterFromGDAL	[no test files]
?   	rtdal/generated/r-files/raster/R/rasterFromIDRISI	[no test files]
?   	rtdal/generated/r-files/raster/R/rasterFromRasterFile	[no test files]
?   	rtdal/generated/r-files/raster/R/rasterFromSAGA	[no test files]
?   	rtdal/generated/r-files/raster/R/rasterFromSurferFile	[no test files]
?   	rtdal/generated/r-files/raster/R/rasterFromXYZ	[no test files]
?   	rtdal/generated/r-files/raster/R/rasterOptions	[no test files]
?   	rtdal/generated/r-files/raster/R/rasterToPoints	[no test files]
?   	rtdal/generated/r-files/raster/R/rasterToPolygons	[no test files]
?   	rtdal/generated/r-files/raster/R/rasterize	[no test files]
?   	rtdal/generated/r-files/raster/R/rasterizeLines	[no test files]
?   	rtdal/generated/r-files/raster/R/rasterizePoints	[no test files]
?   	rtdal/generated/r-files/raster/R/rasterizePointsNGB	[no test files]
?   	rtdal/generated/r-files/raster/R/rasterizePolygons	[no test files]
?   	rtdal/generated/r-files/raster/R/ratify	[no test files]
?   	rtdal/generated/r-files/raster/R/read	[no test files]
?   	rtdal/generated/r-files/raster/R/readAscii	[no test files]
?   	rtdal/generated/r-files/raster/R/readCells	[no test files]
?   	rtdal/generated/r-files/raster/R/readCellsGDAL	[no test files]
?   	rtdal/generated/r-files/raster/R/readRasterBrick	[no test files]
?   	rtdal/generated/r-files/raster/R/readRasterLayer	[no test files]
?   	rtdal/generated/r-files/raster/R/reclassify	[no test files]
?   	rtdal/generated/r-files/raster/R/rectify	[no test files]
?   	rtdal/generated/r-files/raster/R/replaceProperties	[no test files]
?   	rtdal/generated/r-files/raster/R/resample	[no test files]
?   	rtdal/generated/r-files/raster/R/rotate	[no test files]
?   	rtdal/generated/r-files/raster/R/roundExtent	[no test files]
?   	rtdal/generated/r-files/raster/R/rowMinMax	[no test files]
?   	rtdal/generated/r-files/raster/R/rowSums	[no test files]
?   	rtdal/generated/r-files/raster/R/sampleAlong	[no test files]
?   	rtdal/generated/r-files/raster/R/sampleInt	[no test files]
?   	rtdal/generated/r-files/raster/R/sampleRandom	[no test files]
?   	rtdal/generated/r-files/raster/R/sampleRegular	[no test files]
?   	rtdal/generated/r-files/raster/R/sampleStratified	[no test files]
?   	rtdal/generated/r-files/raster/R/scale	[no test files]
?   	rtdal/generated/r-files/raster/R/scalebar	[no test files]
?   	rtdal/generated/r-files/raster/R/select	[no test files]
?   	rtdal/generated/r-files/raster/R/setCV	[no test files]
?   	rtdal/generated/r-files/raster/R/setExtent	[no test files]
?   	rtdal/generated/r-files/raster/R/setFileExt	[no test files]
?   	rtdal/generated/r-files/raster/R/setMinMax	[no test files]
?   	rtdal/generated/r-files/raster/R/setValues	[no test files]
?   	rtdal/generated/r-files/raster/R/setZ	[no test files]
?   	rtdal/generated/r-files/raster/R/sf	[no test files]
?   	rtdal/generated/r-files/raster/R/shift	[no test files]
?   	rtdal/generated/r-files/raster/R/show	[no test files]
?   	rtdal/generated/r-files/raster/R/shp	[no test files]
?   	rtdal/generated/r-files/raster/R/simplifyPols	[no test files]
?   	rtdal/generated/r-files/raster/R/slopeAspect	[no test files]
?   	rtdal/generated/r-files/raster/R/sparse	[no test files]
?   	rtdal/generated/r-files/raster/R/speasy	[no test files]
?   	rtdal/generated/r-files/raster/R/spplot	[no test files]
?   	rtdal/generated/r-files/raster/R/srs	[no test files]
?   	rtdal/generated/r-files/raster/R/stack	[no test files]
?   	rtdal/generated/r-files/raster/R/stackApply	[no test files]
?   	rtdal/generated/r-files/raster/R/stackFile	[no test files]
?   	rtdal/generated/r-files/raster/R/stackQuick	[no test files]
?   	rtdal/generated/r-files/raster/R/stackSelect	[no test files]
?   	rtdal/generated/r-files/raster/R/stretch	[no test files]
?   	rtdal/generated/r-files/raster/R/subs	[no test files]
?   	rtdal/generated/r-files/raster/R/subset	[no test files]
?   	rtdal/generated/r-files/raster/R/summary	[no test files]
?   	rtdal/generated/r-files/raster/R/summary-methods	[no test files]
?   	rtdal/generated/r-files/raster/R/symdif	[no test files]
?   	rtdal/generated/r-files/raster/R/terrain	[no test files]
?   	rtdal/generated/r-files/raster/R/text	[no test files]
?   	rtdal/generated/r-files/raster/R/tmpFile	[no test files]
?   	rtdal/generated/r-files/raster/R/transpose	[no test files]
?   	rtdal/generated/r-files/raster/R/trim	[no test files]
?   	rtdal/generated/r-files/raster/R/union	[no test files]
?   	rtdal/generated/r-files/raster/R/union_sp	[no test files]
?   	rtdal/generated/r-files/raster/R/unique	[no test files]
?   	rtdal/generated/r-files/raster/R/unstack	[no test files]
?   	rtdal/generated/r-files/raster/R/update	[no test files]
?   	rtdal/generated/r-files/raster/R/validCell	[no test files]
?   	rtdal/generated/r-files/raster/R/values	[no test files]
?   	rtdal/generated/r-files/raster/R/weighted.mean	[no test files]
?   	rtdal/generated/r-files/raster/R/which	[no test files]
?   	rtdal/generated/r-files/raster/R/which.max	[no test files]
?   	rtdal/generated/r-files/raster/R/whiches.max	[no test files]
?   	rtdal/generated/r-files/raster/R/writeAllAscii	[no test files]
?   	rtdal/generated/r-files/raster/R/writeAllGDAL	[no test files]
?   	rtdal/generated/r-files/raster/R/writeAllRaster	[no test files]
?   	rtdal/generated/r-files/raster/R/writeRaster	[no test files]
?   	rtdal/generated/r-files/raster/R/writeStartStop	[no test files]
?   	rtdal/generated/r-files/raster/R/writeStartStopAscii	[no test files]
?   	rtdal/generated/r-files/raster/R/writeStartStopGDAL	[no test files]
?   	rtdal/generated/r-files/raster/R/writeStartStopRaster	[no test files]
?   	rtdal/generated/r-files/raster/R/writeValues	[no test files]
?   	rtdal/generated/r-files/raster/R/xyCell	[no test files]
?   	rtdal/generated/r-files/raster/R/xyMinMax	[no test files]
?   	rtdal/generated/r-files/raster/R/xyResolution	[no test files]
?   	rtdal/generated/r-files/raster/R/xyValuesBuffer	[no test files]
?   	rtdal/generated/r-files/raster/R/zApply	[no test files]
?   	rtdal/generated/r-files/raster/R/zonal	[no test files]
?   	rtdal/generated/r-files/raster/R/zoom	[no test files]
?   	rtdal/generated/r-files/raster/R/zzz	[no test files]
?   	rtdal/generated/r-files/raster/inst/tinytest/test_getvaluesblock	[no test files]
?   	rtdal/generated/r-files/raster/inst/tinytest/test_rasterize	[no test files]
?   	rtdal/generated/r-files/raster/inst/tinytest/test_sf-coercion	[no test files]
?   	rtdal/generated/r-files/raster/inst/tinytest/test_subset	[no test files]
?   	rtdal/generated/r-files/raster/inst/tinytest/test_wkt_grd	[no test files]
?   	rtdal/generated/r-files/raster/inst/tinytest/tinytest	[no test files]
?   	rtdal/generated/r-files/raster/tests/tinytest	[no test files]
?   	rtdal/generated/r-files/rlang/R/aaa	[no test files]
?   	rtdal/generated/r-files/rlang/R/aaa-topics	[no test files]
?   	rtdal/generated/r-files/rlang/R/arg	[no test files]
?   	rtdal/generated/r-files/rlang/R/attr	[no test files]
?   	rtdal/generated/r-files/rlang/R/bytes	[no test files]
?   	rtdal/generated/r-files/rlang/R/c-lib	[no test files]
?   	rtdal/generated/r-files/rlang/R/call	[no test files]
?   	rtdal/generated/r-files/rlang/R/cnd	[no test files]
?   	rtdal/generated/r-files/rlang/R/cnd-abort	[no test files]
?   	rtdal/generated/r-files/rlang/R/cnd-entrace	[no test files]
?   	rtdal/generated/r-files/rlang/R/cnd-handlers	[no test files]
?   	rtdal/generated/r-files/rlang/R/cnd-last	[no test files]
?   	rtdal/generated/r-files/rlang/R/cnd-message	[no test files]
?   	rtdal/generated/r-files/rlang/R/cnd-signal	[no test files]
?   	rtdal/generated/r-files/rlang/R/deparse	[no test files]
?   	rtdal/generated/r-files/rlang/R/doc-data-masking	[no test files]
?   	rtdal/generated/r-files/rlang/R/dots	[no test files]
?   	rtdal/generated/r-files/rlang/R/dots-ellipsis	[no test files]
?   	rtdal/generated/r-files/rlang/R/dots-info	[no test files]
?   	rtdal/generated/r-files/rlang/R/env	[no test files]
?   	rtdal/generated/r-files/rlang/R/env-binding	[no test files]
?   	rtdal/generated/r-files/rlang/R/env-special	[no test files]
?   	rtdal/generated/r-files/rlang/R/eval	[no test files]
?   	rtdal/generated/r-files/rlang/R/eval-tidy	[no test files]
?   	rtdal/generated/r-files/rlang/R/expr	[no test files]
?   	rtdal/generated/r-files/rlang/R/faq	[no test files]
?   	rtdal/generated/r-files/rlang/R/fn	[no test files]
?   	rtdal/generated/r-files/rlang/R/formula	[no test files]
?   	rtdal/generated/r-files/rlang/R/hash	[no test files]
?   	rtdal/generated/r-files/rlang/R/import-standalone-defer	[no test files]
?   	rtdal/generated/r-files/rlang/R/lifecycle-deprecated	[no test files]
?   	rtdal/generated/r-files/rlang/R/lifecycle-superseded	[no test files]
?   	rtdal/generated/r-files/rlang/R/names	[no test files]
?   	rtdal/generated/r-files/rlang/R/node	[no test files]
?   	rtdal/generated/r-files/rlang/R/nse-defuse	[no test files]
?   	rtdal/generated/r-files/rlang/R/nse-inject	[no test files]
?   	rtdal/generated/r-files/rlang/R/obj	[no test files]
?   	rtdal/generated/r-files/rlang/R/operators	[no test files]
?   	rtdal/generated/r-files/rlang/R/parse	[no test files]
?   	rtdal/generated/r-files/rlang/R/quo	[no test files]
?   	rtdal/generated/r-files/rlang/R/raw	[no test files]
?   	rtdal/generated/r-files/rlang/R/rlang-package	[no test files]
?   	rtdal/generated/r-files/rlang/R/s3	[no test files]
?   	rtdal/generated/r-files/rlang/R/session	[no test files]
?   	rtdal/generated/r-files/rlang/R/stack	[no test files]
?   	rtdal/generated/r-files/rlang/R/standalone-cli	[no test files]
?   	rtdal/generated/r-files/rlang/R/standalone-downstream-deps	[no test files]
?   	rtdal/generated/r-files/rlang/R/standalone-lazyeval	[no test files]
?   	rtdal/generated/r-files/rlang/R/standalone-lifecycle	[no test files]
?   	rtdal/generated/r-files/rlang/R/standalone-linked-version	[no test files]
?   	rtdal/generated/r-files/rlang/R/standalone-obj-type	[no test files]
?   	rtdal/generated/r-files/rlang/R/standalone-purrr	[no test files]
?   	rtdal/generated/r-files/rlang/R/standalone-rlang	[no test files]
?   	rtdal/generated/r-files/rlang/R/standalone-s3-register	[no test files]
?   	rtdal/generated/r-files/rlang/R/standalone-sizes	[no test files]
?   	rtdal/generated/r-files/rlang/R/standalone-types-check	[no test files]
?   	rtdal/generated/r-files/rlang/R/standalone-vctrs	[no test files]
?   	rtdal/generated/r-files/rlang/R/standalone-zeallot	[no test files]
?   	rtdal/generated/r-files/rlang/R/state	[no test files]
?   	rtdal/generated/r-files/rlang/R/sym	[no test files]
?   	rtdal/generated/r-files/rlang/R/topic-errors	[no test files]
?   	rtdal/generated/r-files/rlang/R/topic-nse	[no test files]
?   	rtdal/generated/r-files/rlang/R/trace	[no test files]
?   	rtdal/generated/r-files/rlang/R/type-check	[no test files]
?   	rtdal/generated/r-files/rlang/R/type-check-number	[no test files]
?   	rtdal/generated/r-files/rlang/R/type-check-scalar	[no test files]
?   	rtdal/generated/r-files/rlang/R/type-check-tabular	[no test files]
?   	rtdal/generated/r-files/rlang/R/types	[no test files]
?   	rtdal/generated/r-files/rlang/R/utils	[no test files]
?   	rtdal/generated/r-files/rlang/R/utils-cli-tree	[no test files]
?   	rtdal/generated/r-files/rlang/R/utils-encoding	[no test files]
?   	rtdal/generated/r-files/rlang/R/vec	[no test files]
?   	rtdal/generated/r-files/rlang/R/vec-na	[no test files]
?   	rtdal/generated/r-files/rlang/R/vec-new	[no test files]
?   	rtdal/generated/r-files/rlang/R/weakref	[no test files]
?   	rtdal/generated/r-files/rlang/R/zzz	[no test files]
?   	rtdal/generated/r-files/rlang/man/notes/handling-introspection	[no test files]
?   	rtdal/generated/r-files/rlang/tests/sink	[no test files]
?   	rtdal/generated/r-files/rlang/tests/testthat	[no test files]
?   	rtdal/generated/r-files/rlang/tests/testthat/fixtures/error-backtrace	[no test files]
?   	rtdal/generated/r-files/rlang/tests/testthat/fixtures/error-backtrace-conditionMessage	[no test files]
?   	rtdal/generated/r-files/rlang/tests/testthat/fixtures/error-backtrace-empty	[no test files]
?   	rtdal/generated/r-files/rlang/tests/testthat/fixtures/error-backtrace-parent	[no test files]
?   	rtdal/generated/r-files/rlang/tests/testthat/fixtures/error-backtrace-rethrown	[no test files]
?   	rtdal/generated/r-files/rlang/tests/testthat/fixtures/error-entrace	[no test files]
?   	rtdal/generated/r-files/rlang/tests/testthat/fixtures/error-show-messages	[no test files]
?   	rtdal/generated/r-files/rlang/tests/testthat/fixtures/rlanglibtest/R/rlanglibtest	[no test files]
?   	rtdal/generated/r-files/rlang/tests/testthat/fixtures/rlanglibtest/tests/testthat	[no test files]
?   	rtdal/generated/r-files/rlang/tests/testthat/fixtures/rlanglibtest/tests/testthat/test-quo-accessors	[no test files]
?   	rtdal/generated/r-files/rlang/tests/testthat/fixtures/trace-srcref	[no test files]
?   	rtdal/generated/r-files/rlang/tests/testthat/helper-c-api	[no test files]
?   	rtdal/generated/r-files/rlang/tests/testthat/helper-capture	[no test files]
?   	rtdal/generated/r-files/rlang/tests/testthat/helper-cli	[no test files]
?   	rtdal/generated/r-files/rlang/tests/testthat/helper-cnd	[no test files]
?   	rtdal/generated/r-files/rlang/tests/testthat/helper-locale	[no test files]
?   	rtdal/generated/r-files/rlang/tests/testthat/helper-package	[no test files]
?   	rtdal/generated/r-files/rlang/tests/testthat/helper-performance	[no test files]
?   	rtdal/generated/r-files/rlang/tests/testthat/helper-print	[no test files]
?   	rtdal/generated/r-files/rlang/tests/testthat/helper-rlang	[no test files]
?   	rtdal/generated/r-files/rlang/tests/testthat/helper-trace	[no test files]
?   	rtdal/generated/r-files/rlang/tests/testthat/setup-tests	[no test files]
?   	rtdal/generated/r-files/rlang/tests/testthat/teardown-tests	[no test files]
?   	rtdal/generated/r-files/rlang/tests/testthat/test-arg	[no test files]
?   	rtdal/generated/r-files/rlang/tests/testthat/test-attr	[no test files]
?   	rtdal/generated/r-files/rlang/tests/testthat/test-bytes	[no test files]
?   	rtdal/generated/r-files/rlang/tests/testthat/test-c-api	[no test files]
?   	rtdal/generated/r-files/rlang/tests/testthat/test-call	[no test files]
?   	rtdal/generated/r-files/rlang/tests/testthat/test-cnd	[no test files]
?   	rtdal/generated/r-files/rlang/tests/testthat/test-cnd-abort	[no test files]
?   	rtdal/generated/r-files/rlang/tests/testthat/test-cnd-entrace	[no test files]
?   	rtdal/generated/r-files/rlang/tests/testthat/test-cnd-handlers	[no test files]
?   	rtdal/generated/r-files/rlang/tests/testthat/test-cnd-message	[no test files]
?   	rtdal/generated/r-files/rlang/tests/testthat/test-cnd-signal	[no test files]
?   	rtdal/generated/r-files/rlang/tests/testthat/test-deparse	[no test files]
?   	rtdal/generated/r-files/rlang/tests/testthat/test-deprecated	[no test files]
?   	rtdal/generated/r-files/rlang/tests/testthat/test-deprecated-vec-squash	[no test files]
?   	rtdal/generated/r-files/rlang/tests/testthat/test-dots	[no test files]
?   	rtdal/generated/r-files/rlang/tests/testthat/test-dots-ellipsis	[no test files]
?   	rtdal/generated/r-files/rlang/tests/testthat/test-dots-info	[no test files]
?   	rtdal/generated/r-files/rlang/tests/testthat/test-encoding	[no test files]
?   	rtdal/generated/r-files/rlang/tests/testthat/test-env	[no test files]
?   	rtdal/generated/r-files/rlang/tests/testthat/test-env-binding	[no test files]
?   	rtdal/generated/r-files/rlang/tests/testthat/test-env-special	[no test files]
?   	rtdal/generated/r-files/rlang/tests/testthat/test-eval	[no test files]
?   	rtdal/generated/r-files/rlang/tests/testthat/test-eval-tidy	[no test files]
?   	rtdal/generated/r-files/rlang/tests/testthat/test-expr	[no test files]
?   	rtdal/generated/r-files/rlang/tests/testthat/test-fn	[no test files]
?   	rtdal/generated/r-files/rlang/tests/testthat/test-formula	[no test files]
?   	rtdal/generated/r-files/rlang/tests/testthat/test-friendly-type	[no test files]
?   	rtdal/generated/r-files/rlang/tests/testthat/test-hash	[no test files]
?   	rtdal/generated/r-files/rlang/tests/testthat/test-lifecycle	[no test files]
?   	rtdal/generated/r-files/rlang/tests/testthat/test-names	[no test files]
?   	rtdal/generated/r-files/rlang/tests/testthat/test-node	[no test files]
?   	rtdal/generated/r-files/rlang/tests/testthat/test-nse-defuse	[no test files]
?   	rtdal/generated/r-files/rlang/tests/testthat/test-nse-inject	[no test files]
?   	rtdal/generated/r-files/rlang/tests/testthat/test-obj	[no test files]
?   	rtdal/generated/r-files/rlang/tests/testthat/test-operators	[no test files]
?   	rtdal/generated/r-files/rlang/tests/testthat/test-parse	[no test files]
?   	rtdal/generated/r-files/rlang/tests/testthat/test-quo	[no test files]
?   	rtdal/generated/r-files/rlang/tests/testthat/test-raw	[no test files]
?   	rtdal/generated/r-files/rlang/tests/testthat/test-s3	[no test files]
?   	rtdal/generated/r-files/rlang/tests/testthat/test-session	[no test files]
?   	rtdal/generated/r-files/rlang/tests/testthat/test-stack	[no test files]
?   	rtdal/generated/r-files/rlang/tests/testthat/test-standalone	[no test files]
?   	rtdal/generated/r-files/rlang/tests/testthat/test-standalone-cli	[no test files]
?   	rtdal/generated/r-files/rlang/tests/testthat/test-standalone-downstream-deps	[no test files]
?   	rtdal/generated/r-files/rlang/tests/testthat/test-standalone-obj-type	[no test files]
?   	rtdal/generated/r-files/rlang/tests/testthat/test-standalone-purrr	[no test files]
?   	rtdal/generated/r-files/rlang/tests/testthat/test-standalone-rlang	[no test files]
?   	rtdal/generated/r-files/rlang/tests/testthat/test-standalone-s3-register	[no test files]
?   	rtdal/generated/r-files/rlang/tests/testthat/test-standalone-types-check	[no test files]
?   	rtdal/generated/r-files/rlang/tests/testthat/test-standalone-vctrs	[no test files]
?   	rtdal/generated/r-files/rlang/tests/testthat/test-standalone-zeallot	[no test files]
?   	rtdal/generated/r-files/rlang/tests/testthat/test-state	[no test files]
?   	rtdal/generated/r-files/rlang/tests/testthat/test-sym	[no test files]
?   	rtdal/generated/r-files/rlang/tests/testthat/test-trace	[no test files]
?   	rtdal/generated/r-files/rlang/tests/testthat/test-type-check	[no test files]
?   	rtdal/generated/r-files/rlang/tests/testthat/test-types	[no test files]
?   	rtdal/generated/r-files/rlang/tests/testthat/test-utils	[no test files]
?   	rtdal/generated/r-files/rlang/tests/testthat/test-vec	[no test files]
?   	rtdal/generated/r-files/rlang/tests/testthat/test-vec-new	[no test files]
?   	rtdal/generated/r-files/rlang/tests/testthat/test-vec-utils	[no test files]
?   	rtdal/generated/r-files/rlang/tests/testthat/test-weakref	[no test files]
?   	rtdal/generated/r-files/rmarkdown/R/base64	[no test files]
?   	rtdal/generated/r-files/rmarkdown/R/beamer_presentation	[no test files]
?   	rtdal/generated/r-files/rmarkdown/R/context_document	[no test files]
?   	rtdal/generated/r-files/rmarkdown/R/draft	[no test files]
?   	rtdal/generated/r-files/rmarkdown/R/github_document	[no test files]
?   	rtdal/generated/r-files/rmarkdown/R/html_dependencies	[no test files]
?   	rtdal/generated/r-files/rmarkdown/R/html_document	[no test files]
?   	rtdal/generated/r-files/rmarkdown/R/html_document_base	[no test files]
?   	rtdal/generated/r-files/rmarkdown/R/html_extras	[no test files]
?   	rtdal/generated/r-files/rmarkdown/R/html_fragment	[no test files]
?   	rtdal/generated/r-files/rmarkdown/R/html_notebook	[no test files]
?   	rtdal/generated/r-files/rmarkdown/R/html_notebook_output	[no test files]
?   	rtdal/generated/r-files/rmarkdown/R/html_paged	[no test files]
?   	rtdal/generated/r-files/rmarkdown/R/html_parser	[no test files]
?   	rtdal/generated/r-files/rmarkdown/R/html_resource_copy	[no test files]
?   	rtdal/generated/r-files/rmarkdown/R/html_resources	[no test files]
?   	rtdal/generated/r-files/rmarkdown/R/html_vignette	[no test files]
?   	rtdal/generated/r-files/rmarkdown/R/includes	[no test files]
?   	rtdal/generated/r-files/rmarkdown/R/ioslides_presentation	[no test files]
?   	rtdal/generated/r-files/rmarkdown/R/jupyter	[no test files]
?   	rtdal/generated/r-files/rmarkdown/R/knit_print	[no test files]
?   	rtdal/generated/r-files/rmarkdown/R/latex_dependencies	[no test files]
?   	rtdal/generated/r-files/rmarkdown/R/list_builder	[no test files]
?   	rtdal/generated/r-files/rmarkdown/R/md_document	[no test files]
?   	rtdal/generated/r-files/rmarkdown/R/odt_document	[no test files]
?   	rtdal/generated/r-files/rmarkdown/R/output_format	[no test files]
?   	rtdal/generated/r-files/rmarkdown/R/pandoc	[no test files]
?   	rtdal/generated/r-files/rmarkdown/R/params	[no test files]
?   	rtdal/generated/r-files/rmarkdown/R/pdf_document	[no test files]
?   	rtdal/generated/r-files/rmarkdown/R/performance	[no test files]
?   	rtdal/generated/r-files/rmarkdown/R/powerpoint_presentation	[no test files]
?   	rtdal/generated/r-files/rmarkdown/R/publish_site	[no test files]
?   	rtdal/generated/r-files/rmarkdown/R/relative_to	[no test files]
?   	rtdal/generated/r-files/rmarkdown/R/render	[no test files]
?   	rtdal/generated/r-files/rmarkdown/R/render_html	[no test files]
?   	rtdal/generated/r-files/rmarkdown/R/render_site	[no test files]
?   	rtdal/generated/r-files/rmarkdown/R/rmarkdown-package	[no test files]
?   	rtdal/generated/r-files/rmarkdown/R/rtf_document	[no test files]
?   	rtdal/generated/r-files/rmarkdown/R/shiny	[no test files]
?   	rtdal/generated/r-files/rmarkdown/R/shiny_module	[no test files]
?   	rtdal/generated/r-files/rmarkdown/R/shiny_prerendered	[no test files]
?   	rtdal/generated/r-files/rmarkdown/R/slidy_presentation	[no test files]
?   	rtdal/generated/r-files/rmarkdown/R/stack	[no test files]
?   	rtdal/generated/r-files/rmarkdown/R/util	[no test files]
?   	rtdal/generated/r-files/rmarkdown/R/version_jqueryui	[no test files]
?   	rtdal/generated/r-files/rmarkdown/R/word_document	[no test files]
?   	rtdal/generated/r-files/rmarkdown/R/zzz	[no test files]
?   	rtdal/generated/r-files/rmarkdown/inst/doc/lua-filters	[no test files]
?   	rtdal/generated/r-files/rmarkdown/inst/doc/rmarkdown	[no test files]
?   	rtdal/generated/r-files/rmarkdown/tests/testrmd	[no test files]
?   	rtdal/generated/r-files/rmarkdown/tests/testthat	[no test files]
?   	rtdal/generated/r-files/rmarkdown/tests/testthat/helpers	[no test files]
?   	rtdal/generated/r-files/rmarkdown/tests/testthat/resources/readcsv	[no test files]
?   	rtdal/generated/r-files/rmarkdown/tests/testthat/resources/readcsv-source	[no test files]
?   	rtdal/generated/r-files/rmarkdown/tests/testthat/site/PageD	[no test files]
?   	rtdal/generated/r-files/rmarkdown/tests/testthat/site/script	[no test files]
?   	rtdal/generated/r-files/rmarkdown/tests/testthat/test-beamer_presentation	[no test files]
?   	rtdal/generated/r-files/rmarkdown/tests/testthat/test-draft	[no test files]
?   	rtdal/generated/r-files/rmarkdown/tests/testthat/test-encode-decode	[no test files]
?   	rtdal/generated/r-files/rmarkdown/tests/testthat/test-formats	[no test files]
?   	rtdal/generated/r-files/rmarkdown/tests/testthat/test-github_document	[no test files]
?   	rtdal/generated/r-files/rmarkdown/tests/testthat/test-html_dependencies	[no test files]
?   	rtdal/generated/r-files/rmarkdown/tests/testthat/test-html_document	[no test files]
?   	rtdal/generated/r-files/rmarkdown/tests/testthat/test-html_document_base	[no test files]
?   	rtdal/generated/r-files/rmarkdown/tests/testthat/test-htmlparse	[no test files]
?   	rtdal/generated/r-files/rmarkdown/tests/testthat/test-ioslides	[no test files]
?   	rtdal/generated/r-files/rmarkdown/tests/testthat/test-ioslides_presentation	[no test files]
?   	rtdal/generated/r-files/rmarkdown/tests/testthat/test-knit_print	[no test files]
?   	rtdal/generated/r-files/rmarkdown/tests/testthat/test-lua-filters	[no test files]
?   	rtdal/generated/r-files/rmarkdown/tests/testthat/test-math	[no test files]
?   	rtdal/generated/r-files/rmarkdown/tests/testthat/test-md_document	[no test files]
?   	rtdal/generated/r-files/rmarkdown/tests/testthat/test-notebook	[no test files]
?   	rtdal/generated/r-files/rmarkdown/tests/testthat/test-output_format	[no test files]
?   	rtdal/generated/r-files/rmarkdown/tests/testthat/test-pandoc	[no test files]
?   	rtdal/generated/r-files/rmarkdown/tests/testthat/test-params	[no test files]
?   	rtdal/generated/r-files/rmarkdown/tests/testthat/test-pdf_document	[no test files]
?   	rtdal/generated/r-files/rmarkdown/tests/testthat/test-powerpoint_presentation	[no test files]
?   	rtdal/generated/r-files/rmarkdown/tests/testthat/test-render	[no test files]
?   	rtdal/generated/r-files/rmarkdown/tests/testthat/test-resources	[no test files]
?   	rtdal/generated/r-files/rmarkdown/tests/testthat/test-shiny	[no test files]
?   	rtdal/generated/r-files/rmarkdown/tests/testthat/test-shiny_prerendered	[no test files]
?   	rtdal/generated/r-files/rmarkdown/tests/testthat/test-site	[no test files]
?   	rtdal/generated/r-files/rmarkdown/tests/testthat/test-spin	[no test files]
?   	rtdal/generated/r-files/rmarkdown/tests/testthat/test-utils	[no test files]
?   	rtdal/generated/r-files/rmarkdown/tests/testthat/test-vignette	[no test files]
?   	rtdal/generated/r-files/rmarkdown/tests/testthat/test-yml-parsing	[no test files]
?   	rtdal/generated/r-files/robustbase/R/AAA	[no test files]
?   	rtdal/generated/r-files/robustbase/R/BYlogreg	[no test files]
?   	rtdal/generated/r-files/robustbase/R/MTestimador2	[no test files]
?   	rtdal/generated/r-files/robustbase/R/OGK	[no test files]
?   	rtdal/generated/r-files/robustbase/R/adjbox	[no test files]
?   	rtdal/generated/r-files/robustbase/R/adjoutlyingness	[no test files]
?   	rtdal/generated/r-files/robustbase/R/anova-glmrob	[no test files]
?   	rtdal/generated/r-files/robustbase/R/anova.lmrob	[no test files]
?   	rtdal/generated/r-files/robustbase/R/biweight-funs	[no test files]
?   	rtdal/generated/r-files/robustbase/R/classPC	[no test files]
?   	rtdal/generated/r-files/robustbase/R/comedian	[no test files]
?   	rtdal/generated/r-files/robustbase/R/covMcd	[no test files]
?   	rtdal/generated/r-files/robustbase/R/covPlot	[no test files]
?   	rtdal/generated/r-files/robustbase/R/detmcd	[no test files]
?   	rtdal/generated/r-files/robustbase/R/glmrob	[no test files]
?   	rtdal/generated/r-files/robustbase/R/glmrobMqle	[no test files]
?   	rtdal/generated/r-files/robustbase/R/glmrobMqle-DQD	[no test files]
?   	rtdal/generated/r-files/robustbase/R/glmrobPredict	[no test files]
?   	rtdal/generated/r-files/robustbase/R/huber	[no test files]
?   	rtdal/generated/r-files/robustbase/R/huberize	[no test files]
?   	rtdal/generated/r-files/robustbase/R/lmrob	[no test files]
?   	rtdal/generated/r-files/robustbase/R/lmrob.M.S	[no test files]
?   	rtdal/generated/r-files/robustbase/R/lmrob.MM	[no test files]
?   	rtdal/generated/r-files/robustbase/R/lmrobPredict	[no test files]
?   	rtdal/generated/r-files/robustbase/R/ltsPlot	[no test files]
?   	rtdal/generated/r-files/robustbase/R/ltsReg	[no test files]
?   	rtdal/generated/r-files/robustbase/R/mc	[no test files]
?   	rtdal/generated/r-files/robustbase/R/nlregrob	[no test files]
?   	rtdal/generated/r-files/robustbase/R/nlrob	[no test files]
?   	rtdal/generated/r-files/robustbase/R/plot.lmrob	[no test files]
?   	rtdal/generated/r-files/robustbase/R/psi-rho-funs	[no test files]
?   	rtdal/generated/r-files/robustbase/R/qnsn	[no test files]
?   	rtdal/generated/r-files/robustbase/R/rrcov.control	[no test files]
?   	rtdal/generated/r-files/robustbase/R/tolEllipse	[no test files]
?   	rtdal/generated/r-files/robustbase/data/SiegelsEx	[no test files]
?   	rtdal/generated/r-files/robustbase/data/cushny	[no test files]
?   	rtdal/generated/r-files/robustbase/data/x30o50	[no test files]
?   	rtdal/generated/r-files/robustbase/demo/determinMCD	[no test files]
?   	rtdal/generated/r-files/robustbase/inst/doc/error.distributions	[no test files]
?   	rtdal/generated/r-files/robustbase/inst/doc/estimating.functions	[no test files]
?   	rtdal/generated/r-files/robustbase/inst/doc/fastMcd-kmini	[no test files]
?   	rtdal/generated/r-files/robustbase/inst/doc/graphics.functions	[no test files]
?   	rtdal/generated/r-files/robustbase/inst/doc/lmrob_simulation	[no test files]
?   	rtdal/generated/r-files/robustbase/inst/doc/psi_functions	[no test files]
?   	rtdal/generated/r-files/robustbase/inst/doc/simulation.functions	[no test files]
?   	rtdal/generated/r-files/robustbase/inst/doc/simulation.init	[no test files]
?   	rtdal/generated/r-files/robustbase/inst/xtraR/ex-funs	[no test files]
?   	rtdal/generated/r-files/robustbase/inst/xtraR/lmrob-trace_lev	[no test files]
?   	rtdal/generated/r-files/robustbase/inst/xtraR/m-s_fns	[no test files]
?   	rtdal/generated/r-files/robustbase/inst/xtraR/mcnaive	[no test files]
?   	rtdal/generated/r-files/robustbase/inst/xtraR/platform-sessionInfo	[no test files]
?   	rtdal/generated/r-files/robustbase/inst/xtraR/plot-psiFun	[no test files]
?   	rtdal/generated/r-files/robustbase/inst/xtraR/styleData	[no test files]
?   	rtdal/generated/r-files/robustbase/inst/xtraR/subsample-fns	[no test files]
?   	rtdal/generated/r-files/robustbase/inst/xtraR/test-tools	[no test files]
?   	rtdal/generated/r-files/robustbase/inst/xtraR/test_LTS	[no test files]
?   	rtdal/generated/r-files/robustbase/inst/xtraR/test_MCD	[no test files]
?   	rtdal/generated/r-files/robustbase/tests/LTS-specials	[no test files]
?   	rtdal/generated/r-files/robustbase/tests/MCD-specials	[no test files]
?   	rtdal/generated/r-files/robustbase/tests/MT-tst	[no test files]
?   	rtdal/generated/r-files/robustbase/tests/NAcoef	[no test files]
?   	rtdal/generated/r-files/robustbase/tests/OGK-ex	[no test files]
?   	rtdal/generated/r-files/robustbase/tests/Qn-Sn-plots	[no test files]
?   	rtdal/generated/r-files/robustbase/tests/Rsquared	[no test files]
?   	rtdal/generated/r-files/robustbase/tests/binom-ni-small	[no test files]
?   	rtdal/generated/r-files/robustbase/tests/binom-no-x	[no test files]
?   	rtdal/generated/r-files/robustbase/tests/comedian-tst	[no test files]
?   	rtdal/generated/r-files/robustbase/tests/exact-fit-categorical	[no test files]
?   	rtdal/generated/r-files/robustbase/tests/glmrob-1	[no test files]
?   	rtdal/generated/r-files/robustbase/tests/glmrob-specials	[no test files]
?   	rtdal/generated/r-files/robustbase/tests/huber-etc	[no test files]
?   	rtdal/generated/r-files/robustbase/tests/large-values	[no test files]
?   	rtdal/generated/r-files/robustbase/tests/lmrob-data	[no test files]
?   	rtdal/generated/r-files/robustbase/tests/lmrob-ex12	[no test files]
?   	rtdal/generated/r-files/robustbase/tests/lmrob-methods	[no test files]
?   	rtdal/generated/r-files/robustbase/tests/lmrob-psifns	[no test files]
?   	rtdal/generated/r-files/robustbase/tests/m-s-estimator	[no test files]
?   	rtdal/generated/r-files/robustbase/tests/mc-etc	[no test files]
?   	rtdal/generated/r-files/robustbase/tests/mc-strict	[no test files]
?   	rtdal/generated/r-files/robustbase/tests/nlregrob-tst	[no test files]
?   	rtdal/generated/r-files/robustbase/tests/nlrob-tst	[no test files]
?   	rtdal/generated/r-files/robustbase/tests/poisson-ex	[no test files]
?   	rtdal/generated/r-files/robustbase/tests/psi-rho-etc	[no test files]
?   	rtdal/generated/r-files/robustbase/tests/small-sample	[no test files]
?   	rtdal/generated/r-files/robustbase/tests/subsample	[no test files]
?   	rtdal/generated/r-files/robustbase/tests/tlts	[no test files]
?   	rtdal/generated/r-files/robustbase/tests/tmcd	[no test files]
?   	rtdal/generated/r-files/robustbase/tests/weights	[no test files]
?   	rtdal/generated/r-files/robustbase/tests/wgt-himed	[no test files]
?   	rtdal/generated/r-files/robustbase/tests/wgt-himed-xtra	[no test files]
?   	rtdal/generated/r-files/rpart/R/formatg	[no test files]
?   	rtdal/generated/r-files/rpart/R/importance	[no test files]
?   	rtdal/generated/r-files/rpart/R/labels.rpart	[no test files]
?   	rtdal/generated/r-files/rpart/R/meanvar.rpart	[no test files]
?   	rtdal/generated/r-files/rpart/R/model.frame.rpart	[no test files]
?   	rtdal/generated/r-files/rpart/R/na.rpart	[no test files]
?   	rtdal/generated/r-files/rpart/R/path.rpart	[no test files]
?   	rtdal/generated/r-files/rpart/R/plot.rpart	[no test files]
?   	rtdal/generated/r-files/rpart/R/plotcp	[no test files]
?   	rtdal/generated/r-files/rpart/R/post	[no test files]
?   	rtdal/generated/r-files/rpart/R/post.rpart	[no test files]
?   	rtdal/generated/r-files/rpart/R/pred.rpart	[no test files]
?   	rtdal/generated/r-files/rpart/R/predict.rpart	[no test files]
?   	rtdal/generated/r-files/rpart/R/print.rpart	[no test files]
?   	rtdal/generated/r-files/rpart/R/printcp	[no test files]
?   	rtdal/generated/r-files/rpart/R/prune	[no test files]
?   	rtdal/generated/r-files/rpart/R/prune.rpart	[no test files]
?   	rtdal/generated/r-files/rpart/R/residuals.rpart	[no test files]
?   	rtdal/generated/r-files/rpart/R/roc.rpart	[no test files]
?   	rtdal/generated/r-files/rpart/R/rpart	[no test files]
?   	rtdal/generated/r-files/rpart/R/rpart.anova	[no test files]
?   	rtdal/generated/r-files/rpart/R/rpart.branch	[no test files]
?   	rtdal/generated/r-files/rpart/R/rpart.class	[no test files]
?   	rtdal/generated/r-files/rpart/R/rpart.control	[no test files]
?   	rtdal/generated/r-files/rpart/R/rpart.exp	[no test files]
?   	rtdal/generated/r-files/rpart/R/rpart.matrix	[no test files]
?   	rtdal/generated/r-files/rpart/R/rpart.poisson	[no test files]
?   	rtdal/generated/r-files/rpart/R/rpartcallback	[no test files]
?   	rtdal/generated/r-files/rpart/R/rpartco	[no test files]
?   	rtdal/generated/r-files/rpart/R/rsq.rpart	[no test files]
?   	rtdal/generated/r-files/rpart/R/snip.rpart	[no test files]
?   	rtdal/generated/r-files/rpart/R/snip.rpart.mouse	[no test files]
?   	rtdal/generated/r-files/rpart/R/summary.rpart	[no test files]
?   	rtdal/generated/r-files/rpart/R/text.rpart	[no test files]
?   	rtdal/generated/r-files/rpart/R/xpred.rpart	[no test files]
?   	rtdal/generated/r-files/rpart/R/zzz	[no test files]
?   	rtdal/generated/r-files/rpart/inst/doc/longintro	[no test files]
?   	rtdal/generated/r-files/rpart/inst/doc/usercode	[no test files]
?   	rtdal/generated/r-files/rpart/tests/backticks	[no test files]
?   	rtdal/generated/r-files/rpart/tests/cost	[no test files]
?   	rtdal/generated/r-files/rpart/tests/cptest	[no test files]
?   	rtdal/generated/r-files/rpart/tests/minus_in_formula	[no test files]
?   	rtdal/generated/r-files/rpart/tests/priors	[no test files]
?   	rtdal/generated/r-files/rpart/tests/rescale	[no test files]
?   	rtdal/generated/r-files/rpart/tests/testall	[no test files]
?   	rtdal/generated/r-files/rpart/tests/treble	[no test files]
?   	rtdal/generated/r-files/rpart/tests/treble2	[no test files]
?   	rtdal/generated/r-files/rpart/tests/treble3	[no test files]
?   	rtdal/generated/r-files/rpart/tests/treble4	[no test files]
?   	rtdal/generated/r-files/rpart/tests/usersplits	[no test files]
?   	rtdal/generated/r-files/rpart/tests/xpred1	[no test files]
?   	rtdal/generated/r-files/rpart/tests/xpred2	[no test files]
?   	rtdal/generated/r-files/rstac/R/assets-funs	[no test files]
?   	rtdal/generated/r-files/rstac/R/assets-utils	[no test files]
?   	rtdal/generated/r-files/rstac/R/check-utils	[no test files]
?   	rtdal/generated/r-files/rstac/R/collections-funs	[no test files]
?   	rtdal/generated/r-files/rstac/R/collections-query	[no test files]
?   	rtdal/generated/r-files/rstac/R/conformance-query	[no test files]
?   	rtdal/generated/r-files/rstac/R/cql2-adv_comp	[no test files]
?   	rtdal/generated/r-files/rstac/R/cql2-core	[no test files]
?   	rtdal/generated/r-files/rstac/R/cql2-env	[no test files]
?   	rtdal/generated/r-files/rstac/R/cql2-expr-funs	[no test files]
?   	rtdal/generated/r-files/rstac/R/cql2-funs	[no test files]
?   	rtdal/generated/r-files/rstac/R/cql2-json	[no test files]
?   	rtdal/generated/r-files/rstac/R/cql2-text	[no test files]
?   	rtdal/generated/r-files/rstac/R/cql2-types	[no test files]
?   	rtdal/generated/r-files/rstac/R/cql2-utils	[no test files]
?   	rtdal/generated/r-files/rstac/R/deprec-funs	[no test files]
?   	rtdal/generated/r-files/rstac/R/doc-funs	[no test files]
?   	rtdal/generated/r-files/rstac/R/ext_filter	[no test files]
?   	rtdal/generated/r-files/rstac/R/ext_query	[no test files]
?   	rtdal/generated/r-files/rstac/R/extensions	[no test files]
?   	rtdal/generated/r-files/rstac/R/geom-funs	[no test files]
?   	rtdal/generated/r-files/rstac/R/items-funs	[no test files]
?   	rtdal/generated/r-files/rstac/R/items-query	[no test files]
?   	rtdal/generated/r-files/rstac/R/items-utils	[no test files]
?   	rtdal/generated/r-files/rstac/R/message-utils	[no test files]
?   	rtdal/generated/r-files/rstac/R/parse-utils	[no test files]
?   	rtdal/generated/r-files/rstac/R/preview-utils	[no test files]
?   	rtdal/generated/r-files/rstac/R/print	[no test files]
?   	rtdal/generated/r-files/rstac/R/query-funs	[no test files]
?   	rtdal/generated/r-files/rstac/R/queryables-query	[no test files]
?   	rtdal/generated/r-files/rstac/R/request	[no test files]
?   	rtdal/generated/r-files/rstac/R/rstac	[no test files]
?   	rtdal/generated/r-files/rstac/R/rstac-funs	[no test files]
?   	rtdal/generated/r-files/rstac/R/search-query	[no test files]
?   	rtdal/generated/r-files/rstac/R/signatures	[no test files]
?   	rtdal/generated/r-files/rstac/R/stac-funs	[no test files]
?   	rtdal/generated/r-files/rstac/R/stac-query	[no test files]
?   	rtdal/generated/r-files/rstac/R/static-funs	[no test files]
?   	rtdal/generated/r-files/rstac/R/url-utils	[no test files]
?   	rtdal/generated/r-files/rstac/R/utils	[no test files]
?   	rtdal/generated/r-files/rstac/tests/testthat	[no test files]
?   	rtdal/generated/r-files/rstac/tests/testthat/test-assets_functions	[no test files]
?   	rtdal/generated/r-files/rstac/tests/testthat/test-examples	[no test files]
?   	rtdal/generated/r-files/rstac/tests/testthat/test-ext_filter	[no test files]
?   	rtdal/generated/r-files/rstac/tests/testthat/test-internals	[no test files]
?   	rtdal/generated/r-files/rstac/tests/testthat/test-items_functions	[no test files]
?   	rtdal/generated/r-files/rstac/tests/testthat/test-rstac_objs	[no test files]
?   	rtdal/generated/r-files/rstac/tests/testthat/test-signatures	[no test files]
?   	rtdal/generated/r-files/s2/R/RcppExports	[no test files]
?   	rtdal/generated/r-files/s2/R/data	[no test files]
?   	rtdal/generated/r-files/s2/R/plot	[no test files]
?   	rtdal/generated/r-files/s2/R/s2-accessors	[no test files]
?   	rtdal/generated/r-files/s2/R/s2-bounds	[no test files]
?   	rtdal/generated/r-files/s2/R/s2-cell	[no test files]
?   	rtdal/generated/r-files/s2/R/s2-cell-union	[no test files]
?   	rtdal/generated/r-files/s2/R/s2-constructors-formatters	[no test files]
?   	rtdal/generated/r-files/s2/R/s2-earth	[no test files]
?   	rtdal/generated/r-files/s2/R/s2-geography	[no test files]
?   	rtdal/generated/r-files/s2/R/s2-lnglat	[no test files]
?   	rtdal/generated/r-files/s2/R/s2-matrix	[no test files]
?   	rtdal/generated/r-files/s2/R/s2-options	[no test files]
?   	rtdal/generated/r-files/s2/R/s2-package	[no test files]
?   	rtdal/generated/r-files/s2/R/s2-point	[no test files]
?   	rtdal/generated/r-files/s2/R/s2-predicates	[no test files]
?   	rtdal/generated/r-files/s2/R/s2-serialize	[no test files]
?   	rtdal/generated/r-files/s2/R/s2-transformers	[no test files]
?   	rtdal/generated/r-files/s2/R/utils	[no test files]
?   	rtdal/generated/r-files/s2/R/vctrs	[no test files]
?   	rtdal/generated/r-files/s2/R/wk-utils	[no test files]
?   	rtdal/generated/r-files/s2/R/zzz	[no test files]
?   	rtdal/generated/r-files/s2/tests/area	[no test files]
?   	rtdal/generated/r-files/s2/tests/testthat	[no test files]
?   	rtdal/generated/r-files/s2/tests/testthat/helper-s2-serialization	[no test files]
?   	rtdal/generated/r-files/s2/tests/testthat/test-data	[no test files]
?   	rtdal/generated/r-files/s2/tests/testthat/test-plot	[no test files]
?   	rtdal/generated/r-files/s2/tests/testthat/test-s2-accessors	[no test files]
?   	rtdal/generated/r-files/s2/tests/testthat/test-s2-bounds	[no test files]
?   	rtdal/generated/r-files/s2/tests/testthat/test-s2-cell	[no test files]
?   	rtdal/generated/r-files/s2/tests/testthat/test-s2-cell-union	[no test files]
?   	rtdal/generated/r-files/s2/tests/testthat/test-s2-constructors-formatters	[no test files]
?   	rtdal/generated/r-files/s2/tests/testthat/test-s2-earth	[no test files]
?   	rtdal/generated/r-files/s2/tests/testthat/test-s2-geography	[no test files]
?   	rtdal/generated/r-files/s2/tests/testthat/test-s2-lnglat	[no test files]
?   	rtdal/generated/r-files/s2/tests/testthat/test-s2-matrix	[no test files]
?   	rtdal/generated/r-files/s2/tests/testthat/test-s2-options	[no test files]
?   	rtdal/generated/r-files/s2/tests/testthat/test-s2-point	[no test files]
?   	rtdal/generated/r-files/s2/tests/testthat/test-s2-predicates	[no test files]
?   	rtdal/generated/r-files/s2/tests/testthat/test-s2-serialization	[no test files]
?   	rtdal/generated/r-files/s2/tests/testthat/test-s2-transformers	[no test files]
?   	rtdal/generated/r-files/s2/tests/testthat/test-utils	[no test files]
?   	rtdal/generated/r-files/s2/tests/testthat/test-vctrs	[no test files]
?   	rtdal/generated/r-files/s2/tests/testthat/test-wk-utils	[no test files]
?   	rtdal/generated/r-files/s2/tools/winlibs	[no test files]
?   	rtdal/generated/r-files/safetensors/R/safetensors	[no test files]
?   	rtdal/generated/r-files/safetensors/R/torch	[no test files]
?   	rtdal/generated/r-files/safetensors/R/write	[no test files]
?   	rtdal/generated/r-files/safetensors/R/zzz	[no test files]
?   	rtdal/generated/r-files/safetensors/tests/testthat	[no test files]
?   	rtdal/generated/r-files/safetensors/tests/testthat/test-safetensors	[no test files]
?   	rtdal/generated/r-files/safetensors/tests/testthat/test-write	[no test files]
?   	rtdal/generated/r-files/sass/R/as_html	[no test files]
?   	rtdal/generated/r-files/sass/R/as_sass	[no test files]
?   	rtdal/generated/r-files/sass/R/compile	[no test files]
?   	rtdal/generated/r-files/sass/R/deprecated	[no test files]
?   	rtdal/generated/r-files/sass/R/file_cache	[no test files]
?   	rtdal/generated/r-files/sass/R/fonts	[no test files]
?   	rtdal/generated/r-files/sass/R/format	[no test files]
?   	rtdal/generated/r-files/sass/R/layers	[no test files]
?   	rtdal/generated/r-files/sass/R/options	[no test files]
?   	rtdal/generated/r-files/sass/R/sass	[no test files]
?   	rtdal/generated/r-files/sass/R/sass_cache	[no test files]
?   	rtdal/generated/r-files/sass/R/shiny_devmode	[no test files]
?   	rtdal/generated/r-files/sass/R/staticimports	[no test files]
?   	rtdal/generated/r-files/sass/R/utils	[no test files]
?   	rtdal/generated/r-files/sass/inst/doc/sass	[no test files]
?   	rtdal/generated/r-files/sass/inst/sass-color/app	[no test files]
?   	rtdal/generated/r-files/sass/inst/sass-font/app	[no test files]
?   	rtdal/generated/r-files/sass/inst/sass-size/app	[no test files]
?   	rtdal/generated/r-files/sass/inst/sass-theme/app	[no test files]
?   	rtdal/generated/r-files/sass/tests/testthat	[no test files]
?   	rtdal/generated/r-files/sass/tests/testthat/helper-cache	[no test files]
?   	rtdal/generated/r-files/sass/tests/testthat/helper-utils	[no test files]
?   	rtdal/generated/r-files/sass/tests/testthat/test-cache	[no test files]
?   	rtdal/generated/r-files/sass/tests/testthat/test-compile	[no test files]
?   	rtdal/generated/r-files/sass/tests/testthat/test-extend	[no test files]
?   	rtdal/generated/r-files/sass/tests/testthat/test-font-objects	[no test files]
?   	rtdal/generated/r-files/sass/tests/testthat/test-html-dependencies	[no test files]
?   	rtdal/generated/r-files/sass/tests/testthat/test-import	[no test files]
?   	rtdal/generated/r-files/sass/tests/testthat/test-include-paths	[no test files]
?   	rtdal/generated/r-files/sass/tests/testthat/test-layers	[no test files]
?   	rtdal/generated/r-files/sass/tests/testthat/test-layers-list	[no test files]
?   	rtdal/generated/r-files/sass/tests/testthat/test-mixins	[no test files]
?   	rtdal/generated/r-files/sass/tests/testthat/test-nesting	[no test files]
?   	rtdal/generated/r-files/sass/tests/testthat/test-option-errors	[no test files]
?   	rtdal/generated/r-files/sass/tests/testthat/test-options	[no test files]
?   	rtdal/generated/r-files/sass/tests/testthat/test-output	[no test files]
?   	rtdal/generated/r-files/sass/tests/testthat/test-shiny-devmode	[no test files]
?   	rtdal/generated/r-files/sass/tests/testthat/test-unicode	[no test files]
?   	rtdal/generated/r-files/sass/tests/testthat/test-utils	[no test files]
?   	rtdal/generated/r-files/sass/tests/testthat/test-variables	[no test files]
?   	rtdal/generated/r-files/scales/R/bounds	[no test files]
?   	rtdal/generated/r-files/scales/R/breaks	[no test files]
?   	rtdal/generated/r-files/scales/R/breaks-log	[no test files]
?   	rtdal/generated/r-files/scales/R/breaks-retired	[no test files]
?   	rtdal/generated/r-files/scales/R/colour-manip	[no test files]
?   	rtdal/generated/r-files/scales/R/colour-mapping	[no test files]
?   	rtdal/generated/r-files/scales/R/colour-ramp	[no test files]
?   	rtdal/generated/r-files/scales/R/date-time	[no test files]
?   	rtdal/generated/r-files/scales/R/documentation	[no test files]
?   	rtdal/generated/r-files/scales/R/full-seq	[no test files]
?   	rtdal/generated/r-files/scales/R/import-standalone-obj-type	[no test files]
?   	rtdal/generated/r-files/scales/R/import-standalone-types-check	[no test files]
?   	rtdal/generated/r-files/scales/R/label-bytes	[no test files]
?   	rtdal/generated/r-files/scales/R/label-compose	[no test files]
?   	rtdal/generated/r-files/scales/R/label-currency	[no test files]
?   	rtdal/generated/r-files/scales/R/label-date	[no test files]
?   	rtdal/generated/r-files/scales/R/label-dictionary	[no test files]
?   	rtdal/generated/r-files/scales/R/label-expression	[no test files]
?   	rtdal/generated/r-files/scales/R/label-glue	[no test files]
?   	rtdal/generated/r-files/scales/R/label-log	[no test files]
?   	rtdal/generated/r-files/scales/R/label-number	[no test files]
?   	rtdal/generated/r-files/scales/R/label-number-auto	[no test files]
?   	rtdal/generated/r-files/scales/R/label-number-si	[no test files]
?   	rtdal/generated/r-files/scales/R/label-ordinal	[no test files]
?   	rtdal/generated/r-files/scales/R/label-percent	[no test files]
?   	rtdal/generated/r-files/scales/R/label-pvalue	[no test files]
?   	rtdal/generated/r-files/scales/R/label-scientific	[no test files]
?   	rtdal/generated/r-files/scales/R/label-wrap	[no test files]
?   	rtdal/generated/r-files/scales/R/labels-retired	[no test files]
?   	rtdal/generated/r-files/scales/R/minor_breaks	[no test files]
?   	rtdal/generated/r-files/scales/R/offset-by	[no test files]
?   	rtdal/generated/r-files/scales/R/pal-	[no test files]
?   	rtdal/generated/r-files/scales/R/pal-area	[no test files]
?   	rtdal/generated/r-files/scales/R/pal-brewer	[no test files]
?   	rtdal/generated/r-files/scales/R/pal-dichromat	[no test files]
?   	rtdal/generated/r-files/scales/R/pal-gradient	[no test files]
?   	rtdal/generated/r-files/scales/R/pal-grey	[no test files]
?   	rtdal/generated/r-files/scales/R/pal-hue	[no test files]
?   	rtdal/generated/r-files/scales/R/pal-identity	[no test files]
?   	rtdal/generated/r-files/scales/R/pal-linetype	[no test files]
?   	rtdal/generated/r-files/scales/R/pal-manual	[no test files]
?   	rtdal/generated/r-files/scales/R/pal-rescale	[no test files]
?   	rtdal/generated/r-files/scales/R/pal-shape	[no test files]
?   	rtdal/generated/r-files/scales/R/pal-viridis	[no test files]
?   	rtdal/generated/r-files/scales/R/palette-registry	[no test files]
?   	rtdal/generated/r-files/scales/R/range	[no test files]
?   	rtdal/generated/r-files/scales/R/round-any	[no test files]
?   	rtdal/generated/r-files/scales/R/scale-continuous	[no test files]
?   	rtdal/generated/r-files/scales/R/scale-discrete	[no test files]
?   	rtdal/generated/r-files/scales/R/scales-package	[no test files]
?   	rtdal/generated/r-files/scales/R/transform	[no test files]
?   	rtdal/generated/r-files/scales/R/transform-compose	[no test files]
?   	rtdal/generated/r-files/scales/R/transform-date	[no test files]
?   	rtdal/generated/r-files/scales/R/transform-numeric	[no test files]
?   	rtdal/generated/r-files/scales/R/utils	[no test files]
?   	rtdal/generated/r-files/scales/tests/testthat	[no test files]
?   	rtdal/generated/r-files/scales/tests/testthat/test-bounds	[no test files]
?   	rtdal/generated/r-files/scales/tests/testthat/test-breaks	[no test files]
?   	rtdal/generated/r-files/scales/tests/testthat/test-breaks-log	[no test files]
?   	rtdal/generated/r-files/scales/tests/testthat/test-colour-manip	[no test files]
?   	rtdal/generated/r-files/scales/tests/testthat/test-colour-mapping	[no test files]
?   	rtdal/generated/r-files/scales/tests/testthat/test-colour-ramp	[no test files]
?   	rtdal/generated/r-files/scales/tests/testthat/test-full-seq	[no test files]
?   	rtdal/generated/r-files/scales/tests/testthat/test-label-bytes	[no test files]
?   	rtdal/generated/r-files/scales/tests/testthat/test-label-compose	[no test files]
?   	rtdal/generated/r-files/scales/tests/testthat/test-label-currency	[no test files]
?   	rtdal/generated/r-files/scales/tests/testthat/test-label-date	[no test files]
?   	rtdal/generated/r-files/scales/tests/testthat/test-label-dictionary	[no test files]
?   	rtdal/generated/r-files/scales/tests/testthat/test-label-expression	[no test files]
?   	rtdal/generated/r-files/scales/tests/testthat/test-label-glue	[no test files]
?   	rtdal/generated/r-files/scales/tests/testthat/test-label-log	[no test files]
?   	rtdal/generated/r-files/scales/tests/testthat/test-label-number	[no test files]
?   	rtdal/generated/r-files/scales/tests/testthat/test-label-number-auto	[no test files]
?   	rtdal/generated/r-files/scales/tests/testthat/test-label-number-si	[no test files]
?   	rtdal/generated/r-files/scales/tests/testthat/test-label-ordinal	[no test files]
?   	rtdal/generated/r-files/scales/tests/testthat/test-label-percent	[no test files]
?   	rtdal/generated/r-files/scales/tests/testthat/test-label-pvalue	[no test files]
?   	rtdal/generated/r-files/scales/tests/testthat/test-label-scientific	[no test files]
?   	rtdal/generated/r-files/scales/tests/testthat/test-label-wrap	[no test files]
?   	rtdal/generated/r-files/scales/tests/testthat/test-labels-retired	[no test files]
?   	rtdal/generated/r-files/scales/tests/testthat/test-minor_breaks	[no test files]
?   	rtdal/generated/r-files/scales/tests/testthat/test-offset-by	[no test files]
?   	rtdal/generated/r-files/scales/tests/testthat/test-pal-	[no test files]
?   	rtdal/generated/r-files/scales/tests/testthat/test-pal-hue	[no test files]
?   	rtdal/generated/r-files/scales/tests/testthat/test-pal-manual	[no test files]
?   	rtdal/generated/r-files/scales/tests/testthat/test-palette-registry	[no test files]
?   	rtdal/generated/r-files/scales/tests/testthat/test-range	[no test files]
?   	rtdal/generated/r-files/scales/tests/testthat/test-round-any	[no test files]
?   	rtdal/generated/r-files/scales/tests/testthat/test-scale-continuous	[no test files]
?   	rtdal/generated/r-files/scales/tests/testthat/test-scale-discrete	[no test files]
?   	rtdal/generated/r-files/scales/tests/testthat/test-trans	[no test files]
?   	rtdal/generated/r-files/scales/tests/testthat/test-trans-compose	[no test files]
?   	rtdal/generated/r-files/scales/tests/testthat/test-trans-date	[no test files]
?   	rtdal/generated/r-files/scales/tests/testthat/test-trans-numeric	[no test files]
?   	rtdal/generated/r-files/scales/tests/testthat/test-utils	[no test files]
?   	rtdal/generated/r-files/servr/R/dynamic	[no test files]
?   	rtdal/generated/r-files/servr/R/make	[no test files]
?   	rtdal/generated/r-files/servr/R/redirect	[no test files]
?   	rtdal/generated/r-files/servr/R/static	[no test files]
?   	rtdal/generated/r-files/servr/R/utils	[no test files]
?   	rtdal/generated/r-files/servr/R/vignette	[no test files]
?   	rtdal/generated/r-files/sf/R/RcppExports	[no test files]
?   	rtdal/generated/r-files/sf/R/aggregate	[no test files]
?   	rtdal/generated/r-files/sf/R/agr	[no test files]
?   	rtdal/generated/r-files/sf/R/arith	[no test files]
?   	rtdal/generated/r-files/sf/R/bbox	[no test files]
?   	rtdal/generated/r-files/sf/R/bind	[no test files]
?   	rtdal/generated/r-files/sf/R/break_antimeridian	[no test files]
?   	rtdal/generated/r-files/sf/R/cast_sfc	[no test files]
?   	rtdal/generated/r-files/sf/R/cast_sfg	[no test files]
?   	rtdal/generated/r-files/sf/R/collection_extract	[no test files]
?   	rtdal/generated/r-files/sf/R/crop	[no test files]
?   	rtdal/generated/r-files/sf/R/crs	[no test files]
?   	rtdal/generated/r-files/sf/R/datasets	[no test files]
?   	rtdal/generated/r-files/sf/R/db	[no test files]
?   	rtdal/generated/r-files/sf/R/defunct	[no test files]
?   	rtdal/generated/r-files/sf/R/gdal_utils	[no test files]
?   	rtdal/generated/r-files/sf/R/geom-measures	[no test files]
?   	rtdal/generated/r-files/sf/R/geom-predicates	[no test files]
?   	rtdal/generated/r-files/sf/R/geom-transformers	[no test files]
?   	rtdal/generated/r-files/sf/R/geos-overlayng	[no test files]
?   	rtdal/generated/r-files/sf/R/graticule	[no test files]
?   	rtdal/generated/r-files/sf/R/grid	[no test files]
?   	rtdal/generated/r-files/sf/R/import-standalone-s3-register	[no test files]
?   	rtdal/generated/r-files/sf/R/init	[no test files]
?   	rtdal/generated/r-files/sf/R/jitter	[no test files]
?   	rtdal/generated/r-files/sf/R/join	[no test files]
?   	rtdal/generated/r-files/sf/R/m_range	[no test files]
?   	rtdal/generated/r-files/sf/R/make_grid	[no test files]
?   	rtdal/generated/r-files/sf/R/maps	[no test files]
?   	rtdal/generated/r-files/sf/R/nearest	[no test files]
?   	rtdal/generated/r-files/sf/R/normalize	[no test files]
?   	rtdal/generated/r-files/sf/R/plot	[no test files]
?   	rtdal/generated/r-files/sf/R/proj	[no test files]
?   	rtdal/generated/r-files/sf/R/read	[no test files]
?   	rtdal/generated/r-files/sf/R/s2	[no test files]
?   	rtdal/generated/r-files/sf/R/sample	[no test files]
?   	rtdal/generated/r-files/sf/R/sf	[no test files]
?   	rtdal/generated/r-files/sf/R/sf-package	[no test files]
?   	rtdal/generated/r-files/sf/R/sfc	[no test files]
?   	rtdal/generated/r-files/sf/R/sfg	[no test files]
?   	rtdal/generated/r-files/sf/R/sgbp	[no test files]
?   	rtdal/generated/r-files/sf/R/shift_longitude	[no test files]
?   	rtdal/generated/r-files/sf/R/sp	[no test files]
?   	rtdal/generated/r-files/sf/R/spatstat	[no test files]
?   	rtdal/generated/r-files/sf/R/stars	[no test files]
?   	rtdal/generated/r-files/sf/R/terra	[no test files]
?   	rtdal/generated/r-files/sf/R/tidyverse	[no test files]
?   	rtdal/generated/r-files/sf/R/tidyverse-vctrs	[no test files]
?   	rtdal/generated/r-files/sf/R/transform	[no test files]
?   	rtdal/generated/r-files/sf/R/valid	[no test files]
?   	rtdal/generated/r-files/sf/R/wkb	[no test files]
?   	rtdal/generated/r-files/sf/R/wkt	[no test files]
?   	rtdal/generated/r-files/sf/R/z_range	[no test files]
?   	rtdal/generated/r-files/sf/demo/affine	[no test files]
?   	rtdal/generated/r-files/sf/demo/basic	[no test files]
?   	rtdal/generated/r-files/sf/demo/ggplot	[no test files]
?   	rtdal/generated/r-files/sf/demo/meuse_sf	[no test files]
?   	rtdal/generated/r-files/sf/demo/nc	[no test files]
?   	rtdal/generated/r-files/sf/demo/twitter	[no test files]
?   	rtdal/generated/r-files/sf/inst/doc/sf1	[no test files]
?   	rtdal/generated/r-files/sf/inst/doc/sf2	[no test files]
?   	rtdal/generated/r-files/sf/inst/doc/sf3	[no test files]
?   	rtdal/generated/r-files/sf/inst/doc/sf4	[no test files]
?   	rtdal/generated/r-files/sf/inst/doc/sf5	[no test files]
?   	rtdal/generated/r-files/sf/inst/doc/sf6	[no test files]
?   	rtdal/generated/r-files/sf/inst/doc/sf7	[no test files]
?   	rtdal/generated/r-files/sf/tests/aggregate	[no test files]
?   	rtdal/generated/r-files/sf/tests/cast	[no test files]
?   	rtdal/generated/r-files/sf/tests/crs	[no test files]
?   	rtdal/generated/r-files/sf/tests/dist	[no test files]
?   	rtdal/generated/r-files/sf/tests/dplyr	[no test files]
?   	rtdal/generated/r-files/sf/tests/empty	[no test files]
?   	rtdal/generated/r-files/sf/tests/full	[no test files]
?   	rtdal/generated/r-files/sf/tests/gdal_geom	[no test files]
?   	rtdal/generated/r-files/sf/tests/geos	[no test files]
?   	rtdal/generated/r-files/sf/tests/graticule	[no test files]
?   	rtdal/generated/r-files/sf/tests/grid	[no test files]
?   	rtdal/generated/r-files/sf/tests/maps	[no test files]
?   	rtdal/generated/r-files/sf/tests/plot	[no test files]
?   	rtdal/generated/r-files/sf/tests/read	[no test files]
?   	rtdal/generated/r-files/sf/tests/roundtrip	[no test files]
?   	rtdal/generated/r-files/sf/tests/s2	[no test files]
?   	rtdal/generated/r-files/sf/tests/sample	[no test files]
?   	rtdal/generated/r-files/sf/tests/sfc	[no test files]
?   	rtdal/generated/r-files/sf/tests/sfg	[no test files]
?   	rtdal/generated/r-files/sf/tests/spatstat	[no test files]
?   	rtdal/generated/r-files/sf/tests/stars	[no test files]
?   	rtdal/generated/r-files/sf/tests/test-by-element	[no test files]
?   	rtdal/generated/r-files/sf/tests/testthat	[no test files]
?   	rtdal/generated/r-files/sf/tests/testthat/test-aw	[no test files]
?   	rtdal/generated/r-files/sf/tests/testthat/test-bbox	[no test files]
?   	rtdal/generated/r-files/sf/tests/testthat/test-collection_extract	[no test files]
?   	rtdal/generated/r-files/sf/tests/testthat/test-crs	[no test files]
?   	rtdal/generated/r-files/sf/tests/testthat/test-gdal	[no test files]
?   	rtdal/generated/r-files/sf/tests/testthat/test-geos	[no test files]
?   	rtdal/generated/r-files/sf/tests/testthat/test-grid	[no test files]
?   	rtdal/generated/r-files/sf/tests/testthat/test-normalize	[no test files]
?   	rtdal/generated/r-files/sf/tests/testthat/test-plot	[no test files]
?   	rtdal/generated/r-files/sf/tests/testthat/test-postgis_ODBC	[no test files]
?   	rtdal/generated/r-files/sf/tests/testthat/test-postgis_RPostgreSQL	[no test files]
?   	rtdal/generated/r-files/sf/tests/testthat/test-postgis_RPostgres	[no test files]
?   	rtdal/generated/r-files/sf/tests/testthat/test-proj	[no test files]
?   	rtdal/generated/r-files/sf/tests/testthat/test-read	[no test files]
?   	rtdal/generated/r-files/sf/tests/testthat/test-s2	[no test files]
?   	rtdal/generated/r-files/sf/tests/testthat/test-sample	[no test files]
?   	rtdal/generated/r-files/sf/tests/testthat/test-sf	[no test files]
?   	rtdal/generated/r-files/sf/tests/testthat/test-sfc	[no test files]
?   	rtdal/generated/r-files/sf/tests/testthat/test-sfg	[no test files]
?   	rtdal/generated/r-files/sf/tests/testthat/test-shift_longitude	[no test files]
?   	rtdal/generated/r-files/sf/tests/testthat/test-sp	[no test files]
?   	rtdal/generated/r-files/sf/tests/testthat/test-st_cast	[no test files]
?   	rtdal/generated/r-files/sf/tests/testthat/test-tidyverse	[no test files]
?   	rtdal/generated/r-files/sf/tests/testthat/test-tidyverse-vctrs	[no test files]
?   	rtdal/generated/r-files/sf/tests/testthat/test-tm	[no test files]
?   	rtdal/generated/r-files/sf/tests/testthat/test-valid	[no test files]
?   	rtdal/generated/r-files/sf/tests/testthat/test-wkb	[no test files]
?   	rtdal/generated/r-files/sf/tests/testthat/test-wkt	[no test files]
?   	rtdal/generated/r-files/sf/tests/testthat/test-write	[no test files]
?   	rtdal/generated/r-files/sf/tests/testthat/test-zm_range	[no test files]
?   	rtdal/generated/r-files/sf/tests/units	[no test files]
?   	rtdal/generated/r-files/sf/tests/wkb	[no test files]
?   	rtdal/generated/r-files/sf/tools/winlibs	[no test files]
?   	rtdal/generated/r-files/sfheaders/R/RcppExports	[no test files]
?   	rtdal/generated/r-files/sfheaders/R/cast	[no test files]
?   	rtdal/generated/r-files/sfheaders/R/df	[no test files]
?   	rtdal/generated/r-files/sfheaders/R/sf	[no test files]
?   	rtdal/generated/r-files/sfheaders/R/sf_helpers	[no test files]
?   	rtdal/generated/r-files/sfheaders/R/sfc	[no test files]
?   	rtdal/generated/r-files/sfheaders/R/sfg	[no test files]
?   	rtdal/generated/r-files/sfheaders/R/sfheaders-package	[no test files]
?   	rtdal/generated/r-files/sfheaders/R/utils	[no test files]
?   	rtdal/generated/r-files/sfheaders/tests/testthat	[no test files]
?   	rtdal/generated/r-files/sfheaders/tests/testthat/test-bbox	[no test files]
?   	rtdal/generated/r-files/sfheaders/tests/testthat/test-cast	[no test files]
?   	rtdal/generated/r-files/sfheaders/tests/testthat/test-close_polygon	[no test files]
?   	rtdal/generated/r-files/sfheaders/tests/testthat/test-df	[no test files]
?   	rtdal/generated/r-files/sfheaders/tests/testthat/test-df_attributes	[no test files]
?   	rtdal/generated/r-files/sfheaders/tests/testthat/test-empty	[no test files]
?   	rtdal/generated/r-files/sfheaders/tests/testthat/test-error_handling	[no test files]
?   	rtdal/generated/r-files/sfheaders/tests/testthat/test-holes	[no test files]
?   	rtdal/generated/r-files/sfheaders/tests/testthat/test-lists	[no test files]
?   	rtdal/generated/r-files/sfheaders/tests/testthat/test-sf	[no test files]
?   	rtdal/generated/r-files/sfheaders/tests/testthat/test-sf_boxes	[no test files]
?   	rtdal/generated/r-files/sfheaders/tests/testthat/test-sf_creator-helpers	[no test files]
?   	rtdal/generated/r-files/sfheaders/tests/testthat/test-sf_linestring	[no test files]
?   	rtdal/generated/r-files/sfheaders/tests/testthat/test-sf_multilinestring	[no test files]
?   	rtdal/generated/r-files/sfheaders/tests/testthat/test-sf_multipoint	[no test files]
?   	rtdal/generated/r-files/sfheaders/tests/testthat/test-sf_multipolygon	[no test files]
?   	rtdal/generated/r-files/sfheaders/tests/testthat/test-sf_point	[no test files]
?   	rtdal/generated/r-files/sfheaders/tests/testthat/test-sf_polygon	[no test files]
?   	rtdal/generated/r-files/sfheaders/tests/testthat/test-sfc_attributes	[no test files]
?   	rtdal/generated/r-files/sfheaders/tests/testthat/test-sfc_linestring	[no test files]
?   	rtdal/generated/r-files/sfheaders/tests/testthat/test-sfc_multilinestring	[no test files]
?   	rtdal/generated/r-files/sfheaders/tests/testthat/test-sfc_multipoint	[no test files]
?   	rtdal/generated/r-files/sfheaders/tests/testthat/test-sfc_multipolygon	[no test files]
?   	rtdal/generated/r-files/sfheaders/tests/testthat/test-sfc_point	[no test files]
?   	rtdal/generated/r-files/sfheaders/tests/testthat/test-sfc_polygon	[no test files]
?   	rtdal/generated/r-files/sfheaders/tests/testthat/test-sfg	[no test files]
?   	rtdal/generated/r-files/sfheaders/tests/testthat/test-sfg_dimension	[no test files]
?   	rtdal/generated/r-files/sfheaders/tests/testthat/test-sfg_linestring	[no test files]
?   	rtdal/generated/r-files/sfheaders/tests/testthat/test-sfg_multilinestring	[no test files]
?   	rtdal/generated/r-files/sfheaders/tests/testthat/test-sfg_multipoint	[no test files]
?   	rtdal/generated/r-files/sfheaders/tests/testthat/test-sfg_multipolygon	[no test files]
?   	rtdal/generated/r-files/sfheaders/tests/testthat/test-sfg_point	[no test files]
?   	rtdal/generated/r-files/sfheaders/tests/testthat/test-sfg_polygon	[no test files]
?   	rtdal/generated/r-files/sfheaders/tests/testthat/test-update_by_reference	[no test files]
?   	rtdal/generated/r-files/sfheaders/tests/testthat/test-utils	[no test files]
?   	rtdal/generated/r-files/sftime/R/bind	[no test files]
?   	rtdal/generated/r-files/sftime/R/crop	[no test files]
?   	rtdal/generated/r-files/sftime/R/geom-transformers	[no test files]
?   	rtdal/generated/r-files/sftime/R/init	[no test files]
?   	rtdal/generated/r-files/sftime/R/join	[no test files]
?   	rtdal/generated/r-files/sftime/R/plot	[no test files]
?   	rtdal/generated/r-files/sftime/R/sftime	[no test files]
?   	rtdal/generated/r-files/sftime/R/st_cast	[no test files]
?   	rtdal/generated/r-files/sftime/R/st_geometry	[no test files]
?   	rtdal/generated/r-files/sftime/R/st_time	[no test files]
?   	rtdal/generated/r-files/sftime/R/tidyverse	[no test files]
?   	rtdal/generated/r-files/sftime/inst/doc/sftime	[no test files]
?   	rtdal/generated/r-files/sits/R/RcppExports	[no test files]
?   	rtdal/generated/r-files/sits/R/api_accessors	[no test files]
?   	rtdal/generated/r-files/sits/R/api_accuracy	[no test files]
?   	rtdal/generated/r-files/sits/R/api_apply	[no test files]
?   	rtdal/generated/r-files/sits/R/api_band	[no test files]
?   	rtdal/generated/r-files/sits/R/api_bayts	[no test files]
?   	rtdal/generated/r-files/sits/R/api_bbox	[no test files]
?   	rtdal/generated/r-files/sits/R/api_block	[no test files]
?   	rtdal/generated/r-files/sits/R/api_check	[no test files]
?   	rtdal/generated/r-files/sits/R/api_chunks	[no test files]
?   	rtdal/generated/r-files/sits/R/api_classify	[no test files]
?   	rtdal/generated/r-files/sits/R/api_clean	[no test files]
?   	rtdal/generated/r-files/sits/R/api_cluster	[no test files]
?   	rtdal/generated/r-files/sits/R/api_colors	[no test files]
?   	rtdal/generated/r-files/sits/R/api_combine_predictions	[no test files]
?   	rtdal/generated/r-files/sits/R/api_comp	[no test files]
?   	rtdal/generated/r-files/sits/R/api_conf	[no test files]
?   	rtdal/generated/r-files/sits/R/api_crop	[no test files]
?   	rtdal/generated/r-files/sits/R/api_csv	[no test files]
?   	rtdal/generated/r-files/sits/R/api_cube	[no test files]
?   	rtdal/generated/r-files/sits/R/api_data	[no test files]
?   	rtdal/generated/r-files/sits/R/api_debug	[no test files]
?   	rtdal/generated/r-files/sits/R/api_detect_change	[no test files]
?   	rtdal/generated/r-files/sits/R/api_download	[no test files]
?   	rtdal/generated/r-files/sits/R/api_dtw	[no test files]
?   	rtdal/generated/r-files/sits/R/api_environment	[no test files]
?   	rtdal/generated/r-files/sits/R/api_factory	[no test files]
?   	rtdal/generated/r-files/sits/R/api_file	[no test files]
?   	rtdal/generated/r-files/sits/R/api_file_info	[no test files]
?   	rtdal/generated/r-files/sits/R/api_gdal	[no test files]
?   	rtdal/generated/r-files/sits/R/api_gdalcubes	[no test files]
?   	rtdal/generated/r-files/sits/R/api_grid	[no test files]
?   	rtdal/generated/r-files/sits/R/api_jobs	[no test files]
?   	rtdal/generated/r-files/sits/R/api_kohonen	[no test files]
?   	rtdal/generated/r-files/sits/R/api_label_class	[no test files]
?   	rtdal/generated/r-files/sits/R/api_mask	[no test files]
?   	rtdal/generated/r-files/sits/R/api_merge	[no test files]
?   	rtdal/generated/r-files/sits/R/api_message	[no test files]
?   	rtdal/generated/r-files/sits/R/api_mixture_model	[no test files]
?   	rtdal/generated/r-files/sits/R/api_ml_model	[no test files]
?   	rtdal/generated/r-files/sits/R/api_mosaic	[no test files]
?   	rtdal/generated/r-files/sits/R/api_opensearch	[no test files]
?   	rtdal/generated/r-files/sits/R/api_parallel	[no test files]
?   	rtdal/generated/r-files/sits/R/api_patterns	[no test files]
?   	rtdal/generated/r-files/sits/R/api_period	[no test files]
?   	rtdal/generated/r-files/sits/R/api_plot_raster	[no test files]
?   	rtdal/generated/r-files/sits/R/api_plot_time_series	[no test files]
?   	rtdal/generated/r-files/sits/R/api_plot_vector	[no test files]
?   	rtdal/generated/r-files/sits/R/api_point	[no test files]
?   	rtdal/generated/r-files/sits/R/api_predictors	[no test files]
?   	rtdal/generated/r-files/sits/R/api_raster	[no test files]
?   	rtdal/generated/r-files/sits/R/api_reclassify	[no test files]
?   	rtdal/generated/r-files/sits/R/api_reduce	[no test files]
?   	rtdal/generated/r-files/sits/R/api_regularize	[no test files]
?   	rtdal/generated/r-files/sits/R/api_request	[no test files]
?   	rtdal/generated/r-files/sits/R/api_request_httr2	[no test files]
?   	rtdal/generated/r-files/sits/R/api_roi	[no test files]
?   	rtdal/generated/r-files/sits/R/api_samples	[no test files]
?   	rtdal/generated/r-files/sits/R/api_segments	[no test files]
?   	rtdal/generated/r-files/sits/R/api_select	[no test files]
?   	rtdal/generated/r-files/sits/R/api_sf	[no test files]
?   	rtdal/generated/r-files/sits/R/api_shp	[no test files]
?   	rtdal/generated/r-files/sits/R/api_signal	[no test files]
?   	rtdal/generated/r-files/sits/R/api_smooth	[no test files]
?   	rtdal/generated/r-files/sits/R/api_smote	[no test files]
?   	rtdal/generated/r-files/sits/R/api_som	[no test files]
?   	rtdal/generated/r-files/sits/R/api_source	[no test files]
?   	rtdal/generated/r-files/sits/R/api_source_aws	[no test files]
?   	rtdal/generated/r-files/sits/R/api_source_bdc	[no test files]
?   	rtdal/generated/r-files/sits/R/api_source_cdse	[no test files]
?   	rtdal/generated/r-files/sits/R/api_source_cdse_os	[no test files]
?   	rtdal/generated/r-files/sits/R/api_source_deafrica	[no test files]
?   	rtdal/generated/r-files/sits/R/api_source_deaustralia	[no test files]
?   	rtdal/generated/r-files/sits/R/api_source_hls	[no test files]
?   	rtdal/generated/r-files/sits/R/api_source_local	[no test files]
?   	rtdal/generated/r-files/sits/R/api_source_mpc	[no test files]
?   	rtdal/generated/r-files/sits/R/api_source_ogh	[no test files]
?   	rtdal/generated/r-files/sits/R/api_source_sdc	[no test files]
?   	rtdal/generated/r-files/sits/R/api_source_stac	[no test files]
?   	rtdal/generated/r-files/sits/R/api_source_terrascope	[no test files]
?   	rtdal/generated/r-files/sits/R/api_source_usgs	[no test files]
?   	rtdal/generated/r-files/sits/R/api_space_time_operations	[no test files]
?   	rtdal/generated/r-files/sits/R/api_stac	[no test files]
?   	rtdal/generated/r-files/sits/R/api_stats	[no test files]
?   	rtdal/generated/r-files/sits/R/api_summary	[no test files]
?   	rtdal/generated/r-files/sits/R/api_texture	[no test files]
?   	rtdal/generated/r-files/sits/R/api_tibble	[no test files]
?   	rtdal/generated/r-files/sits/R/api_tile	[no test files]
?   	rtdal/generated/r-files/sits/R/api_timeline	[no test files]
?   	rtdal/generated/r-files/sits/R/api_tmap	[no test files]
?   	rtdal/generated/r-files/sits/R/api_torch	[no test files]
?   	rtdal/generated/r-files/sits/R/api_torch_psetae	[no test files]
?   	rtdal/generated/r-files/sits/R/api_ts	[no test files]
?   	rtdal/generated/r-files/sits/R/api_tuning	[no test files]
?   	rtdal/generated/r-files/sits/R/api_uncertainty	[no test files]
?   	rtdal/generated/r-files/sits/R/api_utils	[no test files]
?   	rtdal/generated/r-files/sits/R/api_validate	[no test files]
?   	rtdal/generated/r-files/sits/R/api_values	[no test files]
?   	rtdal/generated/r-files/sits/R/api_variance	[no test files]
?   	rtdal/generated/r-files/sits/R/api_vector	[no test files]
?   	rtdal/generated/r-files/sits/R/api_vector_info	[no test files]
?   	rtdal/generated/r-files/sits/R/api_view	[no test files]
?   	rtdal/generated/r-files/sits/R/data	[no test files]
?   	rtdal/generated/r-files/sits/R/sits-package	[no test files]
?   	rtdal/generated/r-files/sits/R/sits_accuracy	[no test files]
?   	rtdal/generated/r-files/sits/R/sits_add_base_cube	[no test files]
?   	rtdal/generated/r-files/sits/R/sits_apply	[no test files]
?   	rtdal/generated/r-files/sits/R/sits_bands	[no test files]
?   	rtdal/generated/r-files/sits/R/sits_bayts	[no test files]
?   	rtdal/generated/r-files/sits/R/sits_bbox	[no test files]
?   	rtdal/generated/r-files/sits/R/sits_classify	[no test files]
?   	rtdal/generated/r-files/sits/R/sits_clean	[no test files]
?   	rtdal/generated/r-files/sits/R/sits_cluster	[no test files]
?   	rtdal/generated/r-files/sits/R/sits_colors	[no test files]
?   	rtdal/generated/r-files/sits/R/sits_combine_predictions	[no test files]
?   	rtdal/generated/r-files/sits/R/sits_config	[no test files]
?   	rtdal/generated/r-files/sits/R/sits_csv	[no test files]
?   	rtdal/generated/r-files/sits/R/sits_cube	[no test files]
?   	rtdal/generated/r-files/sits/R/sits_cube_copy	[no test files]
?   	rtdal/generated/r-files/sits/R/sits_cube_local	[no test files]
?   	rtdal/generated/r-files/sits/R/sits_detect_change	[no test files]
?   	rtdal/generated/r-files/sits/R/sits_detect_change_method	[no test files]
?   	rtdal/generated/r-files/sits/R/sits_dtw	[no test files]
?   	rtdal/generated/r-files/sits/R/sits_factory	[no test files]
?   	rtdal/generated/r-files/sits/R/sits_filters	[no test files]
?   	rtdal/generated/r-files/sits/R/sits_geo_dist	[no test files]
?   	rtdal/generated/r-files/sits/R/sits_get_class	[no test files]
?   	rtdal/generated/r-files/sits/R/sits_get_data	[no test files]
?   	rtdal/generated/r-files/sits/R/sits_get_probs	[no test files]
?   	rtdal/generated/r-files/sits/R/sits_grid_systems	[no test files]
?   	rtdal/generated/r-files/sits/R/sits_histogram	[no test files]
?   	rtdal/generated/r-files/sits/R/sits_imputation	[no test files]
?   	rtdal/generated/r-files/sits/R/sits_label_classification	[no test files]
?   	rtdal/generated/r-files/sits/R/sits_labels	[no test files]
?   	rtdal/generated/r-files/sits/R/sits_lighttae	[no test files]
?   	rtdal/generated/r-files/sits/R/sits_lstm_fcn	[no test files]
?   	rtdal/generated/r-files/sits/R/sits_machine_learning	[no test files]
?   	rtdal/generated/r-files/sits/R/sits_merge	[no test files]
?   	rtdal/generated/r-files/sits/R/sits_mixture_model	[no test files]
?   	rtdal/generated/r-files/sits/R/sits_mlp	[no test files]
?   	rtdal/generated/r-files/sits/R/sits_model_export	[no test files]
?   	rtdal/generated/r-files/sits/R/sits_mosaic	[no test files]
?   	rtdal/generated/r-files/sits/R/sits_patterns	[no test files]
?   	rtdal/generated/r-files/sits/R/sits_plot	[no test files]
?   	rtdal/generated/r-files/sits/R/sits_predictors	[no test files]
?   	rtdal/generated/r-files/sits/R/sits_reclassify	[no test files]
?   	rtdal/generated/r-files/sits/R/sits_reduce	[no test files]
?   	rtdal/generated/r-files/sits/R/sits_reduce_imbalance	[no test files]
?   	rtdal/generated/r-files/sits/R/sits_regularize	[no test files]
?   	rtdal/generated/r-files/sits/R/sits_resnet	[no test files]
?   	rtdal/generated/r-files/sits/R/sits_sample_functions	[no test files]
?   	rtdal/generated/r-files/sits/R/sits_segmentation	[no test files]
?   	rtdal/generated/r-files/sits/R/sits_select	[no test files]
?   	rtdal/generated/r-files/sits/R/sits_sf	[no test files]
?   	rtdal/generated/r-files/sits/R/sits_smooth	[no test files]
?   	rtdal/generated/r-files/sits/R/sits_som	[no test files]
?   	rtdal/generated/r-files/sits/R/sits_stars	[no test files]
?   	rtdal/generated/r-files/sits/R/sits_summary	[no test files]
?   	rtdal/generated/r-files/sits/R/sits_tae	[no test files]
?   	rtdal/generated/r-files/sits/R/sits_tempcnn	[no test files]
?   	rtdal/generated/r-files/sits/R/sits_terra	[no test files]
?   	rtdal/generated/r-files/sits/R/sits_texture	[no test files]
?   	rtdal/generated/r-files/sits/R/sits_timeline	[no test files]
?   	rtdal/generated/r-files/sits/R/sits_train	[no test files]
?   	rtdal/generated/r-files/sits/R/sits_tuning	[no test files]
?   	rtdal/generated/r-files/sits/R/sits_uncertainty	[no test files]
?   	rtdal/generated/r-files/sits/R/sits_utils	[no test files]
?   	rtdal/generated/r-files/sits/R/sits_validate	[no test files]
?   	rtdal/generated/r-files/sits/R/sits_variance	[no test files]
?   	rtdal/generated/r-files/sits/R/sits_view	[no test files]
?   	rtdal/generated/r-files/sits/R/sits_xlsx	[no test files]
?   	rtdal/generated/r-files/sits/R/zzz	[no test files]
?   	rtdal/generated/r-files/sits/demo/classify_cbers_bdc	[no test files]
?   	rtdal/generated/r-files/sits/demo/classify_deeplearning	[no test files]
?   	rtdal/generated/r-files/sits/demo/dl_comparison	[no test files]
?   	rtdal/generated/r-files/sits/demo/ml_comparison	[no test files]
?   	rtdal/generated/r-files/sits/inst/extdata/cran/check_package_cran	[no test files]
?   	rtdal/generated/r-files/sits/inst/extdata/cran/pkg_size_functions	[no test files]
?   	rtdal/generated/r-files/sits/inst/extdata/cran/sits_codecov	[no test files]
?   	rtdal/generated/r-files/sits/tests/testthat	[no test files]
?   	rtdal/generated/r-files/sits/tests/testthat/test-accuracy	[no test files]
?   	rtdal/generated/r-files/sits/tests/testthat/test-active_learning	[no test files]
?   	rtdal/generated/r-files/sits/tests/testthat/test-api_block	[no test files]
?   	rtdal/generated/r-files/sits/tests/testthat/test-api_point	[no test files]
?   	rtdal/generated/r-files/sits/tests/testthat/test-apply	[no test files]
?   	rtdal/generated/r-files/sits/tests/testthat/test-bands	[no test files]
?   	rtdal/generated/r-files/sits/tests/testthat/test-check	[no test files]
?   	rtdal/generated/r-files/sits/tests/testthat/test-classification	[no test files]
?   	rtdal/generated/r-files/sits/tests/testthat/test-clustering	[no test files]
?   	rtdal/generated/r-files/sits/tests/testthat/test-color	[no test files]
?   	rtdal/generated/r-files/sits/tests/testthat/test-combine_predictions	[no test files]
?   	rtdal/generated/r-files/sits/tests/testthat/test-compare	[no test files]
?   	rtdal/generated/r-files/sits/tests/testthat/test-config	[no test files]
?   	rtdal/generated/r-files/sits/tests/testthat/test-cube	[no test files]
?   	rtdal/generated/r-files/sits/tests/testthat/test-cube-aws	[no test files]
?   	rtdal/generated/r-files/sits/tests/testthat/test-cube-bdc	[no test files]
?   	rtdal/generated/r-files/sits/tests/testthat/test-cube-cdse	[no test files]
?   	rtdal/generated/r-files/sits/tests/testthat/test-cube-deafrica	[no test files]
?   	rtdal/generated/r-files/sits/tests/testthat/test-cube-deaustralia	[no test files]
?   	rtdal/generated/r-files/sits/tests/testthat/test-cube-hls	[no test files]
?   	rtdal/generated/r-files/sits/tests/testthat/test-cube-mpc	[no test files]
?   	rtdal/generated/r-files/sits/tests/testthat/test-cube-ogh	[no test files]
?   	rtdal/generated/r-files/sits/tests/testthat/test-cube-sdc	[no test files]
?   	rtdal/generated/r-files/sits/tests/testthat/test-cube-terrascope	[no test files]
?   	rtdal/generated/r-files/sits/tests/testthat/test-cube-usgs	[no test files]
?   	rtdal/generated/r-files/sits/tests/testthat/test-cube-vector	[no test files]
?   	rtdal/generated/r-files/sits/tests/testthat/test-cube_copy	[no test files]
?   	rtdal/generated/r-files/sits/tests/testthat/test-data	[no test files]
?   	rtdal/generated/r-files/sits/tests/testthat/test-debug	[no test files]
?   	rtdal/generated/r-files/sits/tests/testthat/test-distances	[no test files]
?   	rtdal/generated/r-files/sits/tests/testthat/test-environment	[no test files]
?   	rtdal/generated/r-files/sits/tests/testthat/test-export	[no test files]
?   	rtdal/generated/r-files/sits/tests/testthat/test-factory	[no test files]
?   	rtdal/generated/r-files/sits/tests/testthat/test-file_info	[no test files]
?   	rtdal/generated/r-files/sits/tests/testthat/test-filtering	[no test files]
?   	rtdal/generated/r-files/sits/tests/testthat/test-find_tiles	[no test files]
?   	rtdal/generated/r-files/sits/tests/testthat/test-get_probs_class	[no test files]
?   	rtdal/generated/r-files/sits/tests/testthat/test-grid_systems	[no test files]
?   	rtdal/generated/r-files/sits/tests/testthat/test-internals	[no test files]
?   	rtdal/generated/r-files/sits/tests/testthat/test-labels	[no test files]
?   	rtdal/generated/r-files/sits/tests/testthat/test-merge	[no test files]
?   	rtdal/generated/r-files/sits/tests/testthat/test-mixture_model	[no test files]
?   	rtdal/generated/r-files/sits/tests/testthat/test-ml	[no test files]
?   	rtdal/generated/r-files/sits/tests/testthat/test-mosaic	[no test files]
?   	rtdal/generated/r-files/sits/tests/testthat/test-period	[no test files]
?   	rtdal/generated/r-files/sits/tests/testthat/test-plot	[no test files]
?   	rtdal/generated/r-files/sits/tests/testthat/test-plot_distances	[no test files]
?   	rtdal/generated/r-files/sits/tests/testthat/test-predictors	[no test files]
?   	rtdal/generated/r-files/sits/tests/testthat/test-raster	[no test files]
?   	rtdal/generated/r-files/sits/tests/testthat/test-reclassify	[no test files]
?   	rtdal/generated/r-files/sits/tests/testthat/test-reduce	[no test files]
?   	rtdal/generated/r-files/sits/tests/testthat/test-regularize	[no test files]
?   	rtdal/generated/r-files/sits/tests/testthat/test-request	[no test files]
?   	rtdal/generated/r-files/sits/tests/testthat/test-roi	[no test files]
?   	rtdal/generated/r-files/sits/tests/testthat/test-samples	[no test files]
?   	rtdal/generated/r-files/sits/tests/testthat/test-segmentation	[no test files]
?   	rtdal/generated/r-files/sits/tests/testthat/test-select	[no test files]
?   	rtdal/generated/r-files/sits/tests/testthat/test-sf	[no test files]
?   	rtdal/generated/r-files/sits/tests/testthat/test-smooth	[no test files]
?   	rtdal/generated/r-files/sits/tests/testthat/test-som	[no test files]
?   	rtdal/generated/r-files/sits/tests/testthat/test-space-time-operations	[no test files]
?   	rtdal/generated/r-files/sits/tests/testthat/test-summary	[no test files]
?   	rtdal/generated/r-files/sits/tests/testthat/test-texture	[no test files]
?   	rtdal/generated/r-files/sits/tests/testthat/test-tibble	[no test files]
?   	rtdal/generated/r-files/sits/tests/testthat/test-tuning	[no test files]
?   	rtdal/generated/r-files/sits/tests/testthat/test-uncertainty	[no test files]
?   	rtdal/generated/r-files/sits/tests/testthat/test-utils	[no test files]
?   	rtdal/generated/r-files/sits/tests/testthat/test-variance	[no test files]
?   	rtdal/generated/r-files/sits/tests/testthat/test-view	[no test files]
?   	rtdal/generated/r-files/sits/tests/testthat/test-vignette	[no test files]
?   	rtdal/generated/r-files/sits/tests/testthat/test-zzz	[no test files]
?   	rtdal/generated/r-files/sits/tests/testthat/test-zzz-external	[no test files]
?   	rtdal/generated/r-files/slider/R/arithmetic	[no test files]
?   	rtdal/generated/r-files/slider/R/block	[no test files]
?   	rtdal/generated/r-files/slider/R/conditions	[no test files]
?   	rtdal/generated/r-files/slider/R/hop	[no test files]
?   	rtdal/generated/r-files/slider/R/hop-common	[no test files]
?   	rtdal/generated/r-files/slider/R/hop-index	[no test files]
?   	rtdal/generated/r-files/slider/R/hop-index-common	[no test files]
?   	rtdal/generated/r-files/slider/R/hop-index2	[no test files]
?   	rtdal/generated/r-files/slider/R/hop2	[no test files]
?   	rtdal/generated/r-files/slider/R/phop	[no test files]
?   	rtdal/generated/r-files/slider/R/phop-index	[no test files]
?   	rtdal/generated/r-files/slider/R/pslide	[no test files]
?   	rtdal/generated/r-files/slider/R/pslide-index	[no test files]
?   	rtdal/generated/r-files/slider/R/pslide-period	[no test files]
?   	rtdal/generated/r-files/slider/R/segment-tree	[no test files]
?   	rtdal/generated/r-files/slider/R/slide	[no test files]
?   	rtdal/generated/r-files/slider/R/slide-common	[no test files]
?   	rtdal/generated/r-files/slider/R/slide-index	[no test files]
?   	rtdal/generated/r-files/slider/R/slide-index-common	[no test files]
?   	rtdal/generated/r-files/slider/R/slide-index2	[no test files]
?   	rtdal/generated/r-files/slider/R/slide-period	[no test files]
?   	rtdal/generated/r-files/slider/R/slide-period-common	[no test files]
?   	rtdal/generated/r-files/slider/R/slide-period2	[no test files]
?   	rtdal/generated/r-files/slider/R/slide2	[no test files]
?   	rtdal/generated/r-files/slider/R/slider-package	[no test files]
?   	rtdal/generated/r-files/slider/R/summary-index	[no test files]
?   	rtdal/generated/r-files/slider/R/summary-slide	[no test files]
?   	rtdal/generated/r-files/slider/R/utils	[no test files]
?   	rtdal/generated/r-files/slider/R/zzz	[no test files]
?   	rtdal/generated/r-files/slider/inst/doc/rowwise	[no test files]
?   	rtdal/generated/r-files/slider/inst/doc/slider	[no test files]
?   	rtdal/generated/r-files/slider/inst/doc/tsibble	[no test files]
?   	rtdal/generated/r-files/slider/tests/testthat	[no test files]
?   	rtdal/generated/r-files/slider/tests/testthat/helper-date	[no test files]
?   	rtdal/generated/r-files/slider/tests/testthat/helper-long-double	[no test files]
?   	rtdal/generated/r-files/slider/tests/testthat/helper-s3	[no test files]
?   	rtdal/generated/r-files/slider/tests/testthat/test-arithmetic	[no test files]
?   	rtdal/generated/r-files/slider/tests/testthat/test-block	[no test files]
?   	rtdal/generated/r-files/slider/tests/testthat/test-conditions	[no test files]
?   	rtdal/generated/r-files/slider/tests/testthat/test-hop	[no test files]
?   	rtdal/generated/r-files/slider/tests/testthat/test-hop-index	[no test files]
?   	rtdal/generated/r-files/slider/tests/testthat/test-hop-index-vec	[no test files]
?   	rtdal/generated/r-files/slider/tests/testthat/test-hop-index2	[no test files]
?   	rtdal/generated/r-files/slider/tests/testthat/test-hop-index2-vec	[no test files]
?   	rtdal/generated/r-files/slider/tests/testthat/test-hop-vec	[no test files]
?   	rtdal/generated/r-files/slider/tests/testthat/test-hop2	[no test files]
?   	rtdal/generated/r-files/slider/tests/testthat/test-hop2-vec	[no test files]
?   	rtdal/generated/r-files/slider/tests/testthat/test-phop	[no test files]
?   	rtdal/generated/r-files/slider/tests/testthat/test-phop-index	[no test files]
?   	rtdal/generated/r-files/slider/tests/testthat/test-phop-index-vec	[no test files]
?   	rtdal/generated/r-files/slider/tests/testthat/test-phop-vec	[no test files]
?   	rtdal/generated/r-files/slider/tests/testthat/test-pslide	[no test files]
?   	rtdal/generated/r-files/slider/tests/testthat/test-pslide-index	[no test files]
?   	rtdal/generated/r-files/slider/tests/testthat/test-pslide-index-vec	[no test files]
?   	rtdal/generated/r-files/slider/tests/testthat/test-pslide-period	[no test files]
?   	rtdal/generated/r-files/slider/tests/testthat/test-pslide-period-vec	[no test files]
?   	rtdal/generated/r-files/slider/tests/testthat/test-pslide-vec	[no test files]
?   	rtdal/generated/r-files/slider/tests/testthat/test-slide	[no test files]
?   	rtdal/generated/r-files/slider/tests/testthat/test-slide-index	[no test files]
?   	rtdal/generated/r-files/slider/tests/testthat/test-slide-index-vec	[no test files]
?   	rtdal/generated/r-files/slider/tests/testthat/test-slide-index2	[no test files]
?   	rtdal/generated/r-files/slider/tests/testthat/test-slide-index2-vec	[no test files]
?   	rtdal/generated/r-files/slider/tests/testthat/test-slide-period	[no test files]
?   	rtdal/generated/r-files/slider/tests/testthat/test-slide-period-vec	[no test files]
?   	rtdal/generated/r-files/slider/tests/testthat/test-slide-period2	[no test files]
?   	rtdal/generated/r-files/slider/tests/testthat/test-slide-period2-vec	[no test files]
?   	rtdal/generated/r-files/slider/tests/testthat/test-slide-vec	[no test files]
?   	rtdal/generated/r-files/slider/tests/testthat/test-slide2	[no test files]
?   	rtdal/generated/r-files/slider/tests/testthat/test-slide2-vec	[no test files]
?   	rtdal/generated/r-files/slider/tests/testthat/test-summary-index	[no test files]
?   	rtdal/generated/r-files/slider/tests/testthat/test-summary-slide	[no test files]
?   	rtdal/generated/r-files/slider/tests/testthat/test-utils	[no test files]
?   	rtdal/generated/r-files/snow/R/mpi	[no test files]
?   	rtdal/generated/r-files/snow/R/snow	[no test files]
?   	rtdal/generated/r-files/snow/R/sock	[no test files]
?   	rtdal/generated/r-files/snow/R/timing	[no test files]
?   	rtdal/generated/r-files/snow/inst/RMPInode	[no test files]
?   	rtdal/generated/r-files/snow/inst/RSOCKnode	[no test files]
?   	rtdal/generated/r-files/snowfall/R/clusterFunctions	[no test files]
?   	rtdal/generated/r-files/snowfall/R/init	[no test files]
?   	rtdal/generated/r-files/snowfall/R/snowWrappers	[no test files]
?   	rtdal/generated/r-files/snowfall/R/snowfall-internal	[no test files]
?   	rtdal/generated/r-files/snowfall/R/socketRequest	[no test files]
?   	rtdal/generated/r-files/sp/R/AAA	[no test files]
?   	rtdal/generated/r-files/sp/R/CRS-methods	[no test files]
?   	rtdal/generated/r-files/sp/R/Class-CRS	[no test files]
?   	rtdal/generated/r-files/sp/R/Class-GridTopology	[no test files]
?   	rtdal/generated/r-files/sp/R/Class-Spatial	[no test files]
?   	rtdal/generated/r-files/sp/R/Class-SpatialGrid	[no test files]
?   	rtdal/generated/r-files/sp/R/Class-SpatialGridDataFrame	[no test files]
?   	rtdal/generated/r-files/sp/R/Class-SpatialLines	[no test files]
?   	rtdal/generated/r-files/sp/R/Class-SpatialLinesDataFrame	[no test files]
?   	rtdal/generated/r-files/sp/R/Class-SpatialMultiPoints	[no test files]
?   	rtdal/generated/r-files/sp/R/Class-SpatialMultiPointsDataFrame	[no test files]
?   	rtdal/generated/r-files/sp/R/Class-SpatialPoints	[no test files]
?   	rtdal/generated/r-files/sp/R/Class-SpatialPointsDataFrame	[no test files]
?   	rtdal/generated/r-files/sp/R/Class-SpatialPolygons	[no test files]
?   	rtdal/generated/r-files/sp/R/Class-SpatialPolygonsDataFrame	[no test files]
?   	rtdal/generated/r-files/sp/R/GridTopology-methods	[no test files]
?   	rtdal/generated/r-files/sp/R/Spatial-methods	[no test files]
?   	rtdal/generated/r-files/sp/R/SpatialGrid-methods	[no test files]
?   	rtdal/generated/r-files/sp/R/SpatialGridDataFrame-methods	[no test files]
?   	rtdal/generated/r-files/sp/R/SpatialLines-methods	[no test files]
?   	rtdal/generated/r-files/sp/R/SpatialLinesDataFrame-methods	[no test files]
?   	rtdal/generated/r-files/sp/R/SpatialMultiPoints-methods	[no test files]
?   	rtdal/generated/r-files/sp/R/SpatialMultiPointsDataFrame-methods	[no test files]
?   	rtdal/generated/r-files/sp/R/SpatialPoints-methods	[no test files]
?   	rtdal/generated/r-files/sp/R/SpatialPointsDataFrame-methods	[no test files]
?   	rtdal/generated/r-files/sp/R/SpatialPolygons-displayMethods	[no test files]
?   	rtdal/generated/r-files/sp/R/SpatialPolygons-internals	[no test files]
?   	rtdal/generated/r-files/sp/R/SpatialPolygons-methods	[no test files]
?   	rtdal/generated/r-files/sp/R/SpatialPolygonsDataFrame-methods	[no test files]
?   	rtdal/generated/r-files/sp/R/aggregate	[no test files]
?   	rtdal/generated/r-files/sp/R/asciigrid	[no test files]
?   	rtdal/generated/r-files/sp/R/bpy.colors	[no test files]
?   	rtdal/generated/r-files/sp/R/bubble	[no test files]
?   	rtdal/generated/r-files/sp/R/chfids	[no test files]
?   	rtdal/generated/r-files/sp/R/compassRose	[no test files]
?   	rtdal/generated/r-files/sp/R/disaggregate	[no test files]
?   	rtdal/generated/r-files/sp/R/dms	[no test files]
?   	rtdal/generated/r-files/sp/R/elide	[no test files]
?   	rtdal/generated/r-files/sp/R/flipSGDF	[no test files]
?   	rtdal/generated/r-files/sp/R/gridded	[no test files]
?   	rtdal/generated/r-files/sp/R/gridlines	[no test files]
?   	rtdal/generated/r-files/sp/R/image	[no test files]
?   	rtdal/generated/r-files/sp/R/loadmeuse	[no test files]
?   	rtdal/generated/r-files/sp/R/mapasp	[no test files]
?   	rtdal/generated/r-files/sp/R/merge	[no test files]
?   	rtdal/generated/r-files/sp/R/over	[no test files]
?   	rtdal/generated/r-files/sp/R/point.in.polygon	[no test files]
?   	rtdal/generated/r-files/sp/R/projected	[no test files]
?   	rtdal/generated/r-files/sp/R/rbind	[no test files]
?   	rtdal/generated/r-files/sp/R/recenter	[no test files]
?   	rtdal/generated/r-files/sp/R/select.spatial	[no test files]
?   	rtdal/generated/r-files/sp/R/sp2Mondrian	[no test files]
?   	rtdal/generated/r-files/sp/R/spOptions	[no test files]
?   	rtdal/generated/r-files/sp/R/sp_spat1	[no test files]
?   	rtdal/generated/r-files/sp/R/spdists	[no test files]
?   	rtdal/generated/r-files/sp/R/spplot	[no test files]
?   	rtdal/generated/r-files/sp/R/spsample	[no test files]
?   	rtdal/generated/r-files/sp/R/stack	[no test files]
?   	rtdal/generated/r-files/sp/R/subset	[no test files]
?   	rtdal/generated/r-files/sp/R/surfaceArea	[no test files]
?   	rtdal/generated/r-files/sp/R/zerodist	[no test files]
?   	rtdal/generated/r-files/sp/demo/depend	[no test files]
?   	rtdal/generated/r-files/sp/demo/fib	[no test files]
?   	rtdal/generated/r-files/sp/demo/gallery	[no test files]
?   	rtdal/generated/r-files/sp/demo/meuse	[no test files]
?   	rtdal/generated/r-files/sp/demo/mp	[no test files]
?   	rtdal/generated/r-files/sp/demo/polar	[no test files]
?   	rtdal/generated/r-files/sp/inst/doc/csdacm	[no test files]
?   	rtdal/generated/r-files/sp/inst/doc/intro_sp	[no test files]
?   	rtdal/generated/r-files/sp/inst/doc/retiring_rgdal_geos_1	[no test files]
?   	rtdal/generated/r-files/sp/inst/doc/sp_gallery	[no test files]
?   	rtdal/generated/r-files/sp/tests/agg	[no test files]
?   	rtdal/generated/r-files/sp/tests/base	[no test files]
?   	rtdal/generated/r-files/sp/tests/fail1	[no test files]
?   	rtdal/generated/r-files/sp/tests/grid	[no test files]
?   	rtdal/generated/r-files/sp/tests/over2	[no test files]
?   	rtdal/generated/r-files/sp/tests/pass1	[no test files]
?   	rtdal/generated/r-files/sp/tests/point.in.polygon	[no test files]
?   	rtdal/generated/r-files/sp/tests/sel	[no test files]
?   	rtdal/generated/r-files/sp/tests/sp1	[no test files]
?   	rtdal/generated/r-files/sp/tests/spDists	[no test files]
?   	rtdal/generated/r-files/sp/tests/spplot	[no test files]
?   	rtdal/generated/r-files/sp/tests/utils/print	[no test files]
?   	rtdal/generated/r-files/sp/tests/zerodist	[no test files]
?   	rtdal/generated/r-files/spData/R/SplashDams	[no test files]
?   	rtdal/generated/r-files/spData/R/afcon	[no test files]
?   	rtdal/generated/r-files/spData/R/alaska	[no test files]
?   	rtdal/generated/r-files/spData/R/auckland	[no test files]
?   	rtdal/generated/r-files/spData/R/baltimore	[no test files]
?   	rtdal/generated/r-files/spData/R/boston	[no test files]
?   	rtdal/generated/r-files/spData/R/coffee_data	[no test files]
?   	rtdal/generated/r-files/spData/R/columbus	[no test files]
?   	rtdal/generated/r-files/spData/R/congruent	[no test files]
?   	rtdal/generated/r-files/spData/R/cycle_hire	[no test files]
?   	rtdal/generated/r-files/spData/R/cycle_hire_osm	[no test files]
?   	rtdal/generated/r-files/spData/R/depmunic	[no test files]
?   	rtdal/generated/r-files/spData/R/eire	[no test files]
?   	rtdal/generated/r-files/spData/R/elect80	[no test files]
?   	rtdal/generated/r-files/spData/R/elev	[no test files]
?   	rtdal/generated/r-files/spData/R/getisord	[no test files]
?   	rtdal/generated/r-files/spData/R/grain	[no test files]
?   	rtdal/generated/r-files/spData/R/hawaii	[no test files]
?   	rtdal/generated/r-files/spData/R/hopkins	[no test files]
?   	rtdal/generated/r-files/spData/R/house	[no test files]
?   	rtdal/generated/r-files/spData/R/huddersfield	[no test files]
?   	rtdal/generated/r-files/spData/R/jenks71	[no test files]
?   	rtdal/generated/r-files/spData/R/lnd	[no test files]
?   	rtdal/generated/r-files/spData/R/nc.sids	[no test files]
?   	rtdal/generated/r-files/spData/R/nydata	[no test files]
?   	rtdal/generated/r-files/spData/R/nz	[no test files]
?   	rtdal/generated/r-files/spData/R/nz_height	[no test files]
?   	rtdal/generated/r-files/spData/R/properties	[no test files]
?   	rtdal/generated/r-files/spData/R/seine	[no test files]
?   	rtdal/generated/r-files/spData/R/state.vbm	[no test files]
?   	rtdal/generated/r-files/spData/R/urban_agglomerations	[no test files]
?   	rtdal/generated/r-files/spData/R/us_states	[no test files]
?   	rtdal/generated/r-files/spData/R/us_states_df	[no test files]
?   	rtdal/generated/r-files/spData/R/used.cars	[no test files]
?   	rtdal/generated/r-files/spData/R/wheat	[no test files]
?   	rtdal/generated/r-files/spData/R/world	[no test files]
?   	rtdal/generated/r-files/spData/R/worldbank_df	[no test files]
?   	rtdal/generated/r-files/spData/R/zzz	[no test files]
?   	rtdal/generated/r-files/spacesXYZ/R/CCT	[no test files]
?   	rtdal/generated/r-files/spacesXYZ/R/CIECAM02	[no test files]
?   	rtdal/generated/r-files/spacesXYZ/R/DeltaE	[no test files]
?   	rtdal/generated/r-files/spacesXYZ/R/adaptation	[no test files]
?   	rtdal/generated/r-files/spacesXYZ/R/basic	[no test files]
?   	rtdal/generated/r-files/spacesXYZ/R/datasets	[no test files]
?   	rtdal/generated/r-files/spacesXYZ/R/daylight	[no test files]
?   	rtdal/generated/r-files/spacesXYZ/R/hooks	[no test files]
?   	rtdal/generated/r-files/spacesXYZ/R/locus	[no test files]
?   	rtdal/generated/r-files/spacesXYZ/R/logger	[no test files]
?   	rtdal/generated/r-files/spacesXYZ/R/polar	[no test files]
?   	rtdal/generated/r-files/spacesXYZ/R/quintic	[no test files]
?   	rtdal/generated/r-files/spacesXYZ/R/utils	[no test files]
?   	rtdal/generated/r-files/spacesXYZ/inst/doc/adaptation	[no test files]
?   	rtdal/generated/r-files/spacesXYZ/inst/doc/isotherms	[no test files]
?   	rtdal/generated/r-files/spacesXYZ/tests/test-CCT	[no test files]
?   	rtdal/generated/r-files/spacesXYZ/tests/test-DeltaE	[no test files]
?   	rtdal/generated/r-files/spacesXYZ/tests/test-adaptations	[no test files]
?   	rtdal/generated/r-files/spacesXYZ/tests/test-conversions	[no test files]
?   	rtdal/generated/r-files/spacetime/R/Class-ST	[no test files]
?   	rtdal/generated/r-files/spacetime/R/Class-STFDF	[no test files]
?   	rtdal/generated/r-files/spacetime/R/Class-STIDF	[no test files]
?   	rtdal/generated/r-files/spacetime/R/Class-STSDF	[no test files]
?   	rtdal/generated/r-files/spacetime/R/Class-STTDF	[no test files]
?   	rtdal/generated/r-files/spacetime/R/Class-xts	[no test files]
?   	rtdal/generated/r-files/spacetime/R/ST-methods	[no test files]
?   	rtdal/generated/r-files/spacetime/R/STFDF-methods	[no test files]
?   	rtdal/generated/r-files/spacetime/R/STIDF-methods	[no test files]
?   	rtdal/generated/r-files/spacetime/R/STSDF-methods	[no test files]
?   	rtdal/generated/r-files/spacetime/R/STTDF-methods	[no test files]
?   	rtdal/generated/r-files/spacetime/R/aggregate	[no test files]
?   	rtdal/generated/r-files/spacetime/R/apply	[no test files]
?   	rtdal/generated/r-files/spacetime/R/bind	[no test files]
?   	rtdal/generated/r-files/spacetime/R/coerce	[no test files]
?   	rtdal/generated/r-files/spacetime/R/endtime	[no test files]
?   	rtdal/generated/r-files/spacetime/R/eof	[no test files]
?   	rtdal/generated/r-files/spacetime/R/interval	[no test files]
?   	rtdal/generated/r-files/spacetime/R/mnf	[no test files]
?   	rtdal/generated/r-files/spacetime/R/na	[no test files]
?   	rtdal/generated/r-files/spacetime/R/over	[no test files]
?   	rtdal/generated/r-files/spacetime/R/plot	[no test files]
?   	rtdal/generated/r-files/spacetime/R/raster	[no test files]
?   	rtdal/generated/r-files/spacetime/R/stconstruct	[no test files]
?   	rtdal/generated/r-files/spacetime/R/stinteraction	[no test files]
?   	rtdal/generated/r-files/spacetime/R/stplot	[no test files]
?   	rtdal/generated/r-files/spacetime/R/tgrass	[no test files]
?   	rtdal/generated/r-files/spacetime/R/timematch	[no test files]
?   	rtdal/generated/r-files/spacetime/demo/CW	[no test files]
?   	rtdal/generated/r-files/spacetime/demo/CressieWikle	[no test files]
?   	rtdal/generated/r-files/spacetime/demo/aggregate	[no test files]
?   	rtdal/generated/r-files/spacetime/demo/edc	[no test files]
?   	rtdal/generated/r-files/spacetime/demo/gvis	[no test files]
?   	rtdal/generated/r-files/spacetime/demo/sos4R	[no test files]
?   	rtdal/generated/r-files/spacetime/inst/doc/jss816	[no test files]
?   	rtdal/generated/r-files/spacetime/inst/doc/sto	[no test files]
?   	rtdal/generated/r-files/spacetime/inst/doc/stpg	[no test files]
?   	rtdal/generated/r-files/spacetime/inst/doc/stsubs	[no test files]
?   	rtdal/generated/r-files/spacetime/tests/basic	[no test files]
?   	rtdal/generated/r-files/spacetime/tests/over	[no test files]
?   	rtdal/generated/r-files/spacetime/tests/raster	[no test files]
?   	rtdal/generated/r-files/spacetime/tests/rw	[no test files]
?   	rtdal/generated/r-files/spacetime/tests/stconstruct	[no test files]
?   	rtdal/generated/r-files/spacetime/tests/subsetting	[no test files]
?   	rtdal/generated/r-files/spacetime/tests/wind	[no test files]
?   	rtdal/generated/r-files/spam/R/RcppExports	[no test files]
?   	rtdal/generated/r-files/spam/R/apply	[no test files]
?   	rtdal/generated/r-files/spam/R/constructors	[no test files]
?   	rtdal/generated/r-files/spam/R/covmat	[no test files]
?   	rtdal/generated/r-files/spam/R/definitions	[no test files]
?   	rtdal/generated/r-files/spam/R/defunct	[no test files]
?   	rtdal/generated/r-files/spam/R/diff	[no test files]
?   	rtdal/generated/r-files/spam/R/dim	[no test files]
?   	rtdal/generated/r-files/spam/R/dist	[no test files]
?   	rtdal/generated/r-files/spam/R/eigen	[no test files]
?   	rtdal/generated/r-files/spam/R/foreign	[no test files]
?   	rtdal/generated/r-files/spam/R/gmult	[no test files]
?   	rtdal/generated/r-files/spam/R/helper	[no test files]
?   	rtdal/generated/r-files/spam/R/kronecker	[no test files]
?   	rtdal/generated/r-files/spam/R/math	[no test files]
?   	rtdal/generated/r-files/spam/R/mle	[no test files]
?   	rtdal/generated/r-files/spam/R/norm	[no test files]
?   	rtdal/generated/r-files/spam/R/permutation	[no test files]
?   	rtdal/generated/r-files/spam/R/plotting	[no test files]
?   	rtdal/generated/r-files/spam/R/precmat	[no test files]
?   	rtdal/generated/r-files/spam/R/profile	[no test files]
?   	rtdal/generated/r-files/spam/R/random	[no test files]
?   	rtdal/generated/r-files/spam/R/rep_len64	[no test files]
?   	rtdal/generated/r-files/spam/R/rgrf	[no test files]
?   	rtdal/generated/r-files/spam/R/rmvnorm	[no test files]
?   	rtdal/generated/r-files/spam/R/rowcolstats	[no test files]
?   	rtdal/generated/r-files/spam/R/s3only	[no test files]
?   	rtdal/generated/r-files/spam/R/s4coerce	[no test files]
?   	rtdal/generated/r-files/spam/R/spamBasis	[no test files]
?   	rtdal/generated/r-files/spam/R/spamChol	[no test files]
?   	rtdal/generated/r-files/spam/R/spamCholDet	[no test files]
?   	rtdal/generated/r-files/spam/R/spamCholS4	[no test files]
?   	rtdal/generated/r-files/spam/R/spamlist	[no test files]
?   	rtdal/generated/r-files/spam/R/subset	[no test files]
?   	rtdal/generated/r-files/spam/R/summary	[no test files]
?   	rtdal/generated/r-files/spam/R/tailhead	[no test files]
?   	rtdal/generated/r-files/spam/R/tcrossprod	[no test files]
?   	rtdal/generated/r-files/spam/R/toepliz	[no test files]
?   	rtdal/generated/r-files/spam/R/xybind	[no test files]
?   	rtdal/generated/r-files/spam/demo/cholesky	[no test files]
?   	rtdal/generated/r-files/spam/demo/jss10-example1	[no test files]
?   	rtdal/generated/r-files/spam/demo/jss10-figures-table	[no test files]
?   	rtdal/generated/r-files/spam/demo/jss15-BYM	[no test files]
?   	rtdal/generated/r-files/spam/demo/jss15-Leroux	[no test files]
?   	rtdal/generated/r-files/spam/demo/spam	[no test files]
?   	rtdal/generated/r-files/spam/demo/timing	[no test files]
?   	rtdal/generated/r-files/spam/inst/doc/spam	[no test files]
?   	rtdal/generated/r-files/spam/tests/demo_cholesky	[no test files]
?   	rtdal/generated/r-files/spam/tests/demo_jss10-example1	[no test files]
?   	rtdal/generated/r-files/spam/tests/demo_jss10-figures-table	[no test files]
?   	rtdal/generated/r-files/spam/tests/demo_jss15-BYM	[no test files]
?   	rtdal/generated/r-files/spam/tests/demo_jss15-Leroux	[no test files]
?   	rtdal/generated/r-files/spam/tests/demo_spam	[no test files]
?   	rtdal/generated/r-files/spam/tests/demo_timing	[no test files]
?   	rtdal/generated/r-files/spam/tests/jss_areal_counts	[no test files]
?   	rtdal/generated/r-files/spam/tests/testthat	[no test files]
?   	rtdal/generated/r-files/spam/tests/testthat/helper	[no test files]
?   	rtdal/generated/r-files/spam/tests/testthat/test-constructors	[no test files]
?   	rtdal/generated/r-files/spam/tests/testthat/test-covmat	[no test files]
?   	rtdal/generated/r-files/spam/tests/testthat/test-crossprod	[no test files]
?   	rtdal/generated/r-files/spam/tests/testthat/test-definitions	[no test files]
?   	rtdal/generated/r-files/spam/tests/testthat/test-diff	[no test files]
?   	rtdal/generated/r-files/spam/tests/testthat/test-dim	[no test files]
?   	rtdal/generated/r-files/spam/tests/testthat/test-dist	[no test files]
?   	rtdal/generated/r-files/spam/tests/testthat/test-eigen	[no test files]
?   	rtdal/generated/r-files/spam/tests/testthat/test-helper	[no test files]
?   	rtdal/generated/r-files/spam/tests/testthat/test-kronecker	[no test files]
?   	rtdal/generated/r-files/spam/tests/testthat/test-math	[no test files]
?   	rtdal/generated/r-files/spam/tests/testthat/test-mle	[no test files]
?   	rtdal/generated/r-files/spam/tests/testthat/test-ops	[no test files]
?   	rtdal/generated/r-files/spam/tests/testthat/test-overall	[no test files]
?   	rtdal/generated/r-files/spam/tests/testthat/test-permutation	[no test files]
?   	rtdal/generated/r-files/spam/tests/testthat/test-profile	[no test files]
?   	rtdal/generated/r-files/spam/tests/testthat/test-random	[no test files]
?   	rtdal/generated/r-files/spam/tests/testthat/test-rep_len64	[no test files]
?   	rtdal/generated/r-files/spam/tests/testthat/test-rmvnorm	[no test files]
?   	rtdal/generated/r-files/spam/tests/testthat/test-rowcolstats	[no test files]
?   	rtdal/generated/r-files/spam/tests/testthat/test-solve	[no test files]
?   	rtdal/generated/r-files/spam/tests/testthat/test-spamlist	[no test files]
?   	rtdal/generated/r-files/spam/tests/testthat/test-subset	[no test files]
?   	rtdal/generated/r-files/spam/tests/testthat/test-xybind	[no test files]
?   	rtdal/generated/r-files/spatial/R/kr	[no test files]
?   	rtdal/generated/r-files/spatial/R/pp	[no test files]
?   	rtdal/generated/r-files/spatial/R/zzz	[no test files]
?   	rtdal/generated/r-files/spatialCovariance/R/11case	[no test files]
?   	rtdal/generated/r-files/spatialCovariance/R/covarianceFunctions	[no test files]
?   	rtdal/generated/r-files/spatialCovariance/R/hypergeometrics	[no test files]
?   	rtdal/generated/r-files/spatialCovariance/R/ldt-analytic.apply	[no test files]
?   	rtdal/generated/r-files/spatialCovariance/R/numericalIntegral.apply	[no test files]
?   	rtdal/generated/r-files/spatialCovariance/R/oned-distance.simplified	[no test files]
?   	rtdal/generated/r-files/spatialCovariance/R/oned.getV	[no test files]
?   	rtdal/generated/r-files/spatialCovariance/R/oned.getV.precompute	[no test files]
?   	rtdal/generated/r-files/spatialCovariance/R/oned.getV.update	[no test files]
?   	rtdal/generated/r-files/spatialCovariance/R/power-analytic.apply	[no test files]
?   	rtdal/generated/r-files/spatialCovariance/tests/spatialCovTests	[no test files]
?   	rtdal/generated/r-files/spatstat/R/First	[no test files]
?   	rtdal/generated/r-files/spatstat/R/beginner	[no test files]
?   	rtdal/generated/r-files/spatstat/R/bugtable	[no test files]
?   	rtdal/generated/r-files/spatstat/R/changes	[no test files]
?   	rtdal/generated/r-files/spatstat/R/news	[no test files]
?   	rtdal/generated/r-files/spatstat/demo/data	[no test files]
?   	rtdal/generated/r-files/spatstat/demo/diagnose	[no test files]
?   	rtdal/generated/r-files/spatstat/demo/spatstat	[no test files]
?   	rtdal/generated/r-files/spatstat/demo/sumfun	[no test files]
?   	rtdal/generated/r-files/spatstat/inst/doc/NAobjects	[no test files]
?   	rtdal/generated/r-files/spatstat/inst/doc/bugfixes	[no test files]
?   	rtdal/generated/r-files/spatstat/inst/doc/datasets	[no test files]
?   	rtdal/generated/r-files/spatstat/inst/doc/fv	[no test files]
?   	rtdal/generated/r-files/spatstat/inst/doc/getstart	[no test files]
?   	rtdal/generated/r-files/spatstat/inst/doc/replicated	[no test files]
?   	rtdal/generated/r-files/spatstat/inst/doc/shapefiles	[no test files]
?   	rtdal/generated/r-files/spatstat/inst/doc/updates	[no test files]
?   	rtdal/generated/r-files/spatstat.data/R/copyExampleFiles	[no test files]
?   	rtdal/generated/r-files/spatstat.explore/R/FGmultiInhom	[no test files]
?   	rtdal/generated/r-files/spatstat.explore/R/Fest	[no test files]
?   	rtdal/generated/r-files/spatstat.explore/R/First	[no test files]
?   	rtdal/generated/r-files/spatstat.explore/R/GJfox	[no test files]
?   	rtdal/generated/r-files/spatstat.explore/R/Gest	[no test files]
?   	rtdal/generated/r-files/spatstat.explore/R/Gmulti	[no test files]
?   	rtdal/generated/r-files/spatstat.explore/R/Hest	[no test files]
?   	rtdal/generated/r-files/spatstat.explore/R/Iest	[no test files]
?   	rtdal/generated/r-files/spatstat.explore/R/Jest	[no test files]
?   	rtdal/generated/r-files/spatstat.explore/R/Jinhom	[no test files]
?   	rtdal/generated/r-files/spatstat.explore/R/Jmulti	[no test files]
?   	rtdal/generated/r-files/spatstat.explore/R/Jmulti.inhom	[no test files]
?   	rtdal/generated/r-files/spatstat.explore/R/Kest	[no test files]
?   	rtdal/generated/r-files/spatstat.explore/R/Kinhom	[no test files]
?   	rtdal/generated/r-files/spatstat.explore/R/Kmeasure	[no test files]
?   	rtdal/generated/r-files/spatstat.explore/R/Kmulti	[no test files]
?   	rtdal/generated/r-files/spatstat.explore/R/Kmulti.inhom	[no test files]
?   	rtdal/generated/r-files/spatstat.explore/R/Kscaled	[no test files]
?   	rtdal/generated/r-files/spatstat.explore/R/Ksector	[no test files]
?   	rtdal/generated/r-files/spatstat.explore/R/Math.fasp	[no test files]
?   	rtdal/generated/r-files/spatstat.explore/R/Math.fv	[no test files]
?   	rtdal/generated/r-files/spatstat.explore/R/SmoothHeat	[no test files]
?   	rtdal/generated/r-files/spatstat.explore/R/Tstat	[no test files]
?   	rtdal/generated/r-files/spatstat.explore/R/adaptive.density	[no test files]
?   	rtdal/generated/r-files/spatstat.explore/R/allstats	[no test files]
?   	rtdal/generated/r-files/spatstat.explore/R/alltypes	[no test files]
?   	rtdal/generated/r-files/spatstat.explore/R/auc	[no test files]
?   	rtdal/generated/r-files/spatstat.explore/R/bermantest	[no test files]
?   	rtdal/generated/r-files/spatstat.explore/R/blur	[no test files]
?   	rtdal/generated/r-files/spatstat.explore/R/blurHeat	[no test files]
?   	rtdal/generated/r-files/spatstat.explore/R/boyce	[no test files]
?   	rtdal/generated/r-files/spatstat.explore/R/bw.CvL	[no test files]
?   	rtdal/generated/r-files/spatstat.explore/R/bw.CvL.adaptive	[no test files]
?   	rtdal/generated/r-files/spatstat.explore/R/bw.CvLHeat	[no test files]
?   	rtdal/generated/r-files/spatstat.explore/R/bw.abram.ppp	[no test files]
?   	rtdal/generated/r-files/spatstat.explore/R/bw.bdh	[no test files]
?   	rtdal/generated/r-files/spatstat.explore/R/bw.diggle	[no test files]
?   	rtdal/generated/r-files/spatstat.explore/R/bw.frac	[no test files]
?   	rtdal/generated/r-files/spatstat.explore/R/bw.optim	[no test files]
?   	rtdal/generated/r-files/spatstat.explore/R/bw.pcf	[no test files]
?   	rtdal/generated/r-files/spatstat.explore/R/bw.ppl	[no test files]
?   	rtdal/generated/r-files/spatstat.explore/R/bw.pplHeat	[no test files]
?   	rtdal/generated/r-files/spatstat.explore/R/bw.scott	[no test files]
?   	rtdal/generated/r-files/spatstat.explore/R/bw.stoyan	[no test files]
?   	rtdal/generated/r-files/spatstat.explore/R/cdftest	[no test files]
?   	rtdal/generated/r-files/spatstat.explore/R/circdensity	[no test files]
?   	rtdal/generated/r-files/spatstat.explore/R/clarkevans	[no test files]
?   	rtdal/generated/r-files/spatstat.explore/R/clusterset	[no test files]
?   	rtdal/generated/r-files/spatstat.explore/R/compileCDF	[no test files]
?   	rtdal/generated/r-files/spatstat.explore/R/compileK	[no test files]
?   	rtdal/generated/r-files/spatstat.explore/R/coxmap	[no test files]
?   	rtdal/generated/r-files/spatstat.explore/R/dclftest	[no test files]
?   	rtdal/generated/r-files/spatstat.explore/R/density.ppp	[no test files]
?   	rtdal/generated/r-files/spatstat.explore/R/density.psp	[no test files]
?   	rtdal/generated/r-files/spatstat.explore/R/densityAdaptiveKernel.ppp	[no test files]
?   	rtdal/generated/r-files/spatstat.explore/R/densityHeat.ppp	[no test files]
?   	rtdal/generated/r-files/spatstat.explore/R/densityVoronoi	[no test files]
?   	rtdal/generated/r-files/spatstat.explore/R/densityfun	[no test files]
?   	rtdal/generated/r-files/spatstat.explore/R/derivfv	[no test files]
?   	rtdal/generated/r-files/spatstat.explore/R/digestCovariates	[no test files]
?   	rtdal/generated/r-files/spatstat.explore/R/distcdf	[no test files]
?   	rtdal/generated/r-files/spatstat.explore/R/edgeRipley	[no test files]
?   	rtdal/generated/r-files/spatstat.explore/R/edgeTrans	[no test files]
?   	rtdal/generated/r-files/spatstat.explore/R/envelope	[no test files]
?   	rtdal/generated/r-files/spatstat.explore/R/envelope3	[no test files]
?   	rtdal/generated/r-files/spatstat.explore/R/envelopeArray	[no test files]
?   	rtdal/generated/r-files/spatstat.explore/R/envelopeClass	[no test files]
?   	rtdal/generated/r-files/spatstat.explore/R/envelopeEngine	[no test files]
?   	rtdal/generated/r-files/spatstat.explore/R/eval.fasp	[no test files]
?   	rtdal/generated/r-files/spatstat.explore/R/eval.fv	[no test files]
?   	rtdal/generated/r-files/spatstat.explore/R/evaluatecovariates	[no test files]
?   	rtdal/generated/r-files/spatstat.explore/R/evidence	[no test files]
?   	rtdal/generated/r-files/spatstat.explore/R/exactppm	[no test files]
?   	rtdal/generated/r-files/spatstat.explore/R/fasp	[no test files]
?   	rtdal/generated/r-files/spatstat.explore/R/fgk3	[no test files]
?   	rtdal/generated/r-files/spatstat.explore/R/fryplot	[no test files]
?   	rtdal/generated/r-files/spatstat.explore/R/fv	[no test files]
?   	rtdal/generated/r-files/spatstat.explore/R/hasenvelope	[no test files]
?   	rtdal/generated/r-files/spatstat.explore/R/hopskel	[no test files]
?   	rtdal/generated/r-files/spatstat.explore/R/hotbox	[no test files]
?   	rtdal/generated/r-files/spatstat.explore/R/idw	[no test files]
?   	rtdal/generated/r-files/spatstat.explore/R/kernel2d	[no test files]
?   	rtdal/generated/r-files/spatstat.explore/R/laslett	[no test files]
?   	rtdal/generated/r-files/spatstat.explore/R/localK	[no test files]
?   	rtdal/generated/r-files/spatstat.explore/R/localKcross	[no test files]
?   	rtdal/generated/r-files/spatstat.explore/R/localpcf	[no test files]
?   	rtdal/generated/r-files/spatstat.explore/R/lohboot	[no test files]
?   	rtdal/generated/r-files/spatstat.explore/R/markcorr	[no test files]
?   	rtdal/generated/r-files/spatstat.explore/R/markmark	[no test files]
?   	rtdal/generated/r-files/spatstat.explore/R/marktable	[no test files]
?   	rtdal/generated/r-files/spatstat.explore/R/metriccontact	[no test files]
?   	rtdal/generated/r-files/spatstat.explore/R/monotonicRhoFun	[no test files]
?   	rtdal/generated/r-files/spatstat.explore/R/morisita	[no test files]
?   	rtdal/generated/r-files/spatstat.explore/R/nnclean	[no test files]
?   	rtdal/generated/r-files/spatstat.explore/R/nncorr	[no test files]
?   	rtdal/generated/r-files/spatstat.explore/R/nncount	[no test files]
?   	rtdal/generated/r-files/spatstat.explore/R/nndensity	[no test files]
?   	rtdal/generated/r-files/spatstat.explore/R/nnorient	[no test files]
?   	rtdal/generated/r-files/spatstat.explore/R/pairorient	[no test files]
?   	rtdal/generated/r-files/spatstat.explore/R/pairs.im	[no test files]
?   	rtdal/generated/r-files/spatstat.explore/R/pcf	[no test files]
?   	rtdal/generated/r-files/spatstat.explore/R/pcfFromK	[no test files]
?   	rtdal/generated/r-files/spatstat.explore/R/pcfinhom	[no test files]
?   	rtdal/generated/r-files/spatstat.explore/R/pcfmulti	[no test files]
?   	rtdal/generated/r-files/spatstat.explore/R/pcfmulti.inhom	[no test files]
?   	rtdal/generated/r-files/spatstat.explore/R/plot.fasp	[no test files]
?   	rtdal/generated/r-files/spatstat.explore/R/plot.fv	[no test files]
?   	rtdal/generated/r-files/spatstat.explore/R/pool	[no test files]
?   	rtdal/generated/r-files/spatstat.explore/R/ppqq	[no test files]
?   	rtdal/generated/r-files/spatstat.explore/R/prettyweird	[no test files]
?   	rtdal/generated/r-files/spatstat.explore/R/progressplots	[no test files]
?   	rtdal/generated/r-files/spatstat.explore/R/ptwise	[no test files]
?   	rtdal/generated/r-files/spatstat.explore/R/quadrattest	[no test files]
?   	rtdal/generated/r-files/spatstat.explore/R/radcum	[no test files]
?   	rtdal/generated/r-files/spatstat.explore/R/rat	[no test files]
?   	rtdal/generated/r-files/spatstat.explore/R/relrisk	[no test files]
?   	rtdal/generated/r-files/spatstat.explore/R/relriskHeat	[no test files]
?   	rtdal/generated/r-files/spatstat.explore/R/resolve.lambda	[no test files]
?   	rtdal/generated/r-files/spatstat.explore/R/rho2hat	[no test files]
?   	rtdal/generated/r-files/spatstat.explore/R/rhohat	[no test files]
?   	rtdal/generated/r-files/spatstat.explore/R/roc	[no test files]
?   	rtdal/generated/r-files/spatstat.explore/R/rose	[no test files]
?   	rtdal/generated/r-files/spatstat.explore/R/rotmean	[no test files]
?   	rtdal/generated/r-files/spatstat.explore/R/scanstat	[no test files]
?   	rtdal/generated/r-files/spatstat.explore/R/scriptUtils	[no test files]
?   	rtdal/generated/r-files/spatstat.explore/R/sdr	[no test files]
?   	rtdal/generated/r-files/spatstat.explore/R/segtest	[no test files]
?   	rtdal/generated/r-files/spatstat.explore/R/sharpen	[no test files]
?   	rtdal/generated/r-files/spatstat.explore/R/sigtrace	[no test files]
?   	rtdal/generated/r-files/spatstat.explore/R/smooth.ppp	[no test files]
?   	rtdal/generated/r-files/spatstat.explore/R/smoothAdaptiveKernel.ppp	[no test files]
?   	rtdal/generated/r-files/spatstat.explore/R/smoothfun	[no test files]
?   	rtdal/generated/r-files/spatstat.explore/R/smoothfv	[no test files]
?   	rtdal/generated/r-files/spatstat.explore/R/spatcov	[no test files]
?   	rtdal/generated/r-files/spatstat.explore/R/spatialQuantile	[no test files]
?   	rtdal/generated/r-files/spatstat.explore/R/spatialcdf	[no test files]
?   	rtdal/generated/r-files/spatstat.explore/R/ssf	[no test files]
?   	rtdal/generated/r-files/spatstat.explore/R/stienen	[no test files]
?   	rtdal/generated/r-files/spatstat.explore/R/studpermutest	[no test files]
?   	rtdal/generated/r-files/spatstat.explore/R/thresholding	[no test files]
?   	rtdal/generated/r-files/spatstat.explore/R/tolcon	[no test files]
?   	rtdal/generated/r-files/spatstat.explore/R/transect	[no test files]
?   	rtdal/generated/r-files/spatstat.explore/R/twostage	[no test files]
?   	rtdal/generated/r-files/spatstat.explore/R/varblock	[no test files]
?   	rtdal/generated/r-files/spatstat.explore/R/wtdclosepair	[no test files]
?   	rtdal/generated/r-files/spatstat.explore/R/youden	[no test files]
?   	rtdal/generated/r-files/spatstat.explore/tests/testsAtoC	[no test files]
?   	rtdal/generated/r-files/spatstat.explore/tests/testsD	[no test files]
?   	rtdal/generated/r-files/spatstat.explore/tests/testsEtoF	[no test files]
?   	rtdal/generated/r-files/spatstat.explore/tests/testsGtoJ	[no test files]
?   	rtdal/generated/r-files/spatstat.explore/tests/testsK	[no test files]
?   	rtdal/generated/r-files/spatstat.explore/tests/testsL	[no test files]
?   	rtdal/generated/r-files/spatstat.explore/tests/testsM	[no test files]
?   	rtdal/generated/r-files/spatstat.explore/tests/testsNtoO	[no test files]
?   	rtdal/generated/r-files/spatstat.explore/tests/testsP1	[no test files]
?   	rtdal/generated/r-files/spatstat.explore/tests/testsP2	[no test files]
?   	rtdal/generated/r-files/spatstat.explore/tests/testsQ	[no test files]
?   	rtdal/generated/r-files/spatstat.explore/tests/testsR1	[no test files]
?   	rtdal/generated/r-files/spatstat.explore/tests/testsR2	[no test files]
?   	rtdal/generated/r-files/spatstat.explore/tests/testsS	[no test files]
?   	rtdal/generated/r-files/spatstat.explore/tests/testsT	[no test files]
?   	rtdal/generated/r-files/spatstat.explore/tests/testsUtoZ	[no test files]
?   	rtdal/generated/r-files/spatstat.geom/R/First	[no test files]
?   	rtdal/generated/r-files/spatstat.geom/R/Math.im	[no test files]
?   	rtdal/generated/r-files/spatstat.geom/R/Math.imlist	[no test files]
?   	rtdal/generated/r-files/spatstat.geom/R/NAobjects	[no test files]
?   	rtdal/generated/r-files/spatstat.geom/R/aaa	[no test files]
?   	rtdal/generated/r-files/spatstat.geom/R/affine	[no test files]
?   	rtdal/generated/r-files/spatstat.geom/R/applynbd	[no test files]
?   	rtdal/generated/r-files/spatstat.geom/R/areadiff	[no test files]
?   	rtdal/generated/r-files/spatstat.geom/R/as.im	[no test files]
?   	rtdal/generated/r-files/spatstat.geom/R/boundingbox	[no test files]
?   	rtdal/generated/r-files/spatstat.geom/R/boundingcircle	[no test files]
?   	rtdal/generated/r-files/spatstat.geom/R/breakptgeom	[no test files]
?   	rtdal/generated/r-files/spatstat.geom/R/bufftess	[no test files]
?   	rtdal/generated/r-files/spatstat.geom/R/by.ppp	[no test files]
?   	rtdal/generated/r-files/spatstat.geom/R/centroid	[no test files]
?   	rtdal/generated/r-files/spatstat.geom/R/circarcs	[no test files]
?   	rtdal/generated/r-files/spatstat.geom/R/classes	[no test files]
?   	rtdal/generated/r-files/spatstat.geom/R/clickpoly	[no test files]
?   	rtdal/generated/r-files/spatstat.geom/R/clickppp	[no test files]
?   	rtdal/generated/r-files/spatstat.geom/R/clip.psp	[no test files]
?   	rtdal/generated/r-files/spatstat.geom/R/close3Dpairs	[no test files]
?   	rtdal/generated/r-files/spatstat.geom/R/closepairs	[no test files]
?   	rtdal/generated/r-files/spatstat.geom/R/colourschemes	[no test files]
?   	rtdal/generated/r-files/spatstat.geom/R/colourtables	[no test files]
?   	rtdal/generated/r-files/spatstat.geom/R/colourtools	[no test files]
?   	rtdal/generated/r-files/spatstat.geom/R/connected	[no test files]
?   	rtdal/generated/r-files/spatstat.geom/R/convexdist	[no test files]
?   	rtdal/generated/r-files/spatstat.geom/R/convexify	[no test files]
?   	rtdal/generated/r-files/spatstat.geom/R/covering	[no test files]
?   	rtdal/generated/r-files/spatstat.geom/R/cut.ppp	[no test files]
?   	rtdal/generated/r-files/spatstat.geom/R/deldir	[no test files]
?   	rtdal/generated/r-files/spatstat.geom/R/deltametric	[no test files]
?   	rtdal/generated/r-files/spatstat.geom/R/diagram	[no test files]
?   	rtdal/generated/r-files/spatstat.geom/R/disc	[no test files]
?   	rtdal/generated/r-files/spatstat.geom/R/discarea	[no test files]
?   	rtdal/generated/r-files/spatstat.geom/R/dist2dpath	[no test files]
?   	rtdal/generated/r-files/spatstat.geom/R/distan3D	[no test files]
?   	rtdal/generated/r-files/spatstat.geom/R/distancemetrics	[no test files]
?   	rtdal/generated/r-files/spatstat.geom/R/distances	[no test files]
?   	rtdal/generated/r-files/spatstat.geom/R/distances.psp	[no test files]
?   	rtdal/generated/r-files/spatstat.geom/R/distanxD	[no test files]
?   	rtdal/generated/r-files/spatstat.geom/R/distbdry	[no test files]
?   	rtdal/generated/r-files/spatstat.geom/R/distfun	[no test files]
?   	rtdal/generated/r-files/spatstat.geom/R/distmap	[no test files]
?   	rtdal/generated/r-files/spatstat.geom/R/dummy	[no test files]
?   	rtdal/generated/r-files/spatstat.geom/R/edges2triangles	[no test files]
?   	rtdal/generated/r-files/spatstat.geom/R/edit	[no test files]
?   	rtdal/generated/r-files/spatstat.geom/R/eval.im	[no test files]
?   	rtdal/generated/r-files/spatstat.geom/R/exactPdt	[no test files]
?   	rtdal/generated/r-files/spatstat.geom/R/exactdt	[no test files]
?   	rtdal/generated/r-files/spatstat.geom/R/factors	[no test files]
?   	rtdal/generated/r-files/spatstat.geom/R/fardist	[no test files]
?   	rtdal/generated/r-files/spatstat.geom/R/fft	[no test files]
?   	rtdal/generated/r-files/spatstat.geom/R/flaky	[no test files]
?   	rtdal/generated/r-files/spatstat.geom/R/flipxy	[no test files]
?   	rtdal/generated/r-files/spatstat.geom/R/fourierbasis	[no test files]
?   	rtdal/generated/r-files/spatstat.geom/R/funxy	[no test files]
?   	rtdal/generated/r-files/spatstat.geom/R/hasclose	[no test files]
?   	rtdal/generated/r-files/spatstat.geom/R/headtail	[no test files]
?   	rtdal/generated/r-files/spatstat.geom/R/hexagons	[no test files]
?   	rtdal/generated/r-files/spatstat.geom/R/hyperframe	[no test files]
?   	rtdal/generated/r-files/spatstat.geom/R/hypersub	[no test files]
?   	rtdal/generated/r-files/spatstat.geom/R/images	[no test files]
?   	rtdal/generated/r-files/spatstat.geom/R/indicator	[no test files]
?   	rtdal/generated/r-files/spatstat.geom/R/infline	[no test files]
?   	rtdal/generated/r-files/spatstat.geom/R/intensity	[no test files]
?   	rtdal/generated/r-files/spatstat.geom/R/interp.im	[no test files]
?   	rtdal/generated/r-files/spatstat.geom/R/is	[no test files]
?   	rtdal/generated/r-files/spatstat.geom/R/is.subset.owin	[no test files]
?   	rtdal/generated/r-files/spatstat.geom/R/layered	[no test files]
?   	rtdal/generated/r-files/spatstat.geom/R/levelset	[no test files]
?   	rtdal/generated/r-files/spatstat.geom/R/listof	[no test files]
?   	rtdal/generated/r-files/spatstat.geom/R/logiquad	[no test files]
?   	rtdal/generated/r-files/spatstat.geom/R/marks	[no test files]
?   	rtdal/generated/r-files/spatstat.geom/R/metricPdt	[no test files]
?   	rtdal/generated/r-files/spatstat.geom/R/minkowski	[no test files]
?   	rtdal/generated/r-files/spatstat.geom/R/minnndist	[no test files]
?   	rtdal/generated/r-files/spatstat.geom/R/morphology	[no test files]
?   	rtdal/generated/r-files/spatstat.geom/R/nearestsegment	[no test files]
?   	rtdal/generated/r-files/spatstat.geom/R/needpackage	[no test files]
?   	rtdal/generated/r-files/spatstat.geom/R/nncross	[no test files]
?   	rtdal/generated/r-files/spatstat.geom/R/nncross3D	[no test files]
?   	rtdal/generated/r-files/spatstat.geom/R/nndist	[no test files]
?   	rtdal/generated/r-files/spatstat.geom/R/nnfun	[no test files]
?   	rtdal/generated/r-files/spatstat.geom/R/nnmap	[no test files]
?   	rtdal/generated/r-files/spatstat.geom/R/nnmark	[no test files]
?   	rtdal/generated/r-files/spatstat.geom/R/nnutils	[no test files]
?   	rtdal/generated/r-files/spatstat.geom/R/options	[no test files]
?   	rtdal/generated/r-files/spatstat.geom/R/owin2mask	[no test files]
?   	rtdal/generated/r-files/spatstat.geom/R/periodify	[no test files]
?   	rtdal/generated/r-files/spatstat.geom/R/persp.im	[no test files]
?   	rtdal/generated/r-files/spatstat.geom/R/persp.ppp	[no test files]
?   	rtdal/generated/r-files/spatstat.geom/R/pickoption	[no test files]
?   	rtdal/generated/r-files/spatstat.geom/R/pixellate	[no test files]
?   	rtdal/generated/r-files/spatstat.geom/R/plot.anylist	[no test files]
?   	rtdal/generated/r-files/spatstat.geom/R/plot.im	[no test files]
?   	rtdal/generated/r-files/spatstat.geom/R/plot.owin	[no test files]
?   	rtdal/generated/r-files/spatstat.geom/R/plot.ppp	[no test files]
?   	rtdal/generated/r-files/spatstat.geom/R/plot.psp	[no test files]
?   	rtdal/generated/r-files/spatstat.geom/R/plot3d	[no test files]
?   	rtdal/generated/r-files/spatstat.geom/R/pointsonlines	[no test files]
?   	rtdal/generated/r-files/spatstat.geom/R/pointweights	[no test files]
?   	rtdal/generated/r-files/spatstat.geom/R/polartess	[no test files]
?   	rtdal/generated/r-files/spatstat.geom/R/polygood	[no test files]
?   	rtdal/generated/r-files/spatstat.geom/R/pp3	[no test files]
?   	rtdal/generated/r-files/spatstat.geom/R/ppp	[no test files]
?   	rtdal/generated/r-files/spatstat.geom/R/pppmatch	[no test files]
?   	rtdal/generated/r-files/spatstat.geom/R/ppx	[no test files]
?   	rtdal/generated/r-files/spatstat.geom/R/psp	[no test files]
?   	rtdal/generated/r-files/spatstat.geom/R/psp2pix	[no test files]
?   	rtdal/generated/r-files/spatstat.geom/R/pspcross	[no test files]
?   	rtdal/generated/r-files/spatstat.geom/R/quadclass	[no test files]
?   	rtdal/generated/r-files/spatstat.geom/R/quadratcount	[no test files]
?   	rtdal/generated/r-files/spatstat.geom/R/quadscheme	[no test files]
?   	rtdal/generated/r-files/spatstat.geom/R/quantess	[no test files]
?   	rtdal/generated/r-files/spatstat.geom/R/quasirandom	[no test files]
?   	rtdal/generated/r-files/spatstat.geom/R/randombasic	[no test files]
?   	rtdal/generated/r-files/spatstat.geom/R/randomseg	[no test files]
?   	rtdal/generated/r-files/spatstat.geom/R/rasterfilter	[no test files]
?   	rtdal/generated/r-files/spatstat.geom/R/replace.ppp	[no test files]
?   	rtdal/generated/r-files/spatstat.geom/R/rescale	[no test files]
?   	rtdal/generated/r-files/spatstat.geom/R/rescue.rectangle	[no test files]
?   	rtdal/generated/r-files/spatstat.geom/R/ripras	[no test files]
?   	rtdal/generated/r-files/spatstat.geom/R/rotate	[no test files]
?   	rtdal/generated/r-files/spatstat.geom/R/round	[no test files]
?   	rtdal/generated/r-files/spatstat.geom/R/setcov	[no test files]
?   	rtdal/generated/r-files/spatstat.geom/R/simplepanel	[no test files]
?   	rtdal/generated/r-files/spatstat.geom/R/solist	[no test files]
?   	rtdal/generated/r-files/spatstat.geom/R/split.ppp	[no test files]
?   	rtdal/generated/r-files/spatstat.geom/R/split.ppx	[no test files]
?   	rtdal/generated/r-files/spatstat.geom/R/sptfun	[no test files]
?   	rtdal/generated/r-files/spatstat.geom/R/subset	[no test files]
?   	rtdal/generated/r-files/spatstat.geom/R/summary.im	[no test files]
?   	rtdal/generated/r-files/spatstat.geom/R/summary.quad	[no test files]
?   	rtdal/generated/r-files/spatstat.geom/R/superimpose	[no test files]
?   	rtdal/generated/r-files/spatstat.geom/R/symbolmap	[no test files]
?   	rtdal/generated/r-files/spatstat.geom/R/terse	[no test files]
?   	rtdal/generated/r-files/spatstat.geom/R/tess	[no test files]
?   	rtdal/generated/r-files/spatstat.geom/R/tessfun	[no test files]
?   	rtdal/generated/r-files/spatstat.geom/R/texture	[no test files]
?   	rtdal/generated/r-files/spatstat.geom/R/timed	[no test files]
?   	rtdal/generated/r-files/spatstat.geom/R/transmat	[no test files]
?   	rtdal/generated/r-files/spatstat.geom/R/triangulate	[no test files]
?   	rtdal/generated/r-files/spatstat.geom/R/unique.ppp	[no test files]
?   	rtdal/generated/r-files/spatstat.geom/R/uniquemap.ppp	[no test files]
?   	rtdal/generated/r-files/spatstat.geom/R/units	[no test files]
?   	rtdal/generated/r-files/spatstat.geom/R/unstack	[no test files]
?   	rtdal/generated/r-files/spatstat.geom/R/util	[no test files]
?   	rtdal/generated/r-files/spatstat.geom/R/versions	[no test files]
?   	rtdal/generated/r-files/spatstat.geom/R/weights	[no test files]
?   	rtdal/generated/r-files/spatstat.geom/R/window	[no test files]
?   	rtdal/generated/r-files/spatstat.geom/R/wingeom	[no test files]
?   	rtdal/generated/r-files/spatstat.geom/R/xypolycomponents	[no test files]
?   	rtdal/generated/r-files/spatstat.geom/inst/ratfor/dppll	[no test files]
?   	rtdal/generated/r-files/spatstat.geom/inst/ratfor/inxypOld	[no test files]
?   	rtdal/generated/r-files/spatstat.geom/tests/testsAtoC	[no test files]
?   	rtdal/generated/r-files/spatstat.geom/tests/testsD	[no test files]
?   	rtdal/generated/r-files/spatstat.geom/tests/testsEtoF	[no test files]
?   	rtdal/generated/r-files/spatstat.geom/tests/testsGtoJ	[no test files]
?   	rtdal/generated/r-files/spatstat.geom/tests/testsK	[no test files]
?   	rtdal/generated/r-files/spatstat.geom/tests/testsL	[no test files]
?   	rtdal/generated/r-files/spatstat.geom/tests/testsM	[no test files]
?   	rtdal/generated/r-files/spatstat.geom/tests/testsNtoO	[no test files]
?   	rtdal/generated/r-files/spatstat.geom/tests/testsP1	[no test files]
?   	rtdal/generated/r-files/spatstat.geom/tests/testsP2	[no test files]
?   	rtdal/generated/r-files/spatstat.geom/tests/testsQ	[no test files]
?   	rtdal/generated/r-files/spatstat.geom/tests/testsR	[no test files]
?   	rtdal/generated/r-files/spatstat.geom/tests/testsS	[no test files]
?   	rtdal/generated/r-files/spatstat.geom/tests/testsT	[no test files]
?   	rtdal/generated/r-files/spatstat.geom/tests/testsUtoZ	[no test files]
?   	rtdal/generated/r-files/spatstat.linnet/R/First	[no test files]
?   	rtdal/generated/r-files/spatstat.linnet/R/Math.linim	[no test files]
?   	rtdal/generated/r-files/spatstat.linnet/R/Math.linimlist	[no test files]
?   	rtdal/generated/r-files/spatstat.linnet/R/auclpp	[no test files]
?   	rtdal/generated/r-files/spatstat.linnet/R/bermanlpp	[no test files]
?   	rtdal/generated/r-files/spatstat.linnet/R/bw.lppl	[no test files]
?   	rtdal/generated/r-files/spatstat.linnet/R/cdftestlpp	[no test files]
?   	rtdal/generated/r-files/spatstat.linnet/R/clickjoin	[no test files]
?   	rtdal/generated/r-files/spatstat.linnet/R/clicklpp	[no test files]
?   	rtdal/generated/r-files/spatstat.linnet/R/crossdistlpp	[no test files]
?   	rtdal/generated/r-files/spatstat.linnet/R/deldirnet	[no test files]
?   	rtdal/generated/r-files/spatstat.linnet/R/density.loo	[no test files]
?   	rtdal/generated/r-files/spatstat.linnet/R/density.lpp	[no test files]
?   	rtdal/generated/r-files/spatstat.linnet/R/densityfunlpp	[no test files]
?   	rtdal/generated/r-files/spatstat.linnet/R/densitylppVoronoi	[no test files]
?   	rtdal/generated/r-files/spatstat.linnet/R/diaglppm	[no test files]
?   	rtdal/generated/r-files/spatstat.linnet/R/distfunlpp	[no test files]
?   	rtdal/generated/r-files/spatstat.linnet/R/envelopelpp	[no test files]
?   	rtdal/generated/r-files/spatstat.linnet/R/eval.linim	[no test files]
?   	rtdal/generated/r-files/spatstat.linnet/R/evalcovarlppm	[no test files]
?   	rtdal/generated/r-files/spatstat.linnet/R/evaluateNetCovariate	[no test files]
?   	rtdal/generated/r-files/spatstat.linnet/R/evidencelppm	[no test files]
?   	rtdal/generated/r-files/spatstat.linnet/R/exactlppm	[no test files]
?   	rtdal/generated/r-files/spatstat.linnet/R/heatapprox	[no test files]
?   	rtdal/generated/r-files/spatstat.linnet/R/lindirichlet	[no test files]
?   	rtdal/generated/r-files/spatstat.linnet/R/linearJinhom	[no test files]
?   	rtdal/generated/r-files/spatstat.linnet/R/linearK	[no test files]
?   	rtdal/generated/r-files/spatstat.linnet/R/linearKeuclid	[no test files]
?   	rtdal/generated/r-files/spatstat.linnet/R/linearKmulti	[no test files]
?   	rtdal/generated/r-files/spatstat.linnet/R/lineardisc	[no test files]
?   	rtdal/generated/r-files/spatstat.linnet/R/linearmrkcon	[no test files]
?   	rtdal/generated/r-files/spatstat.linnet/R/linearpcf	[no test files]
?   	rtdal/generated/r-files/spatstat.linnet/R/linearpcfmulti	[no test files]
?   	rtdal/generated/r-files/spatstat.linnet/R/linequad	[no test files]
?   	rtdal/generated/r-files/spatstat.linnet/R/linfun	[no test files]
?   	rtdal/generated/r-files/spatstat.linnet/R/linim	[no test files]
?   	rtdal/generated/r-files/spatstat.linnet/R/linnet	[no test files]
?   	rtdal/generated/r-files/spatstat.linnet/R/linnetsurgery	[no test files]
?   	rtdal/generated/r-files/spatstat.linnet/R/lintess	[no test files]
?   	rtdal/generated/r-files/spatstat.linnet/R/lintessmakers	[no test files]
?   	rtdal/generated/r-files/spatstat.linnet/R/lixellate	[no test files]
?   	rtdal/generated/r-files/spatstat.linnet/R/lpp	[no test files]
?   	rtdal/generated/r-files/spatstat.linnet/R/lppm	[no test files]
?   	rtdal/generated/r-files/spatstat.linnet/R/lurklppm	[no test files]
?   	rtdal/generated/r-files/spatstat.linnet/R/nndistlpp	[no test files]
?   	rtdal/generated/r-files/spatstat.linnet/R/nnfromvertex	[no test files]
?   	rtdal/generated/r-files/spatstat.linnet/R/nnfunlpp	[no test files]
?   	rtdal/generated/r-files/spatstat.linnet/R/pairdistlpp	[no test files]
?   	rtdal/generated/r-files/spatstat.linnet/R/perspex	[no test files]
?   	rtdal/generated/r-files/spatstat.linnet/R/qqplotLppm	[no test files]
?   	rtdal/generated/r-files/spatstat.linnet/R/quadratcountlpp	[no test files]
?   	rtdal/generated/r-files/spatstat.linnet/R/quadrattestlpp	[no test files]
?   	rtdal/generated/r-files/spatstat.linnet/R/quickndirty	[no test files]
?   	rtdal/generated/r-files/spatstat.linnet/R/rThomaslpp	[no test files]
?   	rtdal/generated/r-files/spatstat.linnet/R/randomlpp	[no test files]
?   	rtdal/generated/r-files/spatstat.linnet/R/rcelllpp	[no test files]
?   	rtdal/generated/r-files/spatstat.linnet/R/relrisk.lpp	[no test files]
?   	rtdal/generated/r-files/spatstat.linnet/R/resolve.lambdalpp	[no test files]
?   	rtdal/generated/r-files/spatstat.linnet/R/rhohatlpp	[no test files]
?   	rtdal/generated/r-files/spatstat.linnet/R/roclpp	[no test files]
?   	rtdal/generated/r-files/spatstat.linnet/R/sdr	[no test files]
?   	rtdal/generated/r-files/spatstat.linnet/R/shortestpath	[no test files]
?   	rtdal/generated/r-files/spatstat.linnet/R/simulatelppm	[no test files]
?   	rtdal/generated/r-files/spatstat.linnet/R/smooth.lpp	[no test files]
?   	rtdal/generated/r-files/spatstat.linnet/R/subsetlpp	[no test files]
?   	rtdal/generated/r-files/spatstat.linnet/R/treebranches	[no test files]
?   	rtdal/generated/r-files/spatstat.linnet/R/unstacklpp	[no test files]
?   	rtdal/generated/r-files/spatstat.linnet/inst/ratfor/dppll	[no test files]
?   	rtdal/generated/r-files/spatstat.linnet/inst/ratfor/inxypOld	[no test files]
?   	rtdal/generated/r-files/spatstat.linnet/tests/testsAtoK	[no test files]
?   	rtdal/generated/r-files/spatstat.linnet/tests/testsL	[no test files]
?   	rtdal/generated/r-files/spatstat.linnet/tests/testsMtoZ	[no test files]
?   	rtdal/generated/r-files/spatstat.model/R/First	[no test files]
?   	rtdal/generated/r-files/spatstat.model/R/Gcom	[no test files]
?   	rtdal/generated/r-files/spatstat.model/R/Gres	[no test files]
?   	rtdal/generated/r-files/spatstat.model/R/Kcom	[no test files]
?   	rtdal/generated/r-files/spatstat.model/R/Kmodel	[no test files]
?   	rtdal/generated/r-files/spatstat.model/R/Kres	[no test files]
?   	rtdal/generated/r-files/spatstat.model/R/aaaa	[no test files]
?   	rtdal/generated/r-files/spatstat.model/R/addvar	[no test files]
?   	rtdal/generated/r-files/spatstat.model/R/anova.mppm	[no test files]
?   	rtdal/generated/r-files/spatstat.model/R/anova.ppm	[no test files]
?   	rtdal/generated/r-files/spatstat.model/R/areainter	[no test files]
?   	rtdal/generated/r-files/spatstat.model/R/as.tess.rppm	[no test files]
?   	rtdal/generated/r-files/spatstat.model/R/aucmodel	[no test files]
?   	rtdal/generated/r-files/spatstat.model/R/augment.msr	[no test files]
?   	rtdal/generated/r-files/spatstat.model/R/badgey	[no test files]
?   	rtdal/generated/r-files/spatstat.model/R/bc	[no test files]
?   	rtdal/generated/r-files/spatstat.model/R/bermantest	[no test files]
?   	rtdal/generated/r-files/spatstat.model/R/cdf.test.mppm	[no test files]
?   	rtdal/generated/r-files/spatstat.model/R/cdftest	[no test files]
?   	rtdal/generated/r-files/spatstat.model/R/clusterfunctions	[no test files]
?   	rtdal/generated/r-files/spatstat.model/R/clusterprocess	[no test files]
?   	rtdal/generated/r-files/spatstat.model/R/compareFit	[no test files]
?   	rtdal/generated/r-files/spatstat.model/R/concom	[no test files]
?   	rtdal/generated/r-files/spatstat.model/R/detPPF-class	[no test files]
?   	rtdal/generated/r-files/spatstat.model/R/detpointprocfamilyfun	[no test files]
?   	rtdal/generated/r-files/spatstat.model/R/dffit	[no test files]
?   	rtdal/generated/r-files/spatstat.model/R/dg	[no test files]
?   	rtdal/generated/r-files/spatstat.model/R/dgs	[no test files]
?   	rtdal/generated/r-files/spatstat.model/R/diagnoseppm	[no test files]
?   	rtdal/generated/r-files/spatstat.model/R/dppm	[no test files]
?   	rtdal/generated/r-files/spatstat.model/R/dppmclass	[no test files]
?   	rtdal/generated/r-files/spatstat.model/R/dummify	[no test files]
?   	rtdal/generated/r-files/spatstat.model/R/eem	[no test files]
?   	rtdal/generated/r-files/spatstat.model/R/effectfun	[no test files]
?   	rtdal/generated/r-files/spatstat.model/R/enet	[no test files]
?   	rtdal/generated/r-files/spatstat.model/R/envelope	[no test files]
?   	rtdal/generated/r-files/spatstat.model/R/evidence	[no test files]
?   	rtdal/generated/r-files/spatstat.model/R/evidenceslrm	[no test files]
?   	rtdal/generated/r-files/spatstat.model/R/exactMPLEstrauss	[no test files]
?   	rtdal/generated/r-files/spatstat.model/R/fii	[no test files]
?   	rtdal/generated/r-files/spatstat.model/R/fiksel	[no test files]
?   	rtdal/generated/r-files/spatstat.model/R/fitted.mppm	[no test files]
?   	rtdal/generated/r-files/spatstat.model/R/fitted.ppm	[no test files]
?   	rtdal/generated/r-files/spatstat.model/R/getglmfit	[no test files]
?   	rtdal/generated/r-files/spatstat.model/R/geyer	[no test files]
?   	rtdal/generated/r-files/spatstat.model/R/hackglmm	[no test files]
?   	rtdal/generated/r-files/spatstat.model/R/hardcore	[no test files]
?   	rtdal/generated/r-files/spatstat.model/R/harmonic	[no test files]
?   	rtdal/generated/r-files/spatstat.model/R/hierarchy	[no test files]
?   	rtdal/generated/r-files/spatstat.model/R/hierhard	[no test files]
?   	rtdal/generated/r-files/spatstat.model/R/hierpair.family	[no test files]
?   	rtdal/generated/r-files/spatstat.model/R/hierstrauss	[no test files]
?   	rtdal/generated/r-files/spatstat.model/R/hierstrhard	[no test files]
?   	rtdal/generated/r-files/spatstat.model/R/ho	[no test files]
?   	rtdal/generated/r-files/spatstat.model/R/hybrid	[no test files]
?   	rtdal/generated/r-files/spatstat.model/R/hybrid.family	[no test files]
?   	rtdal/generated/r-files/spatstat.model/R/ic.kppm	[no test files]
?   	rtdal/generated/r-files/spatstat.model/R/inforder.family	[no test files]
?   	rtdal/generated/r-files/spatstat.model/R/intensity.ppm	[no test files]
?   	rtdal/generated/r-files/spatstat.model/R/interact	[no test files]
?   	rtdal/generated/r-files/spatstat.model/R/interactions	[no test files]
?   	rtdal/generated/r-files/spatstat.model/R/ippm	[no test files]
?   	rtdal/generated/r-files/spatstat.model/R/is	[no test files]
?   	rtdal/generated/r-files/spatstat.model/R/kppm	[no test files]
?   	rtdal/generated/r-files/spatstat.model/R/kppmCLadap	[no test files]
?   	rtdal/generated/r-files/spatstat.model/R/kppmComLik	[no test files]
?   	rtdal/generated/r-files/spatstat.model/R/kppmMinCon	[no test files]
?   	rtdal/generated/r-files/spatstat.model/R/kppmPalmLik	[no test files]
?   	rtdal/generated/r-files/spatstat.model/R/kppmWaagLik	[no test files]
?   	rtdal/generated/r-files/spatstat.model/R/lennard	[no test files]
?   	rtdal/generated/r-files/spatstat.model/R/leverage	[no test files]
?   	rtdal/generated/r-files/spatstat.model/R/logistic	[no test files]
?   	rtdal/generated/r-files/spatstat.model/R/lurking	[no test files]
?   	rtdal/generated/r-files/spatstat.model/R/lurkmppm	[no test files]
?   	rtdal/generated/r-files/spatstat.model/R/makepspace	[no test files]
?   	rtdal/generated/r-files/spatstat.model/R/measures	[no test files]
?   	rtdal/generated/r-files/spatstat.model/R/mincontrast	[no test files]
?   	rtdal/generated/r-files/spatstat.model/R/model.depends	[no test files]
?   	rtdal/generated/r-files/spatstat.model/R/mpl	[no test files]
?   	rtdal/generated/r-files/spatstat.model/R/mppm	[no test files]
?   	rtdal/generated/r-files/spatstat.model/R/multihard	[no test files]
?   	rtdal/generated/r-files/spatstat.model/R/multistrauss	[no test files]
?   	rtdal/generated/r-files/spatstat.model/R/multistrhard	[no test files]
?   	rtdal/generated/r-files/spatstat.model/R/newformula	[no test files]
?   	rtdal/generated/r-files/spatstat.model/R/objsurf	[no test files]
?   	rtdal/generated/r-files/spatstat.model/R/ord	[no test files]
?   	rtdal/generated/r-files/spatstat.model/R/ord.family	[no test files]
?   	rtdal/generated/r-files/spatstat.model/R/ordthresh	[no test files]
?   	rtdal/generated/r-files/spatstat.model/R/pairpiece	[no test files]
?   	rtdal/generated/r-files/spatstat.model/R/pairsat.family	[no test files]
?   	rtdal/generated/r-files/spatstat.model/R/pairwise	[no test files]
?   	rtdal/generated/r-files/spatstat.model/R/pairwise.family	[no test files]
?   	rtdal/generated/r-files/spatstat.model/R/palmdiagnose	[no test files]
?   	rtdal/generated/r-files/spatstat.model/R/panysib	[no test files]
?   	rtdal/generated/r-files/spatstat.model/R/parameters	[no test files]
?   	rtdal/generated/r-files/spatstat.model/R/parres	[no test files]
?   	rtdal/generated/r-files/spatstat.model/R/penttinen	[no test files]
?   	rtdal/generated/r-files/spatstat.model/R/percy	[no test files]
?   	rtdal/generated/r-files/spatstat.model/R/plot.mppm	[no test files]
?   	rtdal/generated/r-files/spatstat.model/R/plot.plotppm	[no test files]
?   	rtdal/generated/r-files/spatstat.model/R/plot.ppm	[no test files]
?   	rtdal/generated/r-files/spatstat.model/R/poisson	[no test files]
?   	rtdal/generated/r-files/spatstat.model/R/poissonfitsbetter	[no test files]
?   	rtdal/generated/r-files/spatstat.model/R/polynom	[no test files]
?   	rtdal/generated/r-files/spatstat.model/R/ppm	[no test files]
?   	rtdal/generated/r-files/spatstat.model/R/ppmclass	[no test files]
?   	rtdal/generated/r-files/spatstat.model/R/ppmcovariates	[no test files]
?   	rtdal/generated/r-files/spatstat.model/R/predict.ppm	[no test files]
?   	rtdal/generated/r-files/spatstat.model/R/predictmppm	[no test files]
?   	rtdal/generated/r-files/spatstat.model/R/profilepl	[no test files]
?   	rtdal/generated/r-files/spatstat.model/R/psst	[no test files]
?   	rtdal/generated/r-files/spatstat.model/R/psstA	[no test files]
?   	rtdal/generated/r-files/spatstat.model/R/psstG	[no test files]
?   	rtdal/generated/r-files/spatstat.model/R/qqplotppm	[no test files]
?   	rtdal/generated/r-files/spatstat.model/R/quadratmtest	[no test files]
?   	rtdal/generated/r-files/spatstat.model/R/quadrattest	[no test files]
?   	rtdal/generated/r-files/spatstat.model/R/reach	[no test files]
?   	rtdal/generated/r-files/spatstat.model/R/reduceformula	[no test files]
?   	rtdal/generated/r-files/spatstat.model/R/relrisk.ppm	[no test files]
?   	rtdal/generated/r-files/spatstat.model/R/resid4plot	[no test files]
?   	rtdal/generated/r-files/spatstat.model/R/residexactppm	[no test files]
?   	rtdal/generated/r-files/spatstat.model/R/residppm	[no test files]
?   	rtdal/generated/r-files/spatstat.model/R/residuals.mppm	[no test files]
?   	rtdal/generated/r-files/spatstat.model/R/response	[no test files]
?   	rtdal/generated/r-files/spatstat.model/R/rhohat	[no test files]
?   	rtdal/generated/r-files/spatstat.model/R/rhohat.slrm	[no test files]
?   	rtdal/generated/r-files/spatstat.model/R/rmh.ppm	[no test files]
?   	rtdal/generated/r-files/spatstat.model/R/rmhmodel.ppm	[no test files]
?   	rtdal/generated/r-files/spatstat.model/R/rocdropadd	[no test files]
?   	rtdal/generated/r-files/spatstat.model/R/rocmodel	[no test files]
?   	rtdal/generated/r-files/spatstat.model/R/rppm	[no test files]
?   	rtdal/generated/r-files/spatstat.model/R/satpiece	[no test files]
?   	rtdal/generated/r-files/spatstat.model/R/saturated	[no test files]
?   	rtdal/generated/r-files/spatstat.model/R/simulate.detPPF	[no test files]
?   	rtdal/generated/r-files/spatstat.model/R/simulatekppm	[no test files]
?   	rtdal/generated/r-files/spatstat.model/R/slrm	[no test files]
?   	rtdal/generated/r-files/spatstat.model/R/softcore	[no test files]
?   	rtdal/generated/r-files/spatstat.model/R/strauss	[no test files]
?   	rtdal/generated/r-files/spatstat.model/R/strausshard	[no test files]
?   	rtdal/generated/r-files/spatstat.model/R/subfits	[no test files]
?   	rtdal/generated/r-files/spatstat.model/R/suffstat	[no test files]
?   	rtdal/generated/r-files/spatstat.model/R/summary.dppm	[no test files]
?   	rtdal/generated/r-files/spatstat.model/R/summary.kppm	[no test files]
?   	rtdal/generated/r-files/spatstat.model/R/summary.mppm	[no test files]
?   	rtdal/generated/r-files/spatstat.model/R/summary.ppm	[no test files]
?   	rtdal/generated/r-files/spatstat.model/R/traj	[no test files]
?   	rtdal/generated/r-files/spatstat.model/R/triplet.family	[no test files]
?   	rtdal/generated/r-files/spatstat.model/R/triplets	[no test files]
?   	rtdal/generated/r-files/spatstat.model/R/update.ppm	[no test files]
?   	rtdal/generated/r-files/spatstat.model/R/varcount	[no test files]
?   	rtdal/generated/r-files/spatstat.model/R/vblogistic	[no test files]
?   	rtdal/generated/r-files/spatstat.model/R/vcov.kppm	[no test files]
?   	rtdal/generated/r-files/spatstat.model/R/vcov.mppm	[no test files]
?   	rtdal/generated/r-files/spatstat.model/R/vcov.ppm	[no test files]
?   	rtdal/generated/r-files/spatstat.model/R/zclustermodel	[no test files]
?   	rtdal/generated/r-files/spatstat.model/R/zgibbsmodel	[no test files]
?   	rtdal/generated/r-files/spatstat.model/tests/testsAtoC	[no test files]
?   	rtdal/generated/r-files/spatstat.model/tests/testsD	[no test files]
?   	rtdal/generated/r-files/spatstat.model/tests/testsEtoF	[no test files]
?   	rtdal/generated/r-files/spatstat.model/tests/testsGtoJ	[no test files]
?   	rtdal/generated/r-files/spatstat.model/tests/testsK	[no test files]
?   	rtdal/generated/r-files/spatstat.model/tests/testsL	[no test files]
?   	rtdal/generated/r-files/spatstat.model/tests/testsM	[no test files]
?   	rtdal/generated/r-files/spatstat.model/tests/testsNtoO	[no test files]
?   	rtdal/generated/r-files/spatstat.model/tests/testsP1	[no test files]
?   	rtdal/generated/r-files/spatstat.model/tests/testsP2	[no test files]
?   	rtdal/generated/r-files/spatstat.model/tests/testsQ	[no test files]
?   	rtdal/generated/r-files/spatstat.model/tests/testsR1	[no test files]
?   	rtdal/generated/r-files/spatstat.model/tests/testsR2	[no test files]
?   	rtdal/generated/r-files/spatstat.model/tests/testsS	[no test files]
?   	rtdal/generated/r-files/spatstat.model/tests/testsT	[no test files]
?   	rtdal/generated/r-files/spatstat.model/tests/testsUtoZ	[no test files]
?   	rtdal/generated/r-files/spatstat.random/R/First	[no test files]
?   	rtdal/generated/r-files/spatstat.random/R/clusterfunctions	[no test files]
?   	rtdal/generated/r-files/spatstat.random/R/clusterinfo	[no test files]
?   	rtdal/generated/r-files/spatstat.random/R/clusterprocess	[no test files]
?   	rtdal/generated/r-files/spatstat.random/R/clustersiminfo	[no test files]
?   	rtdal/generated/r-files/spatstat.random/R/condSimCox	[no test files]
?   	rtdal/generated/r-files/spatstat.random/R/defaultwin	[no test files]
?   	rtdal/generated/r-files/spatstat.random/R/hermite	[no test files]
?   	rtdal/generated/r-files/spatstat.random/R/is.cadlag	[no test files]
?   	rtdal/generated/r-files/spatstat.random/R/kraever	[no test files]
?   	rtdal/generated/r-files/spatstat.random/R/multipair.util	[no test files]
?   	rtdal/generated/r-files/spatstat.random/R/pakes	[no test files]
?   	rtdal/generated/r-files/spatstat.random/R/quadratresample	[no test files]
?   	rtdal/generated/r-files/spatstat.random/R/rLGCP	[no test files]
?   	rtdal/generated/r-files/spatstat.random/R/rPSNCP	[no test files]
?   	rtdal/generated/r-files/spatstat.random/R/rPerfect	[no test files]
?   	rtdal/generated/r-files/spatstat.random/R/rags	[no test files]
?   	rtdal/generated/r-files/spatstat.random/R/random	[no test files]
?   	rtdal/generated/r-files/spatstat.random/R/randomImage	[no test files]
?   	rtdal/generated/r-files/spatstat.random/R/randomNS	[no test files]
?   	rtdal/generated/r-files/spatstat.random/R/randomSSI	[no test files]
?   	rtdal/generated/r-files/spatstat.random/R/randomcircembed	[no test files]
?   	rtdal/generated/r-files/spatstat.random/R/randomfields	[no test files]
?   	rtdal/generated/r-files/spatstat.random/R/randommk	[no test files]
?   	rtdal/generated/r-files/spatstat.random/R/randomonlines	[no test files]
?   	rtdal/generated/r-files/spatstat.random/R/randompp3	[no test files]
?   	rtdal/generated/r-files/spatstat.random/R/randomppx	[no test files]
?   	rtdal/generated/r-files/spatstat.random/R/randomseg	[no test files]
?   	rtdal/generated/r-files/spatstat.random/R/randomsets	[no test files]
?   	rtdal/generated/r-files/spatstat.random/R/randomtess	[no test files]
?   	rtdal/generated/r-files/spatstat.random/R/rcauchy	[no test files]
?   	rtdal/generated/r-files/spatstat.random/R/rclusterBKBC	[no test files]
?   	rtdal/generated/r-files/spatstat.random/R/rdiffuse	[no test files]
?   	rtdal/generated/r-files/spatstat.random/R/reach	[no test files]
?   	rtdal/generated/r-files/spatstat.random/R/rknn	[no test files]
?   	rtdal/generated/r-files/spatstat.random/R/rlabel	[no test files]
?   	rtdal/generated/r-files/spatstat.random/R/rmatclust	[no test files]
?   	rtdal/generated/r-files/spatstat.random/R/rmh	[no test files]
?   	rtdal/generated/r-files/spatstat.random/R/rmh.default	[no test files]
?   	rtdal/generated/r-files/spatstat.random/R/rmhResolveTypes	[no test files]
?   	rtdal/generated/r-files/spatstat.random/R/rmhcontrol	[no test files]
?   	rtdal/generated/r-files/spatstat.random/R/rmhexpand	[no test files]
?   	rtdal/generated/r-files/spatstat.random/R/rmhmodel	[no test files]
?   	rtdal/generated/r-files/spatstat.random/R/rmhsnoop	[no test files]
?   	rtdal/generated/r-files/spatstat.random/R/rmhstart	[no test files]
?   	rtdal/generated/r-files/spatstat.random/R/rmhtemper	[no test files]
?   	rtdal/generated/r-files/spatstat.random/R/rshift	[no test files]
?   	rtdal/generated/r-files/spatstat.random/R/rshift.psp	[no test files]
?   	rtdal/generated/r-files/spatstat.random/R/rthomas	[no test files]
?   	rtdal/generated/r-files/spatstat.random/R/rvargamma	[no test files]
?   	rtdal/generated/r-files/spatstat.random/R/truncpois	[no test files]
?   	rtdal/generated/r-files/spatstat.random/tests/RMH	[no test files]
?   	rtdal/generated/r-files/spatstat.random/tests/Random	[no test files]
?   	rtdal/generated/r-files/spatstat.sparse/R/gridadjacency	[no test files]
?   	rtdal/generated/r-files/spatstat.sparse/R/halfmatrix	[no test files]
?   	rtdal/generated/r-files/spatstat.sparse/R/linalg	[no test files]
?   	rtdal/generated/r-files/spatstat.sparse/R/matrixpower	[no test files]
?   	rtdal/generated/r-files/spatstat.sparse/R/sparse3Darray	[no test files]
?   	rtdal/generated/r-files/spatstat.sparse/R/sparseMarkov	[no test files]
?   	rtdal/generated/r-files/spatstat.sparse/R/sparsecommon	[no test files]
?   	rtdal/generated/r-files/spatstat.sparse/R/sparselinalg	[no test files]
?   	rtdal/generated/r-files/spatstat.sparse/tests/linalgeb	[no test files]
?   	rtdal/generated/r-files/spatstat.sparse/tests/sparse3Darrays	[no test files]
?   	rtdal/generated/r-files/spatstat.sparse/tests/sparsemarkov	[no test files]
?   	rtdal/generated/r-files/spatstat.univar/R/First	[no test files]
?   	rtdal/generated/r-files/spatstat.univar/R/access	[no test files]
?   	rtdal/generated/r-files/spatstat.univar/R/adaptive	[no test files]
?   	rtdal/generated/r-files/spatstat.univar/R/breakpts	[no test files]
?   	rtdal/generated/r-files/spatstat.univar/R/bw.abram.default	[no test files]
?   	rtdal/generated/r-files/spatstat.univar/R/bw.pow	[no test files]
?   	rtdal/generated/r-files/spatstat.univar/R/bw.taylor	[no test files]
?   	rtdal/generated/r-files/spatstat.univar/R/densityBC	[no test files]
?   	rtdal/generated/r-files/spatstat.univar/R/ewcdf	[no test files]
?   	rtdal/generated/r-files/spatstat.univar/R/farebro	[no test files]
?   	rtdal/generated/r-files/spatstat.univar/R/hotrod	[no test files]
?   	rtdal/generated/r-files/spatstat.univar/R/indefinteg	[no test files]
?   	rtdal/generated/r-files/spatstat.univar/R/integral	[no test files]
?   	rtdal/generated/r-files/spatstat.univar/R/kernels	[no test files]
?   	rtdal/generated/r-files/spatstat.univar/R/kernelsBC	[no test files]
?   	rtdal/generated/r-files/spatstat.univar/R/kmrs	[no test files]
?   	rtdal/generated/r-files/spatstat.univar/R/quantiledensity	[no test files]
?   	rtdal/generated/r-files/spatstat.univar/R/rounding	[no test files]
?   	rtdal/generated/r-files/spatstat.univar/R/socs	[no test files]
?   	rtdal/generated/r-files/spatstat.univar/R/stieltjes	[no test files]
?   	rtdal/generated/r-files/spatstat.univar/R/transformquantiles	[no test files]
?   	rtdal/generated/r-files/spatstat.univar/R/uniquemap	[no test files]
?   	rtdal/generated/r-files/spatstat.univar/R/unnormdensity	[no test files]
?   	rtdal/generated/r-files/spatstat.univar/R/util	[no test files]
?   	rtdal/generated/r-files/spatstat.univar/R/weightedStats	[no test files]
?   	rtdal/generated/r-files/spatstat.univar/tests/all	[no test files]
?   	rtdal/generated/r-files/spatstat.utils/R/distppll	[no test files]
?   	rtdal/generated/r-files/spatstat.utils/R/formulae	[no test files]
?   	rtdal/generated/r-files/spatstat.utils/R/indices	[no test files]
?   	rtdal/generated/r-files/spatstat.utils/R/locator	[no test files]
?   	rtdal/generated/r-files/spatstat.utils/R/longvec	[no test files]
?   	rtdal/generated/r-files/spatstat.utils/R/primefactors	[no test files]
?   	rtdal/generated/r-files/spatstat.utils/R/relevantValues	[no test files]
?   	rtdal/generated/r-files/spatstat.utils/R/resolve.defaults	[no test files]
?   	rtdal/generated/r-files/spatstat.utils/R/taperoff	[no test files]
?   	rtdal/generated/r-files/spatstat.utils/R/tapplysum	[no test files]
?   	rtdal/generated/r-files/spatstat.utils/R/utilarg	[no test files]
?   	rtdal/generated/r-files/spatstat.utils/R/utilindex	[no test files]
?   	rtdal/generated/r-files/spatstat.utils/R/utilmatrix	[no test files]
?   	rtdal/generated/r-files/spatstat.utils/R/utiloptim	[no test files]
?   	rtdal/generated/r-files/spatstat.utils/R/utilseq	[no test files]
?   	rtdal/generated/r-files/spatstat.utils/R/utiltext	[no test files]
?   	rtdal/generated/r-files/spatstat.utils/R/xycircle	[no test files]
?   	rtdal/generated/r-files/spatstat.utils/R/xypolygon	[no test files]
?   	rtdal/generated/r-files/spatstat.utils/tests/circleseg	[no test files]
?   	rtdal/generated/r-files/spatstat.utils/tests/fmla	[no test files]
?   	rtdal/generated/r-files/spatstat.utils/tests/indices	[no test files]
?   	rtdal/generated/r-files/spatstat.utils/tests/numerical	[no test files]
?   	rtdal/generated/r-files/spatstat.utils/tests/segments	[no test files]
?   	rtdal/generated/r-files/spatstat.utils/tests/tekst	[no test files]
?   	rtdal/generated/r-files/spdep/R/AAA	[no test files]
?   	rtdal/generated/r-files/spdep/R/EBI	[no test files]
?   	rtdal/generated/r-files/spdep/R/LOSH	[no test files]
?   	rtdal/generated/r-files/spdep/R/LOSH.cs	[no test files]
?   	rtdal/generated/r-files/spdep/R/LOSH.mc	[no test files]
?   	rtdal/generated/r-files/spdep/R/SD.RStests	[no test files]
?   	rtdal/generated/r-files/spdep/R/airdist	[no test files]
?   	rtdal/generated/r-files/spdep/R/autocov	[no test files]
?   	rtdal/generated/r-files/spdep/R/card	[no test files]
?   	rtdal/generated/r-files/spdep/R/cat_durbin	[no test files]
?   	rtdal/generated/r-files/spdep/R/cellneighbours	[no test files]
?   	rtdal/generated/r-files/spdep/R/choynowski	[no test files]
?   	rtdal/generated/r-files/spdep/R/components	[no test files]
?   	rtdal/generated/r-files/spdep/R/cyclical	[no test files]
?   	rtdal/generated/r-files/spdep/R/delta	[no test files]
?   	rtdal/generated/r-files/spdep/R/diffnb	[no test files]
?   	rtdal/generated/r-files/spdep/R/dnearneigh	[no test files]
?   	rtdal/generated/r-files/spdep/R/droplinks	[no test files]
?   	rtdal/generated/r-files/spdep/R/edit.nb	[no test files]
?   	rtdal/generated/r-files/spdep/R/gabrielneigh	[no test files]
?   	rtdal/generated/r-files/spdep/R/geary	[no test files]
?   	rtdal/generated/r-files/spdep/R/globalG	[no test files]
?   	rtdal/generated/r-files/spdep/R/graph2nb	[no test files]
?   	rtdal/generated/r-files/spdep/R/grid2nb	[no test files]
?   	rtdal/generated/r-files/spdep/R/hotspotmap	[no test files]
?   	rtdal/generated/r-files/spdep/R/jc	[no test files]
?   	rtdal/generated/r-files/spdep/R/knearneigh	[no test files]
?   	rtdal/generated/r-files/spdep/R/knn2nb	[no test files]
?   	rtdal/generated/r-files/spdep/R/lee	[no test files]
?   	rtdal/generated/r-files/spdep/R/lee.mc	[no test files]
?   	rtdal/generated/r-files/spdep/R/lee.test	[no test files]
?   	rtdal/generated/r-files/spdep/R/lee_internal	[no test files]
?   	rtdal/generated/r-files/spdep/R/licd_boots	[no test files]
?   	rtdal/generated/r-files/spdep/R/lisa_perm	[no test files]
?   	rtdal/generated/r-files/spdep/R/listw2sn	[no test files]
?   	rtdal/generated/r-files/spdep/R/lm.RStests	[no test files]
?   	rtdal/generated/r-files/spdep/R/lm.morantest	[no test files]
?   	rtdal/generated/r-files/spdep/R/local-joincount-bivariate	[no test files]
?   	rtdal/generated/r-files/spdep/R/local-joincount-univariate	[no test files]
?   	rtdal/generated/r-files/spdep/R/local-moran-bv	[no test files]
?   	rtdal/generated/r-files/spdep/R/localC	[no test files]
?   	rtdal/generated/r-files/spdep/R/localG	[no test files]
?   	rtdal/generated/r-files/spdep/R/localGS	[no test files]
?   	rtdal/generated/r-files/spdep/R/localmoran	[no test files]
?   	rtdal/generated/r-files/spdep/R/localmoran.exact	[no test files]
?   	rtdal/generated/r-files/spdep/R/moran	[no test files]
?   	rtdal/generated/r-files/spdep/R/moran-bv	[no test files]
?   	rtdal/generated/r-files/spdep/R/moran.exact	[no test files]
?   	rtdal/generated/r-files/spdep/R/moran.exact.alt	[no test files]
?   	rtdal/generated/r-files/spdep/R/moran.plot	[no test files]
?   	rtdal/generated/r-files/spdep/R/mstree	[no test files]
?   	rtdal/generated/r-files/spdep/R/mtlocalmoran	[no test files]
?   	rtdal/generated/r-files/spdep/R/mtmoran	[no test files]
?   	rtdal/generated/r-files/spdep/R/nb2blocknb	[no test files]
?   	rtdal/generated/r-files/spdep/R/nb2lines	[no test files]
?   	rtdal/generated/r-files/spdep/R/nb2listw	[no test files]
?   	rtdal/generated/r-files/spdep/R/nb2listwdist	[no test files]
?   	rtdal/generated/r-files/spdep/R/nb2mat	[no test files]
?   	rtdal/generated/r-files/spdep/R/nbcosts	[no test files]
?   	rtdal/generated/r-files/spdep/R/nbdists	[no test files]
?   	rtdal/generated/r-files/spdep/R/nblag	[no test files]
?   	rtdal/generated/r-files/spdep/R/nboperations	[no test files]
?   	rtdal/generated/r-files/spdep/R/p.adjustSP	[no test files]
?   	rtdal/generated/r-files/spdep/R/plot.mst	[no test files]
?   	rtdal/generated/r-files/spdep/R/plot.nb	[no test files]
?   	rtdal/generated/r-files/spdep/R/plot.skater	[no test files]
?   	rtdal/generated/r-files/spdep/R/poly2nb	[no test files]
?   	rtdal/generated/r-files/spdep/R/prunecost	[no test files]
?   	rtdal/generated/r-files/spdep/R/prunemst	[no test files]
?   	rtdal/generated/r-files/spdep/R/read.gal	[no test files]
?   	rtdal/generated/r-files/spdep/R/read.gwt2nb	[no test files]
?   	rtdal/generated/r-files/spdep/R/relneigh	[no test files]
?   	rtdal/generated/r-files/spdep/R/rotation	[no test files]
?   	rtdal/generated/r-files/spdep/R/skater	[no test files]
?   	rtdal/generated/r-files/spdep/R/soi	[no test files]
?   	rtdal/generated/r-files/spdep/R/sp.correlogram	[no test files]
?   	rtdal/generated/r-files/spdep/R/sp.mantel	[no test files]
?   	rtdal/generated/r-files/spdep/R/spChkOption	[no test files]
?   	rtdal/generated/r-files/spdep/R/subset.nb	[no test files]
?   	rtdal/generated/r-files/spdep/R/summary.nb	[no test files]
?   	rtdal/generated/r-files/spdep/R/tolerance.nb	[no test files]
?   	rtdal/generated/r-files/spdep/R/tri2nb	[no test files]
?   	rtdal/generated/r-files/spdep/R/utils	[no test files]
?   	rtdal/generated/r-files/spdep/R/utils-cond-permute	[no test files]
?   	rtdal/generated/r-files/spdep/R/weights-utils	[no test files]
?   	rtdal/generated/r-files/spdep/inst/doc/CO69	[no test files]
?   	rtdal/generated/r-files/spdep/inst/doc/nb	[no test files]
?   	rtdal/generated/r-files/spdep/inst/doc/nb_sf	[no test files]
?   	rtdal/generated/r-files/spdep/inst/doc/sids	[no test files]
?   	rtdal/generated/r-files/spdep/inst/doc/subgraphs	[no test files]
?   	rtdal/generated/r-files/spdep/inst/tinytest/test_Durbin_factor	[no test files]
?   	rtdal/generated/r-files/spdep/inst/tinytest/test_cell2nb	[no test files]
?   	rtdal/generated/r-files/spdep/inst/tinytest/test_factor_joincount	[no test files]
?   	rtdal/generated/r-files/spdep/inst/tinytest/test_geary_scale	[no test files]
?   	rtdal/generated/r-files/spdep/inst/tinytest/test_lisa_perm	[no test files]
?   	rtdal/generated/r-files/spdep/inst/tinytest/test_lmRStests_test_names	[no test files]
?   	rtdal/generated/r-files/spdep/inst/tinytest/test_moran_NA	[no test files]
?   	rtdal/generated/r-files/spdep/inst/tinytest/test_nb_setops	[no test files]
?   	rtdal/generated/r-files/spdep/inst/tinytest/test_poly2nb_snap	[no test files]
?   	rtdal/generated/r-files/spdep/inst/tinytest/test_subgraph_warning	[no test files]
?   	rtdal/generated/r-files/spdep/tests/tinytest	[no test files]
?   	rtdal/generated/r-files/stars/R/OpenStreetMap	[no test files]
?   	rtdal/generated/r-files/stars/R/aggregate	[no test files]
?   	rtdal/generated/r-files/stars/R/cf	[no test files]
?   	rtdal/generated/r-files/stars/R/cubble	[no test files]
?   	rtdal/generated/r-files/stars/R/datasets	[no test files]
?   	rtdal/generated/r-files/stars/R/dimensions	[no test files]
?   	rtdal/generated/r-files/stars/R/extract	[no test files]
?   	rtdal/generated/r-files/stars/R/factors	[no test files]
?   	rtdal/generated/r-files/stars/R/geom	[no test files]
?   	rtdal/generated/r-files/stars/R/gt	[no test files]
?   	rtdal/generated/r-files/stars/R/init	[no test files]
?   	rtdal/generated/r-files/stars/R/intervals	[no test files]
?   	rtdal/generated/r-files/stars/R/mdim	[no test files]
?   	rtdal/generated/r-files/stars/R/mosaic	[no test files]
?   	rtdal/generated/r-files/stars/R/ncdf	[no test files]
?   	rtdal/generated/r-files/stars/R/ncproxy	[no test files]
?   	rtdal/generated/r-files/stars/R/ops	[no test files]
?   	rtdal/generated/r-files/stars/R/plot	[no test files]
?   	rtdal/generated/r-files/stars/R/prcomp	[no test files]
?   	rtdal/generated/r-files/stars/R/proxy	[no test files]
?   	rtdal/generated/r-files/stars/R/raster	[no test files]
?   	rtdal/generated/r-files/stars/R/rasterize	[no test files]
?   	rtdal/generated/r-files/stars/R/read	[no test files]
?   	rtdal/generated/r-files/stars/R/rotate	[no test files]
?   	rtdal/generated/r-files/stars/R/sample	[no test files]
?   	rtdal/generated/r-files/stars/R/sf	[no test files]
?   	rtdal/generated/r-files/stars/R/sp	[no test files]
?   	rtdal/generated/r-files/stars/R/spacetime	[no test files]
?   	rtdal/generated/r-files/stars/R/spatstat	[no test files]
?   	rtdal/generated/r-files/stars/R/stars	[no test files]
?   	rtdal/generated/r-files/stars/R/subset	[no test files]
?   	rtdal/generated/r-files/stars/R/tidyverse	[no test files]
?   	rtdal/generated/r-files/stars/R/tile	[no test files]
?   	rtdal/generated/r-files/stars/R/transform	[no test files]
?   	rtdal/generated/r-files/stars/R/values	[no test files]
?   	rtdal/generated/r-files/stars/R/warp	[no test files]
?   	rtdal/generated/r-files/stars/R/write	[no test files]
?   	rtdal/generated/r-files/stars/R/xts	[no test files]
?   	rtdal/generated/r-files/stars/demo/spacetime	[no test files]
?   	rtdal/generated/r-files/stars/demo/udf_demo	[no test files]
?   	rtdal/generated/r-files/stars/inst/doc/stars1	[no test files]
?   	rtdal/generated/r-files/stars/inst/doc/stars2	[no test files]
?   	rtdal/generated/r-files/stars/inst/doc/stars3	[no test files]
?   	rtdal/generated/r-files/stars/inst/doc/stars4	[no test files]
?   	rtdal/generated/r-files/stars/inst/doc/stars5	[no test files]
?   	rtdal/generated/r-files/stars/inst/doc/stars6	[no test files]
?   	rtdal/generated/r-files/stars/inst/doc/stars8	[no test files]
?   	rtdal/generated/r-files/stars/inst/nc/ncdf_tidync	[no test files]
?   	rtdal/generated/r-files/stars/inst/nc/plot_bcsd_obs_1999	[no test files]
?   	rtdal/generated/r-files/stars/inst/nc/reduced	[no test files]
?   	rtdal/generated/r-files/stars/inst/plumber/api	[no test files]
?   	rtdal/generated/r-files/stars/inst/plumber/client	[no test files]
?   	rtdal/generated/r-files/stars/inst/plumber/client_blog	[no test files]
?   	rtdal/generated/r-files/stars/inst/plumber/server	[no test files]
?   	rtdal/generated/r-files/stars/inst/plumber/server_blog	[no test files]
?   	rtdal/generated/r-files/stars/tests/aggregate	[no test files]
?   	rtdal/generated/r-files/stars/tests/align	[no test files]
?   	rtdal/generated/r-files/stars/tests/area	[no test files]
?   	rtdal/generated/r-files/stars/tests/crop	[no test files]
?   	rtdal/generated/r-files/stars/tests/curvilinear	[no test files]
?   	rtdal/generated/r-files/stars/tests/datasets	[no test files]
?   	rtdal/generated/r-files/stars/tests/dimensions	[no test files]
?   	rtdal/generated/r-files/stars/tests/downsample	[no test files]
?   	rtdal/generated/r-files/stars/tests/ee	[no test files]
?   	rtdal/generated/r-files/stars/tests/extract	[no test files]
?   	rtdal/generated/r-files/stars/tests/gridtypes	[no test files]
?   	rtdal/generated/r-files/stars/tests/mdim	[no test files]
?   	rtdal/generated/r-files/stars/tests/nc	[no test files]
?   	rtdal/generated/r-files/stars/tests/plot	[no test files]
?   	rtdal/generated/r-files/stars/tests/predict	[no test files]
?   	rtdal/generated/r-files/stars/tests/proxy	[no test files]
?   	rtdal/generated/r-files/stars/tests/raster	[no test files]
?   	rtdal/generated/r-files/stars/tests/rasterize	[no test files]
?   	rtdal/generated/r-files/stars/tests/rectilinear	[no test files]
?   	rtdal/generated/r-files/stars/tests/redimension	[no test files]
?   	rtdal/generated/r-files/stars/tests/sf	[no test files]
?   	rtdal/generated/r-files/stars/tests/sp	[no test files]
?   	rtdal/generated/r-files/stars/tests/spacetime	[no test files]
?   	rtdal/generated/r-files/stars/tests/spatstat	[no test files]
?   	rtdal/generated/r-files/stars/tests/stars	[no test files]
?   	rtdal/generated/r-files/stars/tests/subset	[no test files]
?   	rtdal/generated/r-files/stars/tests/testthat	[no test files]
?   	rtdal/generated/r-files/stars/tests/testthat/test-OpenStreetMap	[no test files]
?   	rtdal/generated/r-files/stars/tests/testthat/test-aggregate	[no test files]
?   	rtdal/generated/r-files/stars/tests/testthat/test-cubble	[no test files]
?   	rtdal/generated/r-files/stars/tests/testthat/test-gdal	[no test files]
?   	rtdal/generated/r-files/stars/tests/testthat/test-ncdf	[no test files]
?   	rtdal/generated/r-files/stars/tests/testthat/test-ncproxy	[no test files]
?   	rtdal/generated/r-files/stars/tests/testthat/test-rectilinear	[no test files]
?   	rtdal/generated/r-files/stars/tests/testthat/test-stars	[no test files]
?   	rtdal/generated/r-files/stars/tests/testthat/test-tidyverse	[no test files]
?   	rtdal/generated/r-files/stars/tests/testthat/test-tile	[no test files]
?   	rtdal/generated/r-files/stars/tests/tidy	[no test files]
?   	rtdal/generated/r-files/stars/tests/transform	[no test files]
?   	rtdal/generated/r-files/stars/tests/warp	[no test files]
?   	rtdal/generated/r-files/stars/tests/write	[no test files]
?   	rtdal/generated/r-files/stringdist/R/afind	[no test files]
?   	rtdal/generated/r-files/stringdist/R/amatch	[no test files]
?   	rtdal/generated/r-files/stringdist/R/doc_api	[no test files]
?   	rtdal/generated/r-files/stringdist/R/doc_encoding	[no test files]
?   	rtdal/generated/r-files/stringdist/R/doc_metrics	[no test files]
?   	rtdal/generated/r-files/stringdist/R/doc_parallel	[no test files]
?   	rtdal/generated/r-files/stringdist/R/phonetic	[no test files]
?   	rtdal/generated/r-files/stringdist/R/qgrams	[no test files]
?   	rtdal/generated/r-files/stringdist/R/seqdist	[no test files]
?   	rtdal/generated/r-files/stringdist/R/stringdist	[no test files]
?   	rtdal/generated/r-files/stringdist/R/stringsim	[no test files]
?   	rtdal/generated/r-files/stringdist/R/utils	[no test files]
?   	rtdal/generated/r-files/stringdist/inst/tinytest/test_afind	[no test files]
?   	rtdal/generated/r-files/stringdist/inst/tinytest/test_amatch	[no test files]
?   	rtdal/generated/r-files/stringdist/inst/tinytest/test_gh_issue_59	[no test files]
?   	rtdal/generated/r-files/stringdist/inst/tinytest/test_gh_issue_78	[no test files]
?   	rtdal/generated/r-files/stringdist/inst/tinytest/test_gh_issue_88	[no test files]
?   	rtdal/generated/r-files/stringdist/inst/tinytest/test_phonetic	[no test files]
?   	rtdal/generated/r-files/stringdist/inst/tinytest/test_qgrams	[no test files]
?   	rtdal/generated/r-files/stringdist/inst/tinytest/test_seq_dist	[no test files]
?   	rtdal/generated/r-files/stringdist/inst/tinytest/test_stringdist	[no test files]
?   	rtdal/generated/r-files/stringdist/inst/tinytest/test_stringsim	[no test files]
?   	rtdal/generated/r-files/stringdist/tests/tinytest	[no test files]
?   	rtdal/generated/r-files/stringi/R/ICU_settings	[no test files]
?   	rtdal/generated/r-files/stringi/R/compare	[no test files]
?   	rtdal/generated/r-files/stringi/R/encoding	[no test files]
?   	rtdal/generated/r-files/stringi/R/encoding_conversion	[no test files]
?   	rtdal/generated/r-files/stringi/R/encoding_detection	[no test files]
?   	rtdal/generated/r-files/stringi/R/encoding_management	[no test files]
?   	rtdal/generated/r-files/stringi/R/escape	[no test files]
?   	rtdal/generated/r-files/stringi/R/files	[no test files]
?   	rtdal/generated/r-files/stringi/R/install	[no test files]
?   	rtdal/generated/r-files/stringi/R/internal_prepare_arg	[no test files]
?   	rtdal/generated/r-files/stringi/R/internal_test	[no test files]
?   	rtdal/generated/r-files/stringi/R/join	[no test files]
?   	rtdal/generated/r-files/stringi/R/length	[no test files]
?   	rtdal/generated/r-files/stringi/R/locale	[no test files]
?   	rtdal/generated/r-files/stringi/R/locale_management	[no test files]
?   	rtdal/generated/r-files/stringi/R/opts	[no test files]
?   	rtdal/generated/r-files/stringi/R/pad	[no test files]
?   	rtdal/generated/r-files/stringi/R/random	[no test files]
?   	rtdal/generated/r-files/stringi/R/reverse	[no test files]
?   	rtdal/generated/r-files/stringi/R/search	[no test files]
?   	rtdal/generated/r-files/stringi/R/search_count_4	[no test files]
?   	rtdal/generated/r-files/stringi/R/search_count_bound	[no test files]
?   	rtdal/generated/r-files/stringi/R/search_detect_4	[no test files]
?   	rtdal/generated/r-files/stringi/R/search_extract_4	[no test files]
?   	rtdal/generated/r-files/stringi/R/search_extract_bound	[no test files]
?   	rtdal/generated/r-files/stringi/R/search_locate_4	[no test files]
?   	rtdal/generated/r-files/stringi/R/search_locate_bound	[no test files]
?   	rtdal/generated/r-files/stringi/R/search_match_4	[no test files]
?   	rtdal/generated/r-files/stringi/R/search_replace_4	[no test files]
?   	rtdal/generated/r-files/stringi/R/search_split_4	[no test files]
?   	rtdal/generated/r-files/stringi/R/search_split_bound	[no test files]
?   	rtdal/generated/r-files/stringi/R/search_startsendswith_4	[no test files]
?   	rtdal/generated/r-files/stringi/R/search_subset_4	[no test files]
?   	rtdal/generated/r-files/stringi/R/sort	[no test files]
?   	rtdal/generated/r-files/stringi/R/sprintf	[no test files]
?   	rtdal/generated/r-files/stringi/R/stats	[no test files]
?   	rtdal/generated/r-files/stringi/R/stringi_package	[no test files]
?   	rtdal/generated/r-files/stringi/R/sub	[no test files]
?   	rtdal/generated/r-files/stringi/R/time_calendar	[no test files]
?   	rtdal/generated/r-files/stringi/R/time_format	[no test files]
?   	rtdal/generated/r-files/stringi/R/time_symbols	[no test files]
?   	rtdal/generated/r-files/stringi/R/time_zone	[no test files]
?   	rtdal/generated/r-files/stringi/R/trans_casemap	[no test files]
?   	rtdal/generated/r-files/stringi/R/trans_normalization	[no test files]
?   	rtdal/generated/r-files/stringi/R/trans_other	[no test files]
?   	rtdal/generated/r-files/stringi/R/trans_transliterate	[no test files]
?   	rtdal/generated/r-files/stringi/R/trim	[no test files]
?   	rtdal/generated/r-files/stringi/R/utils	[no test files]
?   	rtdal/generated/r-files/stringi/R/wrap	[no test files]
?   	rtdal/generated/r-files/stringr/R/c	[no test files]
?   	rtdal/generated/r-files/stringr/R/case	[no test files]
?   	rtdal/generated/r-files/stringr/R/compat-obj-type	[no test files]
?   	rtdal/generated/r-files/stringr/R/compat-purrr	[no test files]
?   	rtdal/generated/r-files/stringr/R/compat-types-check	[no test files]
?   	rtdal/generated/r-files/stringr/R/conv	[no test files]
?   	rtdal/generated/r-files/stringr/R/count	[no test files]
?   	rtdal/generated/r-files/stringr/R/data	[no test files]
?   	rtdal/generated/r-files/stringr/R/detect	[no test files]
?   	rtdal/generated/r-files/stringr/R/dup	[no test files]
?   	rtdal/generated/r-files/stringr/R/equal	[no test files]
?   	rtdal/generated/r-files/stringr/R/escape	[no test files]
?   	rtdal/generated/r-files/stringr/R/extract	[no test files]
?   	rtdal/generated/r-files/stringr/R/flatten	[no test files]
?   	rtdal/generated/r-files/stringr/R/glue	[no test files]
?   	rtdal/generated/r-files/stringr/R/interp	[no test files]
?   	rtdal/generated/r-files/stringr/R/length	[no test files]
?   	rtdal/generated/r-files/stringr/R/locate	[no test files]
?   	rtdal/generated/r-files/stringr/R/match	[no test files]
?   	rtdal/generated/r-files/stringr/R/modifiers	[no test files]
?   	rtdal/generated/r-files/stringr/R/pad	[no test files]
?   	rtdal/generated/r-files/stringr/R/remove	[no test files]
?   	rtdal/generated/r-files/stringr/R/replace	[no test files]
?   	rtdal/generated/r-files/stringr/R/sort	[no test files]
?   	rtdal/generated/r-files/stringr/R/split	[no test files]
?   	rtdal/generated/r-files/stringr/R/stringr-package	[no test files]
?   	rtdal/generated/r-files/stringr/R/sub	[no test files]
?   	rtdal/generated/r-files/stringr/R/subset	[no test files]
?   	rtdal/generated/r-files/stringr/R/trim	[no test files]
?   	rtdal/generated/r-files/stringr/R/trunc	[no test files]
?   	rtdal/generated/r-files/stringr/R/unique	[no test files]
?   	rtdal/generated/r-files/stringr/R/utils	[no test files]
?   	rtdal/generated/r-files/stringr/R/view	[no test files]
?   	rtdal/generated/r-files/stringr/R/word	[no test files]
?   	rtdal/generated/r-files/stringr/R/wrap	[no test files]
?   	rtdal/generated/r-files/stringr/inst/doc/from-base	[no test files]
?   	rtdal/generated/r-files/stringr/inst/doc/locale-sensitive	[no test files]
?   	rtdal/generated/r-files/stringr/inst/doc/regular-expressions	[no test files]
?   	rtdal/generated/r-files/stringr/inst/doc/stringr	[no test files]
?   	rtdal/generated/r-files/stringr/tests/testthat	[no test files]
?   	rtdal/generated/r-files/stringr/tests/testthat/test-c	[no test files]
?   	rtdal/generated/r-files/stringr/tests/testthat/test-case	[no test files]
?   	rtdal/generated/r-files/stringr/tests/testthat/test-conv	[no test files]
?   	rtdal/generated/r-files/stringr/tests/testthat/test-count	[no test files]
?   	rtdal/generated/r-files/stringr/tests/testthat/test-detect	[no test files]
?   	rtdal/generated/r-files/stringr/tests/testthat/test-dup	[no test files]
?   	rtdal/generated/r-files/stringr/tests/testthat/test-equal	[no test files]
?   	rtdal/generated/r-files/stringr/tests/testthat/test-escape	[no test files]
?   	rtdal/generated/r-files/stringr/tests/testthat/test-extract	[no test files]
?   	rtdal/generated/r-files/stringr/tests/testthat/test-flatten	[no test files]
?   	rtdal/generated/r-files/stringr/tests/testthat/test-glue	[no test files]
?   	rtdal/generated/r-files/stringr/tests/testthat/test-interp	[no test files]
?   	rtdal/generated/r-files/stringr/tests/testthat/test-length	[no test files]
?   	rtdal/generated/r-files/stringr/tests/testthat/test-locate	[no test files]
?   	rtdal/generated/r-files/stringr/tests/testthat/test-match	[no test files]
?   	rtdal/generated/r-files/stringr/tests/testthat/test-modifiers	[no test files]
?   	rtdal/generated/r-files/stringr/tests/testthat/test-pad	[no test files]
?   	rtdal/generated/r-files/stringr/tests/testthat/test-remove	[no test files]
?   	rtdal/generated/r-files/stringr/tests/testthat/test-replace	[no test files]
?   	rtdal/generated/r-files/stringr/tests/testthat/test-sort	[no test files]
?   	rtdal/generated/r-files/stringr/tests/testthat/test-split	[no test files]
?   	rtdal/generated/r-files/stringr/tests/testthat/test-sub	[no test files]
?   	rtdal/generated/r-files/stringr/tests/testthat/test-subset	[no test files]
?   	rtdal/generated/r-files/stringr/tests/testthat/test-trim	[no test files]
?   	rtdal/generated/r-files/stringr/tests/testthat/test-trunc	[no test files]
?   	rtdal/generated/r-files/stringr/tests/testthat/test-unique	[no test files]
?   	rtdal/generated/r-files/stringr/tests/testthat/test-utils	[no test files]
?   	rtdal/generated/r-files/stringr/tests/testthat/test-view	[no test files]
?   	rtdal/generated/r-files/stringr/tests/testthat/test-word	[no test files]
?   	rtdal/generated/r-files/stringr/tests/testthat/test-wrap	[no test files]
?   	rtdal/generated/r-files/survival/R/Surv	[no test files]
?   	rtdal/generated/r-files/survival/R/Surv2	[no test files]
?   	rtdal/generated/r-files/survival/R/aareg	[no test files]
?   	rtdal/generated/r-files/survival/R/aareg.taper	[no test files]
?   	rtdal/generated/r-files/survival/R/aeqSurv	[no test files]
?   	rtdal/generated/r-files/survival/R/agexact.fit	[no test files]
?   	rtdal/generated/r-files/survival/R/aggregate.survfit	[no test files]
?   	rtdal/generated/r-files/survival/R/agreg.fit	[no test files]
?   	rtdal/generated/r-files/survival/R/agsurv	[no test files]
?   	rtdal/generated/r-files/survival/R/anova.coxph	[no test files]
?   	rtdal/generated/r-files/survival/R/anova.coxph.penal	[no test files]
?   	rtdal/generated/r-files/survival/R/anova.coxphlist	[no test files]
?   	rtdal/generated/r-files/survival/R/anova.coxphms	[no test files]
?   	rtdal/generated/r-files/survival/R/anova.survreg	[no test files]
?   	rtdal/generated/r-files/survival/R/anova.survreglist	[no test files]
?   	rtdal/generated/r-files/survival/R/attrassign	[no test files]
?   	rtdal/generated/r-files/survival/R/basehaz	[no test files]
?   	rtdal/generated/r-files/survival/R/blogit	[no test files]
?   	rtdal/generated/r-files/survival/R/brier	[no test files]
?   	rtdal/generated/r-files/survival/R/cch	[no test files]
?   	rtdal/generated/r-files/survival/R/cipoisson	[no test files]
?   	rtdal/generated/r-files/survival/R/clogit	[no test files]
?   	rtdal/generated/r-files/survival/R/cluster	[no test files]
?   	rtdal/generated/r-files/survival/R/concordance	[no test files]
?   	rtdal/generated/r-files/survival/R/cox.zph	[no test files]
?   	rtdal/generated/r-files/survival/R/coxexact.fit	[no test files]
?   	rtdal/generated/r-files/survival/R/coxpenal.df	[no test files]
?   	rtdal/generated/r-files/survival/R/coxpenal.fit	[no test files]
?   	rtdal/generated/r-files/survival/R/coxph	[no test files]
?   	rtdal/generated/r-files/survival/R/coxph.control	[no test files]
?   	rtdal/generated/r-files/survival/R/coxph.detail	[no test files]
?   	rtdal/generated/r-files/survival/R/coxph.fit	[no test files]
?   	rtdal/generated/r-files/survival/R/coxph.getdata	[no test files]
?   	rtdal/generated/r-files/survival/R/coxph.wtest	[no test files]
?   	rtdal/generated/r-files/survival/R/coxsurvfit	[no test files]
?   	rtdal/generated/r-files/survival/R/drop.special	[no test files]
?   	rtdal/generated/r-files/survival/R/dsurvreg	[no test files]
?   	rtdal/generated/r-files/survival/R/finegray	[no test files]
?   	rtdal/generated/r-files/survival/R/firstlib	[no test files]
?   	rtdal/generated/r-files/survival/R/frailty	[no test files]
?   	rtdal/generated/r-files/survival/R/frailty.brent	[no test files]
?   	rtdal/generated/r-files/survival/R/frailty.controlaic	[no test files]
?   	rtdal/generated/r-files/survival/R/frailty.controldf	[no test files]
?   	rtdal/generated/r-files/survival/R/frailty.controlgam	[no test files]
?   	rtdal/generated/r-files/survival/R/frailty.controlgauss	[no test files]
?   	rtdal/generated/r-files/survival/R/frailty.gamma	[no test files]
?   	rtdal/generated/r-files/survival/R/frailty.gammacon	[no test files]
?   	rtdal/generated/r-files/survival/R/frailty.gaussian	[no test files]
?   	rtdal/generated/r-files/survival/R/frailty.t	[no test files]
?   	rtdal/generated/r-files/survival/R/is.na.coxph.penalty	[no test files]
?   	rtdal/generated/r-files/survival/R/is.ratetable	[no test files]
?   	rtdal/generated/r-files/survival/R/lines.aareg	[no test files]
?   	rtdal/generated/r-files/survival/R/lines.survexp	[no test files]
?   	rtdal/generated/r-files/survival/R/lines.survfit	[no test files]
?   	rtdal/generated/r-files/survival/R/lines.survfit.coxph	[no test files]
?   	rtdal/generated/r-files/survival/R/logLik.coxph	[no test files]
?   	rtdal/generated/r-files/survival/R/match.ratetable	[no test files]
?   	rtdal/generated/r-files/survival/R/methods	[no test files]
?   	rtdal/generated/r-files/survival/R/model.frame.coxphms	[no test files]
?   	rtdal/generated/r-files/survival/R/model.frame.survfit	[no test files]
?   	rtdal/generated/r-files/survival/R/model.frame.survreg	[no test files]
?   	rtdal/generated/r-files/survival/R/model.matrix.coxph	[no test files]
?   	rtdal/generated/r-files/survival/R/neardate	[no test files]
?   	rtdal/generated/r-files/survival/R/normalizetime	[no test files]
?   	rtdal/generated/r-files/survival/R/nsk	[no test files]
?   	rtdal/generated/r-files/survival/R/pade	[no test files]
?   	rtdal/generated/r-files/survival/R/parsecovar	[no test files]
?   	rtdal/generated/r-files/survival/R/plot.aareg	[no test files]
?   	rtdal/generated/r-files/survival/R/plot.cox.zph	[no test files]
?   	rtdal/generated/r-files/survival/R/plot.survfit	[no test files]
?   	rtdal/generated/r-files/survival/R/points.survfit	[no test files]
?   	rtdal/generated/r-files/survival/R/predict.coxph	[no test files]
?   	rtdal/generated/r-files/survival/R/predict.coxph.penal	[no test files]
?   	rtdal/generated/r-files/survival/R/predict.coxphms	[no test files]
?   	rtdal/generated/r-files/survival/R/predict.survreg	[no test files]
?   	rtdal/generated/r-files/survival/R/predict.survreg.penal	[no test files]
?   	rtdal/generated/r-files/survival/R/print.aareg	[no test files]
?   	rtdal/generated/r-files/survival/R/print.coxph	[no test files]
?   	rtdal/generated/r-files/survival/R/print.coxph.null	[no test files]
?   	rtdal/generated/r-files/survival/R/print.coxph.penal	[no test files]
?   	rtdal/generated/r-files/survival/R/print.pyears	[no test files]
?   	rtdal/generated/r-files/survival/R/print.ratetable	[no test files]
?   	rtdal/generated/r-files/survival/R/print.summary.coxph	[no test files]
?   	rtdal/generated/r-files/survival/R/print.summary.coxph.penal	[no test files]
?   	rtdal/generated/r-files/survival/R/print.summary.survexp	[no test files]
?   	rtdal/generated/r-files/survival/R/print.summary.survfit	[no test files]
?   	rtdal/generated/r-files/survival/R/print.summary.survfitms	[no test files]
?   	rtdal/generated/r-files/survival/R/print.summary.survreg	[no test files]
?   	rtdal/generated/r-files/survival/R/print.survcheck	[no test files]
?   	rtdal/generated/r-files/survival/R/print.survdiff	[no test files]
?   	rtdal/generated/r-files/survival/R/print.survexp	[no test files]
?   	rtdal/generated/r-files/survival/R/print.survfit	[no test files]
?   	rtdal/generated/r-files/survival/R/print.survreg	[no test files]
?   	rtdal/generated/r-files/survival/R/print.survreg.penal	[no test files]
?   	rtdal/generated/r-files/survival/R/pseudo	[no test files]
?   	rtdal/generated/r-files/survival/R/pspline	[no test files]
?   	rtdal/generated/r-files/survival/R/pyears	[no test files]
?   	rtdal/generated/r-files/survival/R/quantile.survfit	[no test files]
?   	rtdal/generated/r-files/survival/R/ratetable	[no test files]
?   	rtdal/generated/r-files/survival/R/ratetableDate	[no test files]
?   	rtdal/generated/r-files/survival/R/ratetableold	[no test files]
?   	rtdal/generated/r-files/survival/R/residuals.coxph	[no test files]
?   	rtdal/generated/r-files/survival/R/residuals.coxph.null	[no test files]
?   	rtdal/generated/r-files/survival/R/residuals.coxph.penal	[no test files]
?   	rtdal/generated/r-files/survival/R/residuals.coxphms	[no test files]
?   	rtdal/generated/r-files/survival/R/residuals.survfit	[no test files]
?   	rtdal/generated/r-files/survival/R/residuals.survreg	[no test files]
?   	rtdal/generated/r-files/survival/R/residuals.survreg.penal	[no test files]
?   	rtdal/generated/r-files/survival/R/ridge	[no test files]
?   	rtdal/generated/r-files/survival/R/royston	[no test files]
?   	rtdal/generated/r-files/survival/R/rsurvpart2	[no test files]
?   	rtdal/generated/r-files/survival/R/rttright	[no test files]
?   	rtdal/generated/r-files/survival/R/stacker	[no test files]
?   	rtdal/generated/r-files/survival/R/statefig	[no test files]
?   	rtdal/generated/r-files/survival/R/strata	[no test files]
?   	rtdal/generated/r-files/survival/R/summary.aareg	[no test files]
?   	rtdal/generated/r-files/survival/R/summary.coxph	[no test files]
?   	rtdal/generated/r-files/survival/R/summary.coxph.penal	[no test files]
?   	rtdal/generated/r-files/survival/R/summary.ratetable	[no test files]
?   	rtdal/generated/r-files/survival/R/summary.survexp	[no test files]
?   	rtdal/generated/r-files/survival/R/summary.survfit	[no test files]
?   	rtdal/generated/r-files/survival/R/summary.survfitms	[no test files]
?   	rtdal/generated/r-files/survival/R/summary.survreg	[no test files]
?   	rtdal/generated/r-files/survival/R/surv2data	[no test files]
?   	rtdal/generated/r-files/survival/R/survConcordance	[no test files]
?   	rtdal/generated/r-files/survival/R/survConcordance.fit	[no test files]
?   	rtdal/generated/r-files/survival/R/survSplit	[no test files]
?   	rtdal/generated/r-files/survival/R/survcallback	[no test files]
?   	rtdal/generated/r-files/survival/R/survcheck	[no test files]
?   	rtdal/generated/r-files/survival/R/survcondense	[no test files]
?   	rtdal/generated/r-files/survival/R/survdiff	[no test files]
?   	rtdal/generated/r-files/survival/R/survdiff.fit	[no test files]
?   	rtdal/generated/r-files/survival/R/survexp	[no test files]
?   	rtdal/generated/r-files/survival/R/survexp.cfit	[no test files]
?   	rtdal/generated/r-files/survival/R/survexp.fit	[no test files]
?   	rtdal/generated/r-files/survival/R/survexpm	[no test files]
?   	rtdal/generated/r-files/survival/R/survfit	[no test files]
?   	rtdal/generated/r-files/survival/R/survfit.coxph	[no test files]
?   	rtdal/generated/r-files/survival/R/survfit.coxphms	[no test files]
?   	rtdal/generated/r-files/survival/R/survfit.matrix	[no test files]
?   	rtdal/generated/r-files/survival/R/survfit0	[no test files]
?   	rtdal/generated/r-files/survival/R/survfitAJ	[no test files]
?   	rtdal/generated/r-files/survival/R/survfitKM	[no test files]
?   	rtdal/generated/r-files/survival/R/survfitTurnbull	[no test files]
?   	rtdal/generated/r-files/survival/R/survfitcoxph.fit	[no test files]
?   	rtdal/generated/r-files/survival/R/survfitms	[no test files]
?   	rtdal/generated/r-files/survival/R/survobrien	[no test files]
?   	rtdal/generated/r-files/survival/R/survpenal.fit	[no test files]
?   	rtdal/generated/r-files/survival/R/survreg	[no test files]
?   	rtdal/generated/r-files/survival/R/survreg.control	[no test files]
?   	rtdal/generated/r-files/survival/R/survreg.distributions	[no test files]
?   	rtdal/generated/r-files/survival/R/survreg.fit	[no test files]
?   	rtdal/generated/r-files/survival/R/survregDtest	[no test files]
?   	rtdal/generated/r-files/survival/R/tcut	[no test files]
?   	rtdal/generated/r-files/survival/R/timeline	[no test files]
?   	rtdal/generated/r-files/survival/R/tmerge	[no test files]
?   	rtdal/generated/r-files/survival/R/untangle.specials	[no test files]
?   	rtdal/generated/r-files/survival/R/xtras	[no test files]
?   	rtdal/generated/r-files/survival/R/yates	[no test files]
?   	rtdal/generated/r-files/survival/inst/doc/adjcurve	[no test files]
?   	rtdal/generated/r-files/survival/inst/doc/approximate	[no test files]
?   	rtdal/generated/r-files/survival/inst/doc/compete	[no test files]
?   	rtdal/generated/r-files/survival/inst/doc/concordance	[no test files]
?   	rtdal/generated/r-files/survival/inst/doc/matrix	[no test files]
?   	rtdal/generated/r-files/survival/inst/doc/methods	[no test files]
?   	rtdal/generated/r-files/survival/inst/doc/population	[no test files]
?   	rtdal/generated/r-files/survival/inst/doc/redistribute	[no test files]
?   	rtdal/generated/r-files/survival/inst/doc/splines	[no test files]
?   	rtdal/generated/r-files/survival/inst/doc/survival	[no test files]
?   	rtdal/generated/r-files/survival/inst/doc/tiedtimes	[no test files]
?   	rtdal/generated/r-files/survival/inst/doc/timedep	[no test files]
?   	rtdal/generated/r-files/survival/inst/doc/validate	[no test files]
?   	rtdal/generated/r-files/survival/tests/aareg	[no test files]
?   	rtdal/generated/r-files/survival/tests/anova	[no test files]
?   	rtdal/generated/r-files/survival/tests/bladder	[no test files]
?   	rtdal/generated/r-files/survival/tests/book1	[no test files]
?   	rtdal/generated/r-files/survival/tests/book2	[no test files]
?   	rtdal/generated/r-files/survival/tests/book3	[no test files]
?   	rtdal/generated/r-files/survival/tests/book4	[no test files]
?   	rtdal/generated/r-files/survival/tests/book5	[no test files]
?   	rtdal/generated/r-files/survival/tests/book6	[no test files]
?   	rtdal/generated/r-files/survival/tests/book7	[no test files]
?   	rtdal/generated/r-files/survival/tests/brier	[no test files]
?   	rtdal/generated/r-files/survival/tests/cancer	[no test files]
?   	rtdal/generated/r-files/survival/tests/checkSurv2	[no test files]
?   	rtdal/generated/r-files/survival/tests/clogit	[no test files]
?   	rtdal/generated/r-files/survival/tests/concordance	[no test files]
?   	rtdal/generated/r-files/survival/tests/concordance2	[no test files]
?   	rtdal/generated/r-files/survival/tests/concordance3	[no test files]
?   	rtdal/generated/r-files/survival/tests/counting	[no test files]
?   	rtdal/generated/r-files/survival/tests/coxsurv	[no test files]
?   	rtdal/generated/r-files/survival/tests/coxsurv2	[no test files]
?   	rtdal/generated/r-files/survival/tests/coxsurv3	[no test files]
?   	rtdal/generated/r-files/survival/tests/coxsurv4	[no test files]
?   	rtdal/generated/r-files/survival/tests/coxsurv5	[no test files]
?   	rtdal/generated/r-files/survival/tests/coxsurv6	[no test files]
?   	rtdal/generated/r-files/survival/tests/detail	[no test files]
?   	rtdal/generated/r-files/survival/tests/difftest	[no test files]
?   	rtdal/generated/r-files/survival/tests/doaml	[no test files]
?   	rtdal/generated/r-files/survival/tests/doublecolon	[no test files]
?   	rtdal/generated/r-files/survival/tests/doweight	[no test files]
?   	rtdal/generated/r-files/survival/tests/dropspecial	[no test files]
?   	rtdal/generated/r-files/survival/tests/ekm	[no test files]
?   	rtdal/generated/r-files/survival/tests/expected	[no test files]
?   	rtdal/generated/r-files/survival/tests/expected2	[no test files]
?   	rtdal/generated/r-files/survival/tests/factor	[no test files]
?   	rtdal/generated/r-files/survival/tests/factor2	[no test files]
?   	rtdal/generated/r-files/survival/tests/finegray	[no test files]
?   	rtdal/generated/r-files/survival/tests/fr_cancer	[no test files]
?   	rtdal/generated/r-files/survival/tests/fr_kidney	[no test files]
?   	rtdal/generated/r-files/survival/tests/fr_lung	[no test files]
?   	rtdal/generated/r-files/survival/tests/fr_ovarian	[no test files]
?   	rtdal/generated/r-files/survival/tests/fr_rat1	[no test files]
?   	rtdal/generated/r-files/survival/tests/fr_resid	[no test files]
?   	rtdal/generated/r-files/survival/tests/fr_simple	[no test files]
?   	rtdal/generated/r-files/survival/tests/frailty	[no test files]
?   	rtdal/generated/r-files/survival/tests/frank	[no test files]
?   	rtdal/generated/r-files/survival/tests/infcox	[no test files]
?   	rtdal/generated/r-files/survival/tests/jasa	[no test files]
?   	rtdal/generated/r-files/survival/tests/model.matrix	[no test files]
?   	rtdal/generated/r-files/survival/tests/mstate	[no test files]
?   	rtdal/generated/r-files/survival/tests/mstate2	[no test files]
?   	rtdal/generated/r-files/survival/tests/mstrata	[no test files]
?   	rtdal/generated/r-files/survival/tests/multi2	[no test files]
?   	rtdal/generated/r-files/survival/tests/multi3	[no test files]
?   	rtdal/generated/r-files/survival/tests/multistate	[no test files]
?   	rtdal/generated/r-files/survival/tests/multistrata	[no test files]
?   	rtdal/generated/r-files/survival/tests/neardate	[no test files]
?   	rtdal/generated/r-files/survival/tests/nested	[no test files]
?   	rtdal/generated/r-files/survival/tests/ovarian	[no test files]
?   	rtdal/generated/r-files/survival/tests/overlap	[no test files]
?   	rtdal/generated/r-files/survival/tests/prednew	[no test files]
?   	rtdal/generated/r-files/survival/tests/predsurv	[no test files]
?   	rtdal/generated/r-files/survival/tests/pseudo	[no test files]
?   	rtdal/generated/r-files/survival/tests/pspline	[no test files]
?   	rtdal/generated/r-files/survival/tests/pyear	[no test files]
?   	rtdal/generated/r-files/survival/tests/quantile	[no test files]
?   	rtdal/generated/r-files/survival/tests/r_lung	[no test files]
?   	rtdal/generated/r-files/survival/tests/r_resid	[no test files]
?   	rtdal/generated/r-files/survival/tests/r_sas	[no test files]
?   	rtdal/generated/r-files/survival/tests/r_scale	[no test files]
?   	rtdal/generated/r-files/survival/tests/r_stanford	[no test files]
?   	rtdal/generated/r-files/survival/tests/r_strata	[no test files]
?   	rtdal/generated/r-files/survival/tests/r_tdist	[no test files]
?   	rtdal/generated/r-files/survival/tests/r_user	[no test files]
?   	rtdal/generated/r-files/survival/tests/ratetable	[no test files]
?   	rtdal/generated/r-files/survival/tests/residms	[no test files]
?   	rtdal/generated/r-files/survival/tests/residsf	[no test files]
?   	rtdal/generated/r-files/survival/tests/royston	[no test files]
?   	rtdal/generated/r-files/survival/tests/rttright	[no test files]
?   	rtdal/generated/r-files/survival/tests/singtest	[no test files]
?   	rtdal/generated/r-files/survival/tests/strata2	[no test files]
?   	rtdal/generated/r-files/survival/tests/stratatest	[no test files]
?   	rtdal/generated/r-files/survival/tests/summary_survfit	[no test files]
?   	rtdal/generated/r-files/survival/tests/summarydf	[no test files]
?   	rtdal/generated/r-files/survival/tests/surv	[no test files]
?   	rtdal/generated/r-files/survival/tests/survSplit	[no test files]
?   	rtdal/generated/r-files/survival/tests/survcheck	[no test files]
?   	rtdal/generated/r-files/survival/tests/survexpm	[no test files]
?   	rtdal/generated/r-files/survival/tests/survfit1	[no test files]
?   	rtdal/generated/r-files/survival/tests/survfit2	[no test files]
?   	rtdal/generated/r-files/survival/tests/survreg1	[no test files]
?   	rtdal/generated/r-files/survival/tests/survreg2	[no test files]
?   	rtdal/generated/r-files/survival/tests/survtest	[no test files]
?   	rtdal/generated/r-files/survival/tests/testci	[no test files]
?   	rtdal/generated/r-files/survival/tests/testci2	[no test files]
?   	rtdal/generated/r-files/survival/tests/testnull	[no test files]
?   	rtdal/generated/r-files/survival/tests/testreg	[no test files]
?   	rtdal/generated/r-files/survival/tests/tiedtime	[no test files]
?   	rtdal/generated/r-files/survival/tests/tmerge	[no test files]
?   	rtdal/generated/r-files/survival/tests/tmerge2	[no test files]
?   	rtdal/generated/r-files/survival/tests/tmerge3	[no test files]
?   	rtdal/generated/r-files/survival/tests/tmerge4	[no test files]
?   	rtdal/generated/r-files/survival/tests/tt	[no test files]
?   	rtdal/generated/r-files/survival/tests/tt2	[no test files]
?   	rtdal/generated/r-files/survival/tests/turnbull	[no test files]
?   	rtdal/generated/r-files/survival/tests/update	[no test files]
?   	rtdal/generated/r-files/survival/tests/yates0	[no test files]
?   	rtdal/generated/r-files/survival/tests/yates1	[no test files]
?   	rtdal/generated/r-files/survival/tests/yates2	[no test files]
?   	rtdal/generated/r-files/survival/tests/zph	[no test files]
?   	rtdal/generated/r-files/sys/R/astext	[no test files]
?   	rtdal/generated/r-files/sys/R/callr	[no test files]
?   	rtdal/generated/r-files/sys/R/deprecated	[no test files]
?   	rtdal/generated/r-files/sys/R/exec	[no test files]
?   	rtdal/generated/r-files/sys/R/quote	[no test files]
?   	rtdal/generated/r-files/sys/tests/spelling	[no test files]
?   	rtdal/generated/r-files/sys/tests/testthat	[no test files]
?   	rtdal/generated/r-files/sys/tests/testthat/test-binary	[no test files]
?   	rtdal/generated/r-files/sys/tests/testthat/test-encoding	[no test files]
?   	rtdal/generated/r-files/sys/tests/testthat/test-error	[no test files]
?   	rtdal/generated/r-files/sys/tests/testthat/test-nesting	[no test files]
?   	rtdal/generated/r-files/sys/tests/testthat/test-quote	[no test files]
?   	rtdal/generated/r-files/sys/tests/testthat/test-stdin	[no test files]
?   	rtdal/generated/r-files/sys/tests/testthat/test-stdout	[no test files]
?   	rtdal/generated/r-files/sys/tests/testthat/test-timeout	[no test files]
?   	rtdal/generated/r-files/tensor/R/tensor	[no test files]
?   	rtdal/generated/r-files/terra/R/Aclasses	[no test files]
?   	rtdal/generated/r-files/terra/R/Agenerics	[no test files]
?   	rtdal/generated/r-files/terra/R/Arith_generics	[no test files]
?   	rtdal/generated/r-files/terra/R/RGB	[no test files]
?   	rtdal/generated/r-files/terra/R/RcppExports	[no test files]
?   	rtdal/generated/r-files/terra/R/SpatNetwork	[no test files]
?   	rtdal/generated/r-files/terra/R/SpatRasterDataset	[no test files]
?   	rtdal/generated/r-files/terra/R/SpatVectorCollection	[no test files]
?   	rtdal/generated/r-files/terra/R/Zdeprecated	[no test files]
?   	rtdal/generated/r-files/terra/R/aggregate	[no test files]
?   	rtdal/generated/r-files/terra/R/animate	[no test files]
?   	rtdal/generated/r-files/terra/R/app	[no test files]
?   	rtdal/generated/r-files/terra/R/approximate	[no test files]
?   	rtdal/generated/r-files/terra/R/arith	[no test files]
?   	rtdal/generated/r-files/terra/R/as.arrows	[no test files]
?   	rtdal/generated/r-files/terra/R/autocor	[no test files]
?   	rtdal/generated/r-files/terra/R/cells	[no test files]
?   	rtdal/generated/r-files/terra/R/chunk	[no test files]
?   	rtdal/generated/r-files/terra/R/clean	[no test files]
?   	rtdal/generated/r-files/terra/R/click	[no test files]
?   	rtdal/generated/r-files/terra/R/coerce	[no test files]
?   	rtdal/generated/r-files/terra/R/colors	[no test files]
?   	rtdal/generated/r-files/terra/R/connect	[no test files]
?   	rtdal/generated/r-files/terra/R/crosstab	[no test files]
?   	rtdal/generated/r-files/terra/R/crs	[no test files]
?   	rtdal/generated/r-files/terra/R/dimensions	[no test files]
?   	rtdal/generated/r-files/terra/R/distance	[no test files]
?   	rtdal/generated/r-files/terra/R/divide	[no test files]
?   	rtdal/generated/r-files/terra/R/draw	[no test files]
?   	rtdal/generated/r-files/terra/R/expand	[no test files]
?   	rtdal/generated/r-files/terra/R/extent	[no test files]
?   	rtdal/generated/r-files/terra/R/extract	[no test files]
?   	rtdal/generated/r-files/terra/R/extract_single	[no test files]
?   	rtdal/generated/r-files/terra/R/focal	[no test files]
?   	rtdal/generated/r-files/terra/R/focalMat	[no test files]
?   	rtdal/generated/r-files/terra/R/gcp	[no test files]
?   	rtdal/generated/r-files/terra/R/gdal	[no test files]
?   	rtdal/generated/r-files/terra/R/generics	[no test files]
?   	rtdal/generated/r-files/terra/R/geocolors	[no test files]
?   	rtdal/generated/r-files/terra/R/geom	[no test files]
?   	rtdal/generated/r-files/terra/R/graticule	[no test files]
?   	rtdal/generated/r-files/terra/R/hist	[no test files]
?   	rtdal/generated/r-files/terra/R/ifelse	[no test files]
?   	rtdal/generated/r-files/terra/R/image	[no test files]
?   	rtdal/generated/r-files/terra/R/init	[no test files]
?   	rtdal/generated/r-files/terra/R/inset	[no test files]
?   	rtdal/generated/r-files/terra/R/interpolate	[no test files]
?   	rtdal/generated/r-files/terra/R/k_means	[no test files]
?   	rtdal/generated/r-files/terra/R/kml	[no test files]
?   	rtdal/generated/r-files/terra/R/lapp	[no test files]
?   	rtdal/generated/r-files/terra/R/layerCor	[no test files]
?   	rtdal/generated/r-files/terra/R/levels	[no test files]
?   	rtdal/generated/r-files/terra/R/lines	[no test files]
?   	rtdal/generated/r-files/terra/R/makeVRT	[no test files]
?   	rtdal/generated/r-files/terra/R/match	[no test files]
?   	rtdal/generated/r-files/terra/R/math	[no test files]
?   	rtdal/generated/r-files/terra/R/mergeTime	[no test files]
?   	rtdal/generated/r-files/terra/R/messages	[no test files]
?   	rtdal/generated/r-files/terra/R/names	[no test files]
?   	rtdal/generated/r-files/terra/R/ncdf	[no test files]
?   	rtdal/generated/r-files/terra/R/options	[no test files]
?   	rtdal/generated/r-files/terra/R/panel	[no test files]
?   	rtdal/generated/r-files/terra/R/plot	[no test files]
?   	rtdal/generated/r-files/terra/R/plotExtent	[no test files]
?   	rtdal/generated/r-files/terra/R/plotRGB	[no test files]
?   	rtdal/generated/r-files/terra/R/plot_2rasters	[no test files]
?   	rtdal/generated/r-files/terra/R/plot_add	[no test files]
?   	rtdal/generated/r-files/terra/R/plot_axes	[no test files]
?   	rtdal/generated/r-files/terra/R/plot_cartogram	[no test files]
?   	rtdal/generated/r-files/terra/R/plot_clip	[no test files]
?   	rtdal/generated/r-files/terra/R/plot_helper	[no test files]
?   	rtdal/generated/r-files/terra/R/plot_legend_classes	[no test files]
?   	rtdal/generated/r-files/terra/R/plot_legend_continuous	[no test files]
?   	rtdal/generated/r-files/terra/R/plot_let	[no test files]
?   	rtdal/generated/r-files/terra/R/plot_raster	[no test files]
?   	rtdal/generated/r-files/terra/R/plot_scale	[no test files]
?   	rtdal/generated/r-files/terra/R/plot_vector	[no test files]
?   	rtdal/generated/r-files/terra/R/predict	[no test files]
?   	rtdal/generated/r-files/terra/R/princomp	[no test files]
?   	rtdal/generated/r-files/terra/R/rapp	[no test files]
?   	rtdal/generated/r-files/terra/R/rast	[no test files]
?   	rtdal/generated/r-files/terra/R/rasterize	[no test files]
?   	rtdal/generated/r-files/terra/R/rasterizeWin	[no test files]
?   	rtdal/generated/r-files/terra/R/read	[no test files]
?   	rtdal/generated/r-files/terra/R/readsvg	[no test files]
?   	rtdal/generated/r-files/terra/R/regress	[no test files]
?   	rtdal/generated/r-files/terra/R/relate	[no test files]
?   	rtdal/generated/r-files/terra/R/replace	[no test files]
?   	rtdal/generated/r-files/terra/R/replace_layer	[no test files]
?   	rtdal/generated/r-files/terra/R/replace_values	[no test files]
?   	rtdal/generated/r-files/terra/R/roll	[no test files]
?   	rtdal/generated/r-files/terra/R/rowSums	[no test files]
?   	rtdal/generated/r-files/terra/R/sample	[no test files]
?   	rtdal/generated/r-files/terra/R/select	[no test files]
?   	rtdal/generated/r-files/terra/R/selectHigh	[no test files]
?   	rtdal/generated/r-files/terra/R/show	[no test files]
?   	rtdal/generated/r-files/terra/R/spatDF	[no test files]
?   	rtdal/generated/r-files/terra/R/spatvec	[no test files]
?   	rtdal/generated/r-files/terra/R/subset	[no test files]
?   	rtdal/generated/r-files/terra/R/tags	[no test files]
?   	rtdal/generated/r-files/terra/R/tapp	[no test files]
?   	rtdal/generated/r-files/terra/R/tempfiles	[no test files]
?   	rtdal/generated/r-files/terra/R/tile_apply	[no test files]
?   	rtdal/generated/r-files/terra/R/tiles	[no test files]
?   	rtdal/generated/r-files/terra/R/time	[no test files]
?   	rtdal/generated/r-files/terra/R/twoClasses	[no test files]
?   	rtdal/generated/r-files/terra/R/values	[no test files]
?   	rtdal/generated/r-files/terra/R/vect	[no test files]
?   	rtdal/generated/r-files/terra/R/watershed	[no test files]
?   	rtdal/generated/r-files/terra/R/window	[no test files]
?   	rtdal/generated/r-files/terra/R/wrap	[no test files]
?   	rtdal/generated/r-files/terra/R/write	[no test files]
?   	rtdal/generated/r-files/terra/R/xapp	[no test files]
?   	rtdal/generated/r-files/terra/R/xyRowColCell	[no test files]
?   	rtdal/generated/r-files/terra/R/z_show	[no test files]
?   	rtdal/generated/r-files/terra/R/zonal	[no test files]
?   	rtdal/generated/r-files/terra/R/zoom	[no test files]
?   	rtdal/generated/r-files/terra/R/zzz	[no test files]
?   	rtdal/generated/r-files/terra/inst/tinytest/test_aggregate	[no test files]
?   	rtdal/generated/r-files/terra/inst/tinytest/test_arith	[no test files]
?   	rtdal/generated/r-files/terra/inst/tinytest/test_autocor	[no test files]
?   	rtdal/generated/r-files/terra/inst/tinytest/test_cats	[no test files]
?   	rtdal/generated/r-files/terra/inst/tinytest/test_classify	[no test files]
?   	rtdal/generated/r-files/terra/inst/tinytest/test_classify_subst_parallel	[no test files]
?   	rtdal/generated/r-files/terra/inst/tinytest/test_costDist	[no test files]
?   	rtdal/generated/r-files/terra/inst/tinytest/test_crds	[no test files]
?   	rtdal/generated/r-files/terra/inst/tinytest/test_crop	[no test files]
?   	rtdal/generated/r-files/terra/inst/tinytest/test_crosstab	[no test files]
?   	rtdal/generated/r-files/terra/inst/tinytest/test_distance	[no test files]
?   	rtdal/generated/r-files/terra/inst/tinytest/test_equal	[no test files]
?   	rtdal/generated/r-files/terra/inst/tinytest/test_extent	[no test files]
?   	rtdal/generated/r-files/terra/inst/tinytest/test_extract	[no test files]
?   	rtdal/generated/r-files/terra/inst/tinytest/test_flowAccumulation	[no test files]
?   	rtdal/generated/r-files/terra/inst/tinytest/test_focal	[no test files]
?   	rtdal/generated/r-files/terra/inst/tinytest/test_focal2	[no test files]
?   	rtdal/generated/r-files/terra/inst/tinytest/test_focal_cores	[no test files]
?   	rtdal/generated/r-files/terra/inst/tinytest/test_freq	[no test files]
?   	rtdal/generated/r-files/terra/inst/tinytest/test_future	[no test files]
?   	rtdal/generated/r-files/terra/inst/tinytest/test_geom	[no test files]
?   	rtdal/generated/r-files/terra/inst/tinytest/test_global	[no test files]
?   	rtdal/generated/r-files/terra/inst/tinytest/test_kml_extended	[no test files]
?   	rtdal/generated/r-files/terra/inst/tinytest/test_matrix-input	[no test files]
?   	rtdal/generated/r-files/terra/inst/tinytest/test_merge	[no test files]
?   	rtdal/generated/r-files/terra/inst/tinytest/test_misc-raster	[no test files]
?   	rtdal/generated/r-files/terra/inst/tinytest/test_misc-vector	[no test files]
?   	rtdal/generated/r-files/terra/inst/tinytest/test_multivariate	[no test files]
?   	rtdal/generated/r-files/terra/inst/tinytest/test_nc	[no test files]
?   	rtdal/generated/r-files/terra/inst/tinytest/test_network	[no test files]
?   	rtdal/generated/r-files/terra/inst/tinytest/test_network_gnm	[no test files]
?   	rtdal/generated/r-files/terra/inst/tinytest/test_network_igraph	[no test files]
?   	rtdal/generated/r-files/terra/inst/tinytest/test_patches	[no test files]
?   	rtdal/generated/r-files/terra/inst/tinytest/test_pitfinder	[no test files]
?   	rtdal/generated/r-files/terra/inst/tinytest/test_plot	[no test files]
?   	rtdal/generated/r-files/terra/inst/tinytest/test_project	[no test files]
?   	rtdal/generated/r-files/terra/inst/tinytest/test_raster-local	[no test files]
?   	rtdal/generated/r-files/terra/inst/tinytest/test_raster-vector	[no test files]
?   	rtdal/generated/r-files/terra/inst/tinytest/test_rasterize	[no test files]
?   	rtdal/generated/r-files/terra/inst/tinytest/test_rds	[no test files]
?   	rtdal/generated/r-files/terra/inst/tinytest/test_replace	[no test files]
?   	rtdal/generated/r-files/terra/inst/tinytest/test_revdep_fixes	[no test files]
?   	rtdal/generated/r-files/terra/inst/tinytest/test_sample	[no test files]
?   	rtdal/generated/r-files/terra/inst/tinytest/test_subst	[no test files]
?   	rtdal/generated/r-files/terra/inst/tinytest/test_tags	[no test files]
?   	rtdal/generated/r-files/terra/inst/tinytest/test_tessellate	[no test files]
?   	rtdal/generated/r-files/terra/inst/tinytest/test_tile_apply	[no test files]
?   	rtdal/generated/r-files/terra/inst/tinytest/test_time	[no test files]
?   	rtdal/generated/r-files/terra/inst/tinytest/test_update	[no test files]
?   	rtdal/generated/r-files/terra/inst/tinytest/test_vect-geom	[no test files]
?   	rtdal/generated/r-files/terra/inst/tinytest/test_vect-z	[no test files]
?   	rtdal/generated/r-files/terra/inst/tinytest/test_vector-empty	[no test files]
?   	rtdal/generated/r-files/terra/inst/tinytest/test_vector-subset	[no test files]
?   	rtdal/generated/r-files/terra/inst/tinytest/test_vrt	[no test files]
?   	rtdal/generated/r-files/terra/inst/tinytest/test_weighted-mean	[no test files]
?   	rtdal/generated/r-files/terra/inst/tinytest/test_window	[no test files]
?   	rtdal/generated/r-files/terra/inst/tinytest/test_wkt_grd	[no test files]
?   	rtdal/generated/r-files/terra/inst/tinytest/test_zonal	[no test files]
?   	rtdal/generated/r-files/terra/inst/tinytest/tinytest	[no test files]
?   	rtdal/generated/r-files/terra/tests/tinytest	[no test files]
?   	rtdal/generated/r-files/tibble/R/aaa-options	[no test files]
?   	rtdal/generated/r-files/tibble/R/add	[no test files]
?   	rtdal/generated/r-files/tibble/R/ansi	[no test files]
?   	rtdal/generated/r-files/tibble/R/as_tibble	[no test files]
?   	rtdal/generated/r-files/tibble/R/compat-friendly-type	[no test files]
?   	rtdal/generated/r-files/tibble/R/compat-lazyeval	[no test files]
?   	rtdal/generated/r-files/tibble/R/compat-lifecycle	[no test files]
?   	rtdal/generated/r-files/tibble/R/compat-purrr	[no test files]
?   	rtdal/generated/r-files/tibble/R/compat-strrep	[no test files]
?   	rtdal/generated/r-files/tibble/R/deprecated	[no test files]
?   	rtdal/generated/r-files/tibble/R/dftbl	[no test files]
?   	rtdal/generated/r-files/tibble/R/enframe	[no test files]
?   	rtdal/generated/r-files/tibble/R/error	[no test files]
?   	rtdal/generated/r-files/tibble/R/galley	[no test files]
?   	rtdal/generated/r-files/tibble/R/glimpse	[no test files]
?   	rtdal/generated/r-files/tibble/R/has-name	[no test files]
?   	rtdal/generated/r-files/tibble/R/lst	[no test files]
?   	rtdal/generated/r-files/tibble/R/names	[no test files]
?   	rtdal/generated/r-files/tibble/R/new	[no test files]
?   	rtdal/generated/r-files/tibble/R/options	[no test files]
?   	rtdal/generated/r-files/tibble/R/options-tibble	[no test files]
?   	rtdal/generated/r-files/tibble/R/pillar	[no test files]
?   	rtdal/generated/r-files/tibble/R/pipe	[no test files]
?   	rtdal/generated/r-files/tibble/R/print	[no test files]
?   	rtdal/generated/r-files/tibble/R/rownames	[no test files]
?   	rtdal/generated/r-files/tibble/R/str	[no test files]
?   	rtdal/generated/r-files/tibble/R/string-to-indices	[no test files]
?   	rtdal/generated/r-files/tibble/R/sub	[no test files]
?   	rtdal/generated/r-files/tibble/R/subassign	[no test files]
?   	rtdal/generated/r-files/tibble/R/subassign-backend	[no test files]
?   	rtdal/generated/r-files/tibble/R/subsetting-matrix	[no test files]
?   	rtdal/generated/r-files/tibble/R/tbl_df	[no test files]
?   	rtdal/generated/r-files/tibble/R/tbl_sum	[no test files]
?   	rtdal/generated/r-files/tibble/R/tibble	[no test files]
?   	rtdal/generated/r-files/tibble/R/tibble-package	[no test files]
?   	rtdal/generated/r-files/tibble/R/tidy_names	[no test files]
?   	rtdal/generated/r-files/tibble/R/tribble	[no test files]
?   	rtdal/generated/r-files/tibble/R/utils	[no test files]
?   	rtdal/generated/r-files/tibble/R/utils-msg-format	[no test files]
?   	rtdal/generated/r-files/tibble/R/utils-tick	[no test files]
?   	rtdal/generated/r-files/tibble/R/view	[no test files]
?   	rtdal/generated/r-files/tibble/R/zzz	[no test files]
?   	rtdal/generated/r-files/tibble/inst/doc/digits	[no test files]
?   	rtdal/generated/r-files/tibble/inst/doc/extending	[no test files]
?   	rtdal/generated/r-files/tibble/inst/doc/formats	[no test files]
?   	rtdal/generated/r-files/tibble/inst/doc/invariants	[no test files]
?   	rtdal/generated/r-files/tibble/inst/doc/numbers	[no test files]
?   	rtdal/generated/r-files/tibble/inst/doc/tibble	[no test files]
?   	rtdal/generated/r-files/tibble/inst/doc/types	[no test files]
?   	rtdal/generated/r-files/tibble/tests/testthat	[no test files]
?   	rtdal/generated/r-files/tibble/tests/testthat/helper-data	[no test files]
?   	rtdal/generated/r-files/tibble/tests/testthat/helper-encoding	[no test files]
?   	rtdal/generated/r-files/tibble/tests/testthat/helper-error	[no test files]
?   	rtdal/generated/r-files/tibble/tests/testthat/helper-expectations	[no test files]
?   	rtdal/generated/r-files/tibble/tests/testthat/helper-my	[no test files]
?   	rtdal/generated/r-files/tibble/tests/testthat/helper-output	[no test files]
?   	rtdal/generated/r-files/tibble/tests/testthat/helper-pillar	[no test files]
?   	rtdal/generated/r-files/tibble/tests/testthat/helper-testthat	[no test files]
?   	rtdal/generated/r-files/tibble/tests/testthat/helper-type-sum	[no test files]
?   	rtdal/generated/r-files/tibble/tests/testthat/helper-unknown-rows	[no test files]
?   	rtdal/generated/r-files/tibble/tests/testthat/helper-zzz	[no test files]
?   	rtdal/generated/r-files/tibble/tests/testthat/setup	[no test files]
?   	rtdal/generated/r-files/tibble/tests/testthat/test-add	[no test files]
?   	rtdal/generated/r-files/tibble/tests/testthat/test-as_tibble	[no test files]
?   	rtdal/generated/r-files/tibble/tests/testthat/test-enframe	[no test files]
?   	rtdal/generated/r-files/tibble/tests/testthat/test-error	[no test files]
?   	rtdal/generated/r-files/tibble/tests/testthat/test-has-name	[no test files]
?   	rtdal/generated/r-files/tibble/tests/testthat/test-lst	[no test files]
?   	rtdal/generated/r-files/tibble/tests/testthat/test-msg	[no test files]
?   	rtdal/generated/r-files/tibble/tests/testthat/test-names	[no test files]
?   	rtdal/generated/r-files/tibble/tests/testthat/test-new	[no test files]
?   	rtdal/generated/r-files/tibble/tests/testthat/test-options	[no test files]
?   	rtdal/generated/r-files/tibble/tests/testthat/test-print	[no test files]
?   	rtdal/generated/r-files/tibble/tests/testthat/test-rownames	[no test files]
?   	rtdal/generated/r-files/tibble/tests/testthat/test-str	[no test files]
?   	rtdal/generated/r-files/tibble/tests/testthat/test-string-to-indices	[no test files]
?   	rtdal/generated/r-files/tibble/tests/testthat/test-subsetting	[no test files]
?   	rtdal/generated/r-files/tibble/tests/testthat/test-subsetting-matrix	[no test files]
?   	rtdal/generated/r-files/tibble/tests/testthat/test-tbl_df	[no test files]
?   	rtdal/generated/r-files/tibble/tests/testthat/test-tbl_sum	[no test files]
?   	rtdal/generated/r-files/tibble/tests/testthat/test-tibble	[no test files]
?   	rtdal/generated/r-files/tibble/tests/testthat/test-tidy_names	[no test files]
?   	rtdal/generated/r-files/tibble/tests/testthat/test-tribble	[no test files]
?   	rtdal/generated/r-files/tibble/tests/testthat/test-type_sum	[no test files]
?   	rtdal/generated/r-files/tibble/tests/testthat/test-utils	[no test files]
?   	rtdal/generated/r-files/tibble/tests/testthat/test-utils-msg-format	[no test files]
?   	rtdal/generated/r-files/tibble/tests/testthat/test-utils-tick	[no test files]
?   	rtdal/generated/r-files/tibble/tests/testthat/test-vignette-digits	[no test files]
?   	rtdal/generated/r-files/tibble/tests/testthat/test-vignette-extending	[no test files]
?   	rtdal/generated/r-files/tibble/tests/testthat/test-vignette-formats	[no test files]
?   	rtdal/generated/r-files/tibble/tests/testthat/test-vignette-invariants	[no test files]
?   	rtdal/generated/r-files/tibble/tests/testthat/test-vignette-numbers	[no test files]
?   	rtdal/generated/r-files/tibble/tests/testthat/test-vignette-tibble	[no test files]
?   	rtdal/generated/r-files/tibble/tests/testthat/test-vignette-types	[no test files]
?   	rtdal/generated/r-files/tidyr/R/append	[no test files]
?   	rtdal/generated/r-files/tidyr/R/chop	[no test files]
?   	rtdal/generated/r-files/tidyr/R/complete	[no test files]
?   	rtdal/generated/r-files/tidyr/R/cpp11	[no test files]
?   	rtdal/generated/r-files/tidyr/R/data	[no test files]
?   	rtdal/generated/r-files/tidyr/R/dep-extract	[no test files]
?   	rtdal/generated/r-files/tidyr/R/dep-lazyeval	[no test files]
?   	rtdal/generated/r-files/tidyr/R/doc-params	[no test files]
?   	rtdal/generated/r-files/tidyr/R/drop-na	[no test files]
?   	rtdal/generated/r-files/tidyr/R/expand	[no test files]
?   	rtdal/generated/r-files/tidyr/R/extract	[no test files]
?   	rtdal/generated/r-files/tidyr/R/fill	[no test files]
?   	rtdal/generated/r-files/tidyr/R/gather	[no test files]
?   	rtdal/generated/r-files/tidyr/R/hoist	[no test files]
?   	rtdal/generated/r-files/tidyr/R/id	[no test files]
?   	rtdal/generated/r-files/tidyr/R/import-standalone-lazyeval	[no test files]
?   	rtdal/generated/r-files/tidyr/R/import-standalone-obj-type	[no test files]
?   	rtdal/generated/r-files/tidyr/R/import-standalone-types-check	[no test files]
?   	rtdal/generated/r-files/tidyr/R/nest	[no test files]
?   	rtdal/generated/r-files/tidyr/R/nest-legacy	[no test files]
?   	rtdal/generated/r-files/tidyr/R/pack	[no test files]
?   	rtdal/generated/r-files/tidyr/R/pivot	[no test files]
?   	rtdal/generated/r-files/tidyr/R/pivot-long	[no test files]
?   	rtdal/generated/r-files/tidyr/R/pivot-wide	[no test files]
?   	rtdal/generated/r-files/tidyr/R/replace_na	[no test files]
?   	rtdal/generated/r-files/tidyr/R/separate	[no test files]
?   	rtdal/generated/r-files/tidyr/R/separate-longer	[no test files]
?   	rtdal/generated/r-files/tidyr/R/separate-rows	[no test files]
?   	rtdal/generated/r-files/tidyr/R/separate-wider	[no test files]
?   	rtdal/generated/r-files/tidyr/R/seq	[no test files]
?   	rtdal/generated/r-files/tidyr/R/spread	[no test files]
?   	rtdal/generated/r-files/tidyr/R/tidyr	[no test files]
?   	rtdal/generated/r-files/tidyr/R/uncount	[no test files]
?   	rtdal/generated/r-files/tidyr/R/unite	[no test files]
?   	rtdal/generated/r-files/tidyr/R/unnest	[no test files]
?   	rtdal/generated/r-files/tidyr/R/unnest-auto	[no test files]
?   	rtdal/generated/r-files/tidyr/R/unnest-helper	[no test files]
?   	rtdal/generated/r-files/tidyr/R/unnest-longer	[no test files]
?   	rtdal/generated/r-files/tidyr/R/unnest-wider	[no test files]
?   	rtdal/generated/r-files/tidyr/R/utils	[no test files]
?   	rtdal/generated/r-files/tidyr/R/zzz	[no test files]
?   	rtdal/generated/r-files/tidyr/inst/doc/in-packages	[no test files]
?   	rtdal/generated/r-files/tidyr/inst/doc/nest	[no test files]
?   	rtdal/generated/r-files/tidyr/inst/doc/pivot	[no test files]
?   	rtdal/generated/r-files/tidyr/inst/doc/programming	[no test files]
?   	rtdal/generated/r-files/tidyr/inst/doc/rectangle	[no test files]
?   	rtdal/generated/r-files/tidyr/inst/doc/tidy-data	[no test files]
?   	rtdal/generated/r-files/tidyr/tests/testthat	[no test files]
?   	rtdal/generated/r-files/tidyr/tests/testthat/test-append	[no test files]
?   	rtdal/generated/r-files/tidyr/tests/testthat/test-chop	[no test files]
?   	rtdal/generated/r-files/tidyr/tests/testthat/test-complete	[no test files]
?   	rtdal/generated/r-files/tidyr/tests/testthat/test-drop-na	[no test files]
?   	rtdal/generated/r-files/tidyr/tests/testthat/test-expand	[no test files]
?   	rtdal/generated/r-files/tidyr/tests/testthat/test-extract	[no test files]
?   	rtdal/generated/r-files/tidyr/tests/testthat/test-fill	[no test files]
?   	rtdal/generated/r-files/tidyr/tests/testthat/test-gather	[no test files]
?   	rtdal/generated/r-files/tidyr/tests/testthat/test-hoist	[no test files]
?   	rtdal/generated/r-files/tidyr/tests/testthat/test-id	[no test files]
?   	rtdal/generated/r-files/tidyr/tests/testthat/test-nest	[no test files]
?   	rtdal/generated/r-files/tidyr/tests/testthat/test-nest-legacy	[no test files]
?   	rtdal/generated/r-files/tidyr/tests/testthat/test-pack	[no test files]
?   	rtdal/generated/r-files/tidyr/tests/testthat/test-pivot	[no test files]
?   	rtdal/generated/r-files/tidyr/tests/testthat/test-pivot-long	[no test files]
?   	rtdal/generated/r-files/tidyr/tests/testthat/test-pivot-wide	[no test files]
?   	rtdal/generated/r-files/tidyr/tests/testthat/test-replace_na	[no test files]
?   	rtdal/generated/r-files/tidyr/tests/testthat/test-separate	[no test files]
?   	rtdal/generated/r-files/tidyr/tests/testthat/test-separate-longer	[no test files]
?   	rtdal/generated/r-files/tidyr/tests/testthat/test-separate-rows	[no test files]
?   	rtdal/generated/r-files/tidyr/tests/testthat/test-separate-wider	[no test files]
?   	rtdal/generated/r-files/tidyr/tests/testthat/test-seq	[no test files]
?   	rtdal/generated/r-files/tidyr/tests/testthat/test-spread	[no test files]
?   	rtdal/generated/r-files/tidyr/tests/testthat/test-uncount	[no test files]
?   	rtdal/generated/r-files/tidyr/tests/testthat/test-unite	[no test files]
?   	rtdal/generated/r-files/tidyr/tests/testthat/test-unnest	[no test files]
?   	rtdal/generated/r-files/tidyr/tests/testthat/test-unnest-auto	[no test files]
?   	rtdal/generated/r-files/tidyr/tests/testthat/test-unnest-helper	[no test files]
?   	rtdal/generated/r-files/tidyr/tests/testthat/test-unnest-longer	[no test files]
?   	rtdal/generated/r-files/tidyr/tests/testthat/test-unnest-wider	[no test files]
?   	rtdal/generated/r-files/tidyr/tests/testthat/test-utils	[no test files]
?   	rtdal/generated/r-files/tidyselect/R/compat-purrr	[no test files]
?   	rtdal/generated/r-files/tidyselect/R/compat-type	[no test files]
?   	rtdal/generated/r-files/tidyselect/R/conditions	[no test files]
?   	rtdal/generated/r-files/tidyselect/R/eval-bool	[no test files]
?   	rtdal/generated/r-files/tidyselect/R/eval-c	[no test files]
?   	rtdal/generated/r-files/tidyselect/R/eval-relocate	[no test files]
?   	rtdal/generated/r-files/tidyselect/R/eval-rename	[no test files]
?   	rtdal/generated/r-files/tidyselect/R/eval-select	[no test files]
?   	rtdal/generated/r-files/tidyselect/R/eval-walk	[no test files]
?   	rtdal/generated/r-files/tidyselect/R/faq	[no test files]
?   	rtdal/generated/r-files/tidyselect/R/helpers	[no test files]
?   	rtdal/generated/r-files/tidyselect/R/helpers-misc	[no test files]
?   	rtdal/generated/r-files/tidyselect/R/helpers-pattern	[no test files]
?   	rtdal/generated/r-files/tidyselect/R/helpers-vector	[no test files]
?   	rtdal/generated/r-files/tidyselect/R/helpers-where	[no test files]
?   	rtdal/generated/r-files/tidyselect/R/lifecycle-deprecated	[no test files]
?   	rtdal/generated/r-files/tidyselect/R/proxy	[no test files]
?   	rtdal/generated/r-files/tidyselect/R/reexport-rlang	[no test files]
?   	rtdal/generated/r-files/tidyselect/R/sets	[no test files]
?   	rtdal/generated/r-files/tidyselect/R/tidyselect-package	[no test files]
?   	rtdal/generated/r-files/tidyselect/R/utils	[no test files]
?   	rtdal/generated/r-files/tidyselect/R/vars	[no test files]
?   	rtdal/generated/r-files/tidyselect/R/vars-pull	[no test files]
?   	rtdal/generated/r-files/tidyselect/R/zzz	[no test files]
?   	rtdal/generated/r-files/tidyselect/inst/doc/syntax	[no test files]
?   	rtdal/generated/r-files/tidyselect/inst/doc/tidyselect	[no test files]
?   	rtdal/generated/r-files/tidyselect/tests/testthat	[no test files]
?   	rtdal/generated/r-files/tidyselect/tests/testthat/helper-tidyselect	[no test files]
?   	rtdal/generated/r-files/tidyselect/tests/testthat/test-eval-bool	[no test files]
?   	rtdal/generated/r-files/tidyselect/tests/testthat/test-eval-c	[no test files]
?   	rtdal/generated/r-files/tidyselect/tests/testthat/test-eval-relocate	[no test files]
?   	rtdal/generated/r-files/tidyselect/tests/testthat/test-eval-rename	[no test files]
?   	rtdal/generated/r-files/tidyselect/tests/testthat/test-eval-select	[no test files]
?   	rtdal/generated/r-files/tidyselect/tests/testthat/test-eval-walk	[no test files]
?   	rtdal/generated/r-files/tidyselect/tests/testthat/test-helpers	[no test files]
?   	rtdal/generated/r-files/tidyselect/tests/testthat/test-helpers-misc	[no test files]
?   	rtdal/generated/r-files/tidyselect/tests/testthat/test-helpers-pattern	[no test files]
?   	rtdal/generated/r-files/tidyselect/tests/testthat/test-helpers-vector	[no test files]
?   	rtdal/generated/r-files/tidyselect/tests/testthat/test-helpers-where	[no test files]
?   	rtdal/generated/r-files/tidyselect/tests/testthat/test-lifecycle-deprecated	[no test files]
?   	rtdal/generated/r-files/tidyselect/tests/testthat/test-proxy	[no test files]
?   	rtdal/generated/r-files/tidyselect/tests/testthat/test-sets	[no test files]
?   	rtdal/generated/r-files/tidyselect/tests/testthat/test-vars	[no test files]
?   	rtdal/generated/r-files/tidyselect/tests/testthat/test-vars-pull	[no test files]
?   	rtdal/generated/r-files/tidytransit/R/convert_types	[no test files]
?   	rtdal/generated/r-files/tidytransit/R/data	[no test files]
?   	rtdal/generated/r-files/tidytransit/R/dates	[no test files]
?   	rtdal/generated/r-files/tidytransit/R/filter_stop_times	[no test files]
?   	rtdal/generated/r-files/tidytransit/R/filters	[no test files]
?   	rtdal/generated/r-files/tidytransit/R/frequencies	[no test files]
?   	rtdal/generated/r-files/tidytransit/R/geo	[no test files]
?   	rtdal/generated/r-files/tidytransit/R/globals	[no test files]
?   	rtdal/generated/r-files/tidytransit/R/gtfsio	[no test files]
?   	rtdal/generated/r-files/tidytransit/R/io	[no test files]
?   	rtdal/generated/r-files/tidytransit/R/plot	[no test files]
?   	rtdal/generated/r-files/tidytransit/R/raptor	[no test files]
?   	rtdal/generated/r-files/tidytransit/R/raptor-checks	[no test files]
?   	rtdal/generated/r-files/tidytransit/R/service	[no test files]
?   	rtdal/generated/r-files/tidytransit/R/spatial	[no test files]
?   	rtdal/generated/r-files/tidytransit/R/summary	[no test files]
?   	rtdal/generated/r-files/tidytransit/R/tidygtfs	[no test files]
?   	rtdal/generated/r-files/tidytransit/R/time	[no test files]
?   	rtdal/generated/r-files/tidytransit/R/travel_times	[no test files]
?   	rtdal/generated/r-files/tidytransit/R/utils	[no test files]
?   	rtdal/generated/r-files/tidytransit/R/validate_gtfs	[no test files]
?   	rtdal/generated/r-files/tidytransit/inst/create-reference-sysdata	[no test files]
?   	rtdal/generated/r-files/tidytransit/inst/doc/frequency	[no test files]
?   	rtdal/generated/r-files/tidytransit/inst/doc/introduction	[no test files]
?   	rtdal/generated/r-files/tidytransit/inst/doc/servicepatterns	[no test files]
?   	rtdal/generated/r-files/tidytransit/inst/doc/timetable	[no test files]
?   	rtdal/generated/r-files/tidytransit/tests/testthat	[no test files]
?   	rtdal/generated/r-files/tidytransit/tests/testthat/test-as_tidygtfs	[no test files]
?   	rtdal/generated/r-files/tidytransit/tests/testthat/test-frequencies	[no test files]
?   	rtdal/generated/r-files/tidytransit/tests/testthat/test-raptor	[no test files]
?   	rtdal/generated/r-files/tidytransit/tests/testthat/test-raptor-transfers	[no test files]
?   	rtdal/generated/r-files/tidytransit/tests/testthat/test-read-gtfs	[no test files]
?   	rtdal/generated/r-files/tidytransit/tests/testthat/test-service	[no test files]
?   	rtdal/generated/r-files/tidytransit/tests/testthat/test-spatial	[no test files]
?   	rtdal/generated/r-files/tidytransit/tests/testthat/test-time	[no test files]
?   	rtdal/generated/r-files/tidytransit/tests/testthat/test-travel_times	[no test files]
?   	rtdal/generated/r-files/tidytransit/tests/testthat/test-utils	[no test files]
?   	rtdal/generated/r-files/tidytransit/tests/testthat/test-validate	[no test files]
?   	rtdal/generated/r-files/tidytransit/tests/testthat/test-write-gtfs	[no test files]
?   	rtdal/generated/r-files/timechange/R/addition	[no test files]
?   	rtdal/generated/r-files/timechange/R/cpp11	[no test files]
?   	rtdal/generated/r-files/timechange/R/get	[no test files]
?   	rtdal/generated/r-files/timechange/R/package	[no test files]
?   	rtdal/generated/r-files/timechange/R/round	[no test files]
?   	rtdal/generated/r-files/timechange/R/update	[no test files]
?   	rtdal/generated/r-files/timechange/R/utils	[no test files]
?   	rtdal/generated/r-files/timechange/R/zones	[no test files]
?   	rtdal/generated/r-files/timechange/tests/testthat	[no test files]
?   	rtdal/generated/r-files/timechange/tests/testthat/helpers	[no test files]
?   	rtdal/generated/r-files/timechange/tests/testthat/test-addition	[no test files]
?   	rtdal/generated/r-files/timechange/tests/testthat/test-get	[no test files]
?   	rtdal/generated/r-files/timechange/tests/testthat/test-parse	[no test files]
?   	rtdal/generated/r-files/timechange/tests/testthat/test-round	[no test files]
?   	rtdal/generated/r-files/timechange/tests/testthat/test-time-zones	[no test files]
?   	rtdal/generated/r-files/timechange/tests/testthat/test-update	[no test files]
?   	rtdal/generated/r-files/tinytex/R/install	[no test files]
?   	rtdal/generated/r-files/tinytex/R/latex	[no test files]
?   	rtdal/generated/r-files/tinytex/R/package	[no test files]
?   	rtdal/generated/r-files/tinytex/R/platforms	[no test files]
?   	rtdal/generated/r-files/tinytex/R/tlmgr	[no test files]
?   	rtdal/generated/r-files/tinytex/R/utils	[no test files]
?   	rtdal/generated/r-files/tinytex/tests/test-ci	[no test files]
?   	rtdal/generated/r-files/tinytex/tests/test-ci/test-install	[no test files]
?   	rtdal/generated/r-files/tinytex/tests/test-ci/test-latex	[no test files]
?   	rtdal/generated/r-files/tinytex/tests/test-ci/test-tlmgr	[no test files]
?   	rtdal/generated/r-files/tinytex/tests/test-cran	[no test files]
?   	rtdal/generated/r-files/tinytex/tests/test-cran/test-latex	[no test files]
?   	rtdal/generated/r-files/tmap/R/basemap_equivalents	[no test files]
?   	rtdal/generated/r-files/tmap/R/check_fix	[no test files]
?   	rtdal/generated/r-files/tmap/R/data	[no test files]
?   	rtdal/generated/r-files/tmap/R/doc_units	[no test files]
?   	rtdal/generated/r-files/tmap/R/docs	[no test files]
?   	rtdal/generated/r-files/tmap/R/global-variables	[no test files]
?   	rtdal/generated/r-files/tmap/R/messages	[no test files]
?   	rtdal/generated/r-files/tmap/R/messages_deprecated	[no test files]
?   	rtdal/generated/r-files/tmap/R/messages_v4_v3	[no test files]
?   	rtdal/generated/r-files/tmap/R/misc_comp	[no test files]
?   	rtdal/generated/r-files/tmap/R/misc_crs	[no test files]
?   	rtdal/generated/r-files/tmap/R/misc_datetime	[no test files]
?   	rtdal/generated/r-files/tmap/R/misc_from_mapview	[no test files]
?   	rtdal/generated/r-files/tmap/R/misc_options	[no test files]
?   	rtdal/generated/r-files/tmap/R/misc_other	[no test files]
?   	rtdal/generated/r-files/tmap/R/misc_pointLabel	[no test files]
?   	rtdal/generated/r-files/tmap/R/misc_stars	[no test files]
?   	rtdal/generated/r-files/tmap/R/misc_symbols	[no test files]
?   	rtdal/generated/r-files/tmap/R/misc_text	[no test files]
?   	rtdal/generated/r-files/tmap/R/misc_trans_data	[no test files]
?   	rtdal/generated/r-files/tmap/R/pkg	[no test files]
?   	rtdal/generated/r-files/tmap/R/print	[no test files]
?   	rtdal/generated/r-files/tmap/R/process_breaks	[no test files]
?   	rtdal/generated/r-files/tmap/R/process_color	[no test files]
?   	rtdal/generated/r-files/tmap/R/process_legend_format	[no test files]
?   	rtdal/generated/r-files/tmap/R/process_meta	[no test files]
?   	rtdal/generated/r-files/tmap/R/qtm	[no test files]
?   	rtdal/generated/r-files/tmap/R/shapeTM	[no test files]
?   	rtdal/generated/r-files/tmap/R/shiny	[no test files]
?   	rtdal/generated/r-files/tmap/R/shiny_dispatch	[no test files]
?   	rtdal/generated/r-files/tmap/R/shiny_grid	[no test files]
?   	rtdal/generated/r-files/tmap/R/shiny_leaflet	[no test files]
?   	rtdal/generated/r-files/tmap/R/shp_functions	[no test files]
?   	rtdal/generated/r-files/tmap/R/spatial_non_supported	[no test files]
?   	rtdal/generated/r-files/tmap/R/spatial_raster	[no test files]
?   	rtdal/generated/r-files/tmap/R/spatial_sf	[no test files]
?   	rtdal/generated/r-files/tmap/R/spatial_sp	[no test files]
?   	rtdal/generated/r-files/tmap/R/spatial_stars	[no test files]
?   	rtdal/generated/r-files/tmap/R/spatial_terra	[no test files]
?   	rtdal/generated/r-files/tmap/R/step1_helper_facets	[no test files]
?   	rtdal/generated/r-files/tmap/R/step1_helper_meta	[no test files]
?   	rtdal/generated/r-files/tmap/R/step1_rearrange	[no test files]
?   	rtdal/generated/r-files/tmap/R/step2_data	[no test files]
?   	rtdal/generated/r-files/tmap/R/step2_helper_data	[no test files]
?   	rtdal/generated/r-files/tmap/R/step2_helper_facets	[no test files]
?   	rtdal/generated/r-files/tmap/R/step2_skipping	[no test files]
?   	rtdal/generated/r-files/tmap/R/step3_trans	[no test files]
?   	rtdal/generated/r-files/tmap/R/step4_helper_legends	[no test files]
?   	rtdal/generated/r-files/tmap/R/step4_plot	[no test files]
?   	rtdal/generated/r-files/tmap/R/submit_symbol	[no test files]
?   	rtdal/generated/r-files/tmap/R/theme_ps	[no test files]
?   	rtdal/generated/r-files/tmap/R/tm_add_legend	[no test files]
?   	rtdal/generated/r-files/tmap/R/tm_animate	[no test files]
?   	rtdal/generated/r-files/tmap/R/tm_chart	[no test files]
?   	rtdal/generated/r-files/tmap/R/tm_component_functions	[no test files]
?   	rtdal/generated/r-files/tmap/R/tm_components	[no test files]
?   	rtdal/generated/r-files/tmap/R/tm_crs	[no test files]
?   	rtdal/generated/r-files/tmap/R/tm_element	[no test files]
?   	rtdal/generated/r-files/tmap/R/tm_facets	[no test files]
?   	rtdal/generated/r-files/tmap/R/tm_group	[no test files]
?   	rtdal/generated/r-files/tmap/R/tm_inset	[no test files]
?   	rtdal/generated/r-files/tmap/R/tm_label_format	[no test files]
?   	rtdal/generated/r-files/tmap/R/tm_layers_aux	[no test files]
?   	rtdal/generated/r-files/tmap/R/tm_layers_circles	[no test files]
?   	rtdal/generated/r-files/tmap/R/tm_layers_iso	[no test files]
?   	rtdal/generated/r-files/tmap/R/tm_layers_lines	[no test files]
?   	rtdal/generated/r-files/tmap/R/tm_layers_polygons	[no test files]
?   	rtdal/generated/r-files/tmap/R/tm_layers_raster	[no test files]
?   	rtdal/generated/r-files/tmap/R/tm_layers_rgb	[no test files]
?   	rtdal/generated/r-files/tmap/R/tm_layers_sf	[no test files]
?   	rtdal/generated/r-files/tmap/R/tm_layers_symbols	[no test files]
?   	rtdal/generated/r-files/tmap/R/tm_layers_text	[no test files]
?   	rtdal/generated/r-files/tmap/R/tm_layout	[no test files]
?   	rtdal/generated/r-files/tmap/R/tm_legend	[no test files]
?   	rtdal/generated/r-files/tmap/R/tm_options	[no test files]
?   	rtdal/generated/r-files/tmap/R/tm_plot_order	[no test files]
?   	rtdal/generated/r-files/tmap/R/tm_popup	[no test files]
?   	rtdal/generated/r-files/tmap/R/tm_pos	[no test files]
?   	rtdal/generated/r-files/tmap/R/tm_scale_	[no test files]
?   	rtdal/generated/r-files/tmap/R/tm_scale_bivariate	[no test files]
?   	rtdal/generated/r-files/tmap/R/tm_shape	[no test files]
?   	rtdal/generated/r-files/tmap/R/tm_vars	[no test files]
?   	rtdal/generated/r-files/tmap/R/tm_xylab	[no test files]
?   	rtdal/generated/r-files/tmap/R/tmapChart	[no test files]
?   	rtdal/generated/r-files/tmap/R/tmapGpar	[no test files]
?   	rtdal/generated/r-files/tmap/R/tmapGridArrange	[no test files]
?   	rtdal/generated/r-files/tmap/R/tmapGridAux	[no test files]
?   	rtdal/generated/r-files/tmap/R/tmapGridAux_grid	[no test files]
?   	rtdal/generated/r-files/tmap/R/tmapGridAux_tiles	[no test files]
?   	rtdal/generated/r-files/tmap/R/tmapGridComp	[no test files]
?   	rtdal/generated/r-files/tmap/R/tmapGridComp_charts	[no test files]
?   	rtdal/generated/r-files/tmap/R/tmapGridComp_funs	[no test files]
?   	rtdal/generated/r-files/tmap/R/tmapGridComp_leg_landscape	[no test files]
?   	rtdal/generated/r-files/tmap/R/tmapGridComp_leg_portrait	[no test files]
?   	rtdal/generated/r-files/tmap/R/tmapGridDataPlot	[no test files]
?   	rtdal/generated/r-files/tmap/R/tmapGridDataPlot_circles	[no test files]
?   	rtdal/generated/r-files/tmap/R/tmapGridDataPlot_lines	[no test files]
?   	rtdal/generated/r-files/tmap/R/tmapGridDataPlot_polygons	[no test files]
?   	rtdal/generated/r-files/tmap/R/tmapGridDataPlot_raster	[no test files]
?   	rtdal/generated/r-files/tmap/R/tmapGridDataPlot_symbols	[no test files]
?   	rtdal/generated/r-files/tmap/R/tmapGridDataPlot_text	[no test files]
?   	rtdal/generated/r-files/tmap/R/tmapGridInit	[no test files]
?   	rtdal/generated/r-files/tmap/R/tmapGridProviders	[no test files]
?   	rtdal/generated/r-files/tmap/R/tmapGridRun	[no test files]
?   	rtdal/generated/r-files/tmap/R/tmapGridShape	[no test files]
?   	rtdal/generated/r-files/tmap/R/tmapGridWrap	[no test files]
?   	rtdal/generated/r-files/tmap/R/tmapGridXYlab	[no test files]
?   	rtdal/generated/r-files/tmap/R/tmapGrid_misc	[no test files]
?   	rtdal/generated/r-files/tmap/R/tmapLeaflet	[no test files]
?   	rtdal/generated/r-files/tmap/R/tmapLeafletArrange	[no test files]
?   	rtdal/generated/r-files/tmap/R/tmapLeafletAux	[no test files]
?   	rtdal/generated/r-files/tmap/R/tmapLeafletComp	[no test files]
?   	rtdal/generated/r-files/tmap/R/tmapLeafletComp_funs	[no test files]
?   	rtdal/generated/r-files/tmap/R/tmapLeafletComp_leg_portrait	[no test files]
?   	rtdal/generated/r-files/tmap/R/tmapLeafletDataPlot_circles	[no test files]
?   	rtdal/generated/r-files/tmap/R/tmapLeafletDataPlot_lines	[no test files]
?   	rtdal/generated/r-files/tmap/R/tmapLeafletDataPlot_polygons	[no test files]
?   	rtdal/generated/r-files/tmap/R/tmapLeafletDataPlot_raster	[no test files]
?   	rtdal/generated/r-files/tmap/R/tmapLeafletDataPlot_symbols	[no test files]
?   	rtdal/generated/r-files/tmap/R/tmapLeafletDataPlot_text	[no test files]
?   	rtdal/generated/r-files/tmap/R/tmapLeafletInit	[no test files]
?   	rtdal/generated/r-files/tmap/R/tmapLeafletProviders	[no test files]
?   	rtdal/generated/r-files/tmap/R/tmapLeafletRun	[no test files]
?   	rtdal/generated/r-files/tmap/R/tmapLeafletShape	[no test files]
?   	rtdal/generated/r-files/tmap/R/tmapLeafletShiny	[no test files]
?   	rtdal/generated/r-files/tmap/R/tmapLeafletXYlab	[no test files]
?   	rtdal/generated/r-files/tmap/R/tmapLeaflet_layers	[no test files]
?   	rtdal/generated/r-files/tmap/R/tmapOnLoad	[no test files]
?   	rtdal/generated/r-files/tmap/R/tmapScaleAsIs	[no test files]
?   	rtdal/generated/r-files/tmap/R/tmapScaleBivariate	[no test files]
?   	rtdal/generated/r-files/tmap/R/tmapScaleCategorical	[no test files]
?   	rtdal/generated/r-files/tmap/R/tmapScaleContinuous	[no test files]
?   	rtdal/generated/r-files/tmap/R/tmapScaleDiscrete	[no test files]
?   	rtdal/generated/r-files/tmap/R/tmapScaleIntervals	[no test files]
?   	rtdal/generated/r-files/tmap/R/tmapScaleRGB	[no test files]
?   	rtdal/generated/r-files/tmap/R/tmapScaleRank	[no test files]
?   	rtdal/generated/r-files/tmap/R/tmapScale_	[no test files]
?   	rtdal/generated/r-files/tmap/R/tmapScale_defaults	[no test files]
?   	rtdal/generated/r-files/tmap/R/tmapScale_misc	[no test files]
?   	rtdal/generated/r-files/tmap/R/tmapShape	[no test files]
?   	rtdal/generated/r-files/tmap/R/tmapShape_misc	[no test files]
?   	rtdal/generated/r-files/tmap/R/tmapShape_simplification	[no test files]
?   	rtdal/generated/r-files/tmap/R/tmapSplitShp	[no test files]
?   	rtdal/generated/r-files/tmap/R/tmapTrans	[no test files]
?   	rtdal/generated/r-files/tmap/R/tmap_animation	[no test files]
?   	rtdal/generated/r-files/tmap/R/tmap_arrange	[no test files]
?   	rtdal/generated/r-files/tmap/R/tmap_export	[no test files]
?   	rtdal/generated/r-files/tmap/R/tmap_format	[no test files]
?   	rtdal/generated/r-files/tmap/R/tmap_icons	[no test files]
?   	rtdal/generated/r-files/tmap/R/tmap_mode	[no test files]
?   	rtdal/generated/r-files/tmap/R/tmap_options	[no test files]
?   	rtdal/generated/r-files/tmap/R/tmap_options_defaults	[no test files]
?   	rtdal/generated/r-files/tmap/R/tmap_overview	[no test files]
?   	rtdal/generated/r-files/tmap/R/tmap_palettes	[no test files]
?   	rtdal/generated/r-files/tmap/R/tmap_providers	[no test files]
?   	rtdal/generated/r-files/tmap/R/tmap_save	[no test files]
?   	rtdal/generated/r-files/tmap/R/tmap_style	[no test files]
?   	rtdal/generated/r-files/tmap/R/tmap_style_catalogue	[no test files]
?   	rtdal/generated/r-files/tmap/R/tmap_tip	[no test files]
?   	rtdal/generated/r-files/tmap/R/tme_graphics	[no test files]
?   	rtdal/generated/r-files/tmap/R/view_format_popups	[no test files]
?   	rtdal/generated/r-files/tmap/R/view_functions	[no test files]
?   	rtdal/generated/r-files/tmaptools/R/approx_areas	[no test files]
?   	rtdal/generated/r-files/tmaptools/R/approx_distances	[no test files]
?   	rtdal/generated/r-files/tmaptools/R/bb	[no test files]
?   	rtdal/generated/r-files/tmaptools/R/bb_poly	[no test files]
?   	rtdal/generated/r-files/tmaptools/R/calc_densities	[no test files]
?   	rtdal/generated/r-files/tmaptools/R/crop_shape	[no test files]
?   	rtdal/generated/r-files/tmaptools/R/geocode_OSM	[no test files]
?   	rtdal/generated/r-files/tmaptools/R/get_asp_ratio	[no test files]
?   	rtdal/generated/r-files/tmaptools/R/map_coloring	[no test files]
?   	rtdal/generated/r-files/tmaptools/R/onLoad	[no test files]
?   	rtdal/generated/r-files/tmaptools/R/read_GPX	[no test files]
?   	rtdal/generated/r-files/tmaptools/R/read_osm	[no test files]
?   	rtdal/generated/r-files/tmaptools/R/set_projection	[no test files]
?   	rtdal/generated/r-files/tmaptools/R/sf_stars_functions	[no test files]
?   	rtdal/generated/r-files/tmaptools/R/simplify_shape	[no test files]
?   	rtdal/generated/r-files/tmaptools/R/split_shape	[no test files]
?   	rtdal/generated/r-files/tmaptools/R/tmaptools-package	[no test files]
?   	rtdal/generated/r-files/torch/R/R7	[no test files]
?   	rtdal/generated/r-files/torch/R/RcppExports	[no test files]
?   	rtdal/generated/r-files/torch/R/autocast	[no test files]
?   	rtdal/generated/r-files/torch/R/autograd	[no test files]
?   	rtdal/generated/r-files/torch/R/backends	[no test files]
?   	rtdal/generated/r-files/torch/R/call_torch_function	[no test files]
?   	rtdal/generated/r-files/torch/R/codegen-utils	[no test files]
?   	rtdal/generated/r-files/torch/R/compare	[no test files]
?   	rtdal/generated/r-files/torch/R/compat-purrr	[no test files]
?   	rtdal/generated/r-files/torch/R/compilation_unit	[no test files]
?   	rtdal/generated/r-files/torch/R/conditions	[no test files]
?   	rtdal/generated/r-files/torch/R/contrib	[no test files]
?   	rtdal/generated/r-files/torch/R/creation-ops	[no test files]
?   	rtdal/generated/r-files/torch/R/cuda	[no test files]
?   	rtdal/generated/r-files/torch/R/device	[no test files]
?   	rtdal/generated/r-files/torch/R/dimname_list	[no test files]
?   	rtdal/generated/r-files/torch/R/distributions	[no test files]
?   	rtdal/generated/r-files/torch/R/distributions-bernoulli	[no test files]
?   	rtdal/generated/r-files/torch/R/distributions-categorical	[no test files]
?   	rtdal/generated/r-files/torch/R/distributions-chi2	[no test files]
?   	rtdal/generated/r-files/torch/R/distributions-constraints	[no test files]
?   	rtdal/generated/r-files/torch/R/distributions-exp-family	[no test files]
?   	rtdal/generated/r-files/torch/R/distributions-gamma	[no test files]
?   	rtdal/generated/r-files/torch/R/distributions-mixture_same_family	[no test files]
?   	rtdal/generated/r-files/torch/R/distributions-multivariate_normal	[no test files]
?   	rtdal/generated/r-files/torch/R/distributions-normal	[no test files]
?   	rtdal/generated/r-files/torch/R/distributions-poisson	[no test files]
?   	rtdal/generated/r-files/torch/R/distributions-utils	[no test files]
?   	rtdal/generated/r-files/torch/R/dtype	[no test files]
?   	rtdal/generated/r-files/torch/R/gen-method	[no test files]
?   	rtdal/generated/r-files/torch/R/gen-namespace	[no test files]
?   	rtdal/generated/r-files/torch/R/gen-namespace-docs	[no test files]
?   	rtdal/generated/r-files/torch/R/gen-namespace-examples	[no test files]
?   	rtdal/generated/r-files/torch/R/generator	[no test files]
?   	rtdal/generated/r-files/torch/R/help	[no test files]
?   	rtdal/generated/r-files/torch/R/ignite	[no test files]
?   	rtdal/generated/r-files/torch/R/indexing	[no test files]
?   	rtdal/generated/r-files/torch/R/install	[no test files]
?   	rtdal/generated/r-files/torch/R/ivalue	[no test files]
?   	rtdal/generated/r-files/torch/R/jit-compile	[no test files]
?   	rtdal/generated/r-files/torch/R/jit-execute	[no test files]
?   	rtdal/generated/r-files/torch/R/jit-ops	[no test files]
?   	rtdal/generated/r-files/torch/R/lantern_load	[no test files]
?   	rtdal/generated/r-files/torch/R/lantern_sync	[no test files]
?   	rtdal/generated/r-files/torch/R/layout	[no test files]
?   	rtdal/generated/r-files/torch/R/linalg	[no test files]
?   	rtdal/generated/r-files/torch/R/memory_format	[no test files]
?   	rtdal/generated/r-files/torch/R/nn	[no test files]
?   	rtdal/generated/r-files/torch/R/nn-activation	[no test files]
?   	rtdal/generated/r-files/torch/R/nn-batchnorm	[no test files]
?   	rtdal/generated/r-files/torch/R/nn-conv	[no test files]
?   	rtdal/generated/r-files/torch/R/nn-distance	[no test files]
?   	rtdal/generated/r-files/torch/R/nn-dropout	[no test files]
?   	rtdal/generated/r-files/torch/R/nn-flatten	[no test files]
?   	rtdal/generated/r-files/torch/R/nn-init	[no test files]
?   	rtdal/generated/r-files/torch/R/nn-linear	[no test files]
?   	rtdal/generated/r-files/torch/R/nn-loss	[no test files]
?   	rtdal/generated/r-files/torch/R/nn-normalization	[no test files]
?   	rtdal/generated/r-files/torch/R/nn-pooling	[no test files]
?   	rtdal/generated/r-files/torch/R/nn-rnn	[no test files]
?   	rtdal/generated/r-files/torch/R/nn-sparse	[no test files]
?   	rtdal/generated/r-files/torch/R/nn-transformer	[no test files]
?   	rtdal/generated/r-files/torch/R/nn-upsampling	[no test files]
?   	rtdal/generated/r-files/torch/R/nn-utils	[no test files]
?   	rtdal/generated/r-files/torch/R/nn-utils-clip-grad	[no test files]
?   	rtdal/generated/r-files/torch/R/nn-utils-rnn	[no test files]
?   	rtdal/generated/r-files/torch/R/nn-utils-weight-norm	[no test files]
?   	rtdal/generated/r-files/torch/R/nn_adaptive	[no test files]
?   	rtdal/generated/r-files/torch/R/nnf-activation	[no test files]
?   	rtdal/generated/r-files/torch/R/nnf-batchnorm	[no test files]
?   	rtdal/generated/r-files/torch/R/nnf-conv	[no test files]
?   	rtdal/generated/r-files/torch/R/nnf-distance	[no test files]
?   	rtdal/generated/r-files/torch/R/nnf-dropout	[no test files]
?   	rtdal/generated/r-files/torch/R/nnf-embedding	[no test files]
?   	rtdal/generated/r-files/torch/R/nnf-fold	[no test files]
?   	rtdal/generated/r-files/torch/R/nnf-instancenorm	[no test files]
?   	rtdal/generated/r-files/torch/R/nnf-linear	[no test files]
?   	rtdal/generated/r-files/torch/R/nnf-loss	[no test files]
?   	rtdal/generated/r-files/torch/R/nnf-normalization	[no test files]
?   	rtdal/generated/r-files/torch/R/nnf-padding	[no test files]
?   	rtdal/generated/r-files/torch/R/nnf-pixelshuffle	[no test files]
?   	rtdal/generated/r-files/torch/R/nnf-pooling	[no test files]
?   	rtdal/generated/r-files/torch/R/nnf-upsampling	[no test files]
?   	rtdal/generated/r-files/torch/R/nnf-vision	[no test files]
?   	rtdal/generated/r-files/torch/R/operators	[no test files]
?   	rtdal/generated/r-files/torch/R/optim	[no test files]
?   	rtdal/generated/r-files/torch/R/optim-adadelta	[no test files]
?   	rtdal/generated/r-files/torch/R/optim-adagrad	[no test files]
?   	rtdal/generated/r-files/torch/R/optim-adam	[no test files]
?   	rtdal/generated/r-files/torch/R/optim-adamw	[no test files]
?   	rtdal/generated/r-files/torch/R/optim-asgd	[no test files]
?   	rtdal/generated/r-files/torch/R/optim-lbfgs	[no test files]
?   	rtdal/generated/r-files/torch/R/optim-lr_scheduler	[no test files]
?   	rtdal/generated/r-files/torch/R/optim-rmsprop	[no test files]
?   	rtdal/generated/r-files/torch/R/optim-rprop	[no test files]
?   	rtdal/generated/r-files/torch/R/optim-sgd	[no test files]
?   	rtdal/generated/r-files/torch/R/package	[no test files]
?   	rtdal/generated/r-files/torch/R/positron	[no test files]
?   	rtdal/generated/r-files/torch/R/qscheme	[no test files]
?   	rtdal/generated/r-files/torch/R/quantization	[no test files]
?   	rtdal/generated/r-files/torch/R/reduction	[no test files]
?   	rtdal/generated/r-files/torch/R/save	[no test files]
?   	rtdal/generated/r-files/torch/R/scalar	[no test files]
?   	rtdal/generated/r-files/torch/R/script_module	[no test files]
?   	rtdal/generated/r-files/torch/R/stack	[no test files]
?   	rtdal/generated/r-files/torch/R/storage	[no test files]
?   	rtdal/generated/r-files/torch/R/tensor	[no test files]
?   	rtdal/generated/r-files/torch/R/threads	[no test files]
?   	rtdal/generated/r-files/torch/R/trace	[no test files]
?   	rtdal/generated/r-files/torch/R/translate	[no test files]
?   	rtdal/generated/r-files/torch/R/type-info	[no test files]
?   	rtdal/generated/r-files/torch/R/utils	[no test files]
?   	rtdal/generated/r-files/torch/R/utils-data	[no test files]
?   	rtdal/generated/r-files/torch/R/utils-data-collate	[no test files]
?   	rtdal/generated/r-files/torch/R/utils-data-dataloader	[no test files]
?   	rtdal/generated/r-files/torch/R/utils-data-enum	[no test files]
?   	rtdal/generated/r-files/torch/R/utils-data-fetcher	[no test files]
?   	rtdal/generated/r-files/torch/R/utils-data-sampler	[no test files]
?   	rtdal/generated/r-files/torch/R/utils-pipe	[no test files]
?   	rtdal/generated/r-files/torch/R/variable_list	[no test files]
?   	rtdal/generated/r-files/torch/R/with-indices	[no test files]
?   	rtdal/generated/r-files/torch/R/wrapers	[no test files]
?   	rtdal/generated/r-files/torch/inst/doc/installation	[no test files]
?   	rtdal/generated/r-files/torch/tests/testthat	[no test files]
?   	rtdal/generated/r-files/torch/tests/testthat/helper-distributions	[no test files]
?   	rtdal/generated/r-files/torch/tests/testthat/helper-ignite	[no test files]
?   	rtdal/generated/r-files/torch/tests/testthat/helper-optim	[no test files]
?   	rtdal/generated/r-files/torch/tests/testthat/helper-tensor	[no test files]
?   	rtdal/generated/r-files/torch/tests/testthat/setup	[no test files]
?   	rtdal/generated/r-files/torch/tests/testthat/teardown	[no test files]
?   	rtdal/generated/r-files/torch/tests/testthat/test-0-threads	[no test files]
?   	rtdal/generated/r-files/torch/tests/testthat/test-R7	[no test files]
?   	rtdal/generated/r-files/torch/tests/testthat/test-allocator	[no test files]
?   	rtdal/generated/r-files/torch/tests/testthat/test-autocast	[no test files]
?   	rtdal/generated/r-files/torch/tests/testthat/test-autograd	[no test files]
?   	rtdal/generated/r-files/torch/tests/testthat/test-backends	[no test files]
?   	rtdal/generated/r-files/torch/tests/testthat/test-call_torch_function	[no test files]
?   	rtdal/generated/r-files/torch/tests/testthat/test-compare	[no test files]
?   	rtdal/generated/r-files/torch/tests/testthat/test-contrib	[no test files]
?   	rtdal/generated/r-files/torch/tests/testthat/test-creation-ops	[no test files]
?   	rtdal/generated/r-files/torch/tests/testthat/test-cuda	[no test files]
?   	rtdal/generated/r-files/torch/tests/testthat/test-device	[no test files]
?   	rtdal/generated/r-files/torch/tests/testthat/test-dimname_list	[no test files]
?   	rtdal/generated/r-files/torch/tests/testthat/test-distribution-chi2	[no test files]
?   	rtdal/generated/r-files/torch/tests/testthat/test-distribution-gamma	[no test files]
?   	rtdal/generated/r-files/torch/tests/testthat/test-distribution-normal	[no test files]
?   	rtdal/generated/r-files/torch/tests/testthat/test-distribution-poisson	[no test files]
?   	rtdal/generated/r-files/torch/tests/testthat/test-distributions-bernoulli	[no test files]
?   	rtdal/generated/r-files/torch/tests/testthat/test-distributions-categorical	[no test files]
?   	rtdal/generated/r-files/torch/tests/testthat/test-distributions-constraints	[no test files]
?   	rtdal/generated/r-files/torch/tests/testthat/test-distributions-mixture_same_family	[no test files]
?   	rtdal/generated/r-files/torch/tests/testthat/test-distributions-multivariate_normal	[no test files]
?   	rtdal/generated/r-files/torch/tests/testthat/test-dtype	[no test files]
?   	rtdal/generated/r-files/torch/tests/testthat/test-fork	[no test files]
?   	rtdal/generated/r-files/torch/tests/testthat/test-gen-method	[no test files]
?   	rtdal/generated/r-files/torch/tests/testthat/test-gen-namespace	[no test files]
?   	rtdal/generated/r-files/torch/tests/testthat/test-generator	[no test files]
?   	rtdal/generated/r-files/torch/tests/testthat/test-ignite	[no test files]
?   	rtdal/generated/r-files/torch/tests/testthat/test-indexing	[no test files]
?   	rtdal/generated/r-files/torch/tests/testthat/test-install	[no test files]
?   	rtdal/generated/r-files/torch/tests/testthat/test-ivalue	[no test files]
?   	rtdal/generated/r-files/torch/tests/testthat/test-jit-compile	[no test files]
?   	rtdal/generated/r-files/torch/tests/testthat/test-jit-execute	[no test files]
?   	rtdal/generated/r-files/torch/tests/testthat/test-jit-ops	[no test files]
?   	rtdal/generated/r-files/torch/tests/testthat/test-linalg	[no test files]
?   	rtdal/generated/r-files/torch/tests/testthat/test-memory_format	[no test files]
?   	rtdal/generated/r-files/torch/tests/testthat/test-message-translations	[no test files]
?   	rtdal/generated/r-files/torch/tests/testthat/test-mps	[no test files]
?   	rtdal/generated/r-files/torch/tests/testthat/test-nn	[no test files]
?   	rtdal/generated/r-files/torch/tests/testthat/test-nn-activation	[no test files]
?   	rtdal/generated/r-files/torch/tests/testthat/test-nn-batchnorm	[no test files]
?   	rtdal/generated/r-files/torch/tests/testthat/test-nn-conv	[no test files]
?   	rtdal/generated/r-files/torch/tests/testthat/test-nn-flatten	[no test files]
?   	rtdal/generated/r-files/torch/tests/testthat/test-nn-init	[no test files]
?   	rtdal/generated/r-files/torch/tests/testthat/test-nn-linear	[no test files]
?   	rtdal/generated/r-files/torch/tests/testthat/test-nn-loss	[no test files]
?   	rtdal/generated/r-files/torch/tests/testthat/test-nn-multihead-attention	[no test files]
?   	rtdal/generated/r-files/torch/tests/testthat/test-nn-normalization	[no test files]
?   	rtdal/generated/r-files/torch/tests/testthat/test-nn-rnn	[no test files]
?   	rtdal/generated/r-files/torch/tests/testthat/test-nn-sparse	[no test files]
?   	rtdal/generated/r-files/torch/tests/testthat/test-nn-transformer	[no test files]
?   	rtdal/generated/r-files/torch/tests/testthat/test-nn-upsampling	[no test files]
?   	rtdal/generated/r-files/torch/tests/testthat/test-nn-utils-clip-grad	[no test files]
?   	rtdal/generated/r-files/torch/tests/testthat/test-nn-utils-rnn	[no test files]
?   	rtdal/generated/r-files/torch/tests/testthat/test-nn-utils-weight-norm	[no test files]
?   	rtdal/generated/r-files/torch/tests/testthat/test-nnf-dropout	[no test files]
?   	rtdal/generated/r-files/torch/tests/testthat/test-nnf-embedding	[no test files]
?   	rtdal/generated/r-files/torch/tests/testthat/test-nnf-fold	[no test files]
?   	rtdal/generated/r-files/torch/tests/testthat/test-nnf-loss	[no test files]
?   	rtdal/generated/r-files/torch/tests/testthat/test-nnf-normalization	[no test files]
?   	rtdal/generated/r-files/torch/tests/testthat/test-nnf-padding	[no test files]
?   	rtdal/generated/r-files/torch/tests/testthat/test-nnf-pooling	[no test files]
?   	rtdal/generated/r-files/torch/tests/testthat/test-nnf-upsampling	[no test files]
?   	rtdal/generated/r-files/torch/tests/testthat/test-operators	[no test files]
?   	rtdal/generated/r-files/torch/tests/testthat/test-optim-adadelta	[no test files]
?   	rtdal/generated/r-files/torch/tests/testthat/test-optim-adagrad	[no test files]
?   	rtdal/generated/r-files/torch/tests/testthat/test-optim-adam	[no test files]
?   	rtdal/generated/r-files/torch/tests/testthat/test-optim-adamw	[no test files]
?   	rtdal/generated/r-files/torch/tests/testthat/test-optim-asgd	[no test files]
?   	rtdal/generated/r-files/torch/tests/testthat/test-optim-lbfgs	[no test files]
?   	rtdal/generated/r-files/torch/tests/testthat/test-optim-lr_scheduler	[no test files]
?   	rtdal/generated/r-files/torch/tests/testthat/test-optim-rmsprop	[no test files]
?   	rtdal/generated/r-files/torch/tests/testthat/test-optim-rprop	[no test files]
?   	rtdal/generated/r-files/torch/tests/testthat/test-optim-sgd	[no test files]
?   	rtdal/generated/r-files/torch/tests/testthat/test-qscheme	[no test files]
?   	rtdal/generated/r-files/torch/tests/testthat/test-quantization	[no test files]
?   	rtdal/generated/r-files/torch/tests/testthat/test-readme	[no test files]
?   	rtdal/generated/r-files/torch/tests/testthat/test-reduction	[no test files]
?   	rtdal/generated/r-files/torch/tests/testthat/test-save	[no test files]
?   	rtdal/generated/r-files/torch/tests/testthat/test-scalar	[no test files]
?   	rtdal/generated/r-files/torch/tests/testthat/test-script_module	[no test files]
?   	rtdal/generated/r-files/torch/tests/testthat/test-stack	[no test files]
?   	rtdal/generated/r-files/torch/tests/testthat/test-storage	[no test files]
?   	rtdal/generated/r-files/torch/tests/testthat/test-tensor	[no test files]
?   	rtdal/generated/r-files/torch/tests/testthat/test-trace	[no test files]
?   	rtdal/generated/r-files/torch/tests/testthat/test-translate	[no test files]
?   	rtdal/generated/r-files/torch/tests/testthat/test-utils-data	[no test files]
?   	rtdal/generated/r-files/torch/tests/testthat/test-utils-data-dataloader	[no test files]
?   	rtdal/generated/r-files/torch/tests/testthat/test-utils-data-enum	[no test files]
?   	rtdal/generated/r-files/torch/tests/testthat/test-utils-data-sampler	[no test files]
?   	rtdal/generated/r-files/torch/tests/testthat/test-variable_list	[no test files]
?   	rtdal/generated/r-files/torch/tests/testthat/test-with-indices	[no test files]
?   	rtdal/generated/r-files/torch/tests/testthat/test-wrapers	[no test files]
?   	rtdal/generated/r-files/torch/tools/buildlantern	[no test files]
?   	rtdal/generated/r-files/torch/tools/create-decls	[no test files]
?   	rtdal/generated/r-files/torch/tools/document	[no test files]
?   	rtdal/generated/r-files/torch/tools/fixlanternh	[no test files]
?   	rtdal/generated/r-files/torch/tools/renameinit	[no test files]
?   	rtdal/generated/r-files/torch/tools/renamelib	[no test files]
?   	rtdal/generated/r-files/torch/tools/revdep	[no test files]
?   	rtdal/generated/r-files/torch/tools/torchgen/R/cpp	[no test files]
?   	rtdal/generated/r-files/torch/tools/torchgen/R/docs	[no test files]
?   	rtdal/generated/r-files/torch/tools/torchgen/R/functional	[no test files]
?   	rtdal/generated/r-files/torch/tools/torchgen/R/generate	[no test files]
?   	rtdal/generated/r-files/torch/tools/torchgen/R/r	[no test files]
?   	rtdal/generated/r-files/torch/tools/torchgen/R/utils	[no test files]
?   	rtdal/generated/r-files/torch/tools/torchgen/R/utils-pipe	[no test files]
?   	rtdal/generated/r-files/units/R/RcppExports	[no test files]
?   	rtdal/generated/r-files/units/R/arith	[no test files]
?   	rtdal/generated/r-files/units/R/conversion	[no test files]
?   	rtdal/generated/r-files/units/R/database	[no test files]
?   	rtdal/generated/r-files/units/R/defunct	[no test files]
?   	rtdal/generated/r-files/units/R/helpers	[no test files]
?   	rtdal/generated/r-files/units/R/init	[no test files]
?   	rtdal/generated/r-files/units/R/make_units	[no test files]
?   	rtdal/generated/r-files/units/R/math	[no test files]
?   	rtdal/generated/r-files/units/R/misc	[no test files]
?   	rtdal/generated/r-files/units/R/mixed	[no test files]
?   	rtdal/generated/r-files/units/R/options	[no test files]
?   	rtdal/generated/r-files/units/R/plot	[no test files]
?   	rtdal/generated/r-files/units/R/scale_units	[no test files]
?   	rtdal/generated/r-files/units/R/summaries	[no test files]
?   	rtdal/generated/r-files/units/R/symbolic_units	[no test files]
?   	rtdal/generated/r-files/units/R/tidyverse	[no test files]
?   	rtdal/generated/r-files/units/R/udunits	[no test files]
?   	rtdal/generated/r-files/units/R/user_conversion	[no test files]
?   	rtdal/generated/r-files/units/R/valid_udunits	[no test files]
?   	rtdal/generated/r-files/units/demo/cf	[no test files]
?   	rtdal/generated/r-files/units/demo/ggplot2	[no test files]
?   	rtdal/generated/r-files/units/demo/year	[no test files]
?   	rtdal/generated/r-files/units/inst/doc/measurement_units_in_R	[no test files]
?   	rtdal/generated/r-files/units/inst/doc/units	[no test files]
?   	rtdal/generated/r-files/units/tests/testthat	[no test files]
?   	rtdal/generated/r-files/units/tests/testthat/test_arith	[no test files]
?   	rtdal/generated/r-files/units/tests/testthat/test_conversion	[no test files]
?   	rtdal/generated/r-files/units/tests/testthat/test_helpers	[no test files]
?   	rtdal/generated/r-files/units/tests/testthat/test_math	[no test files]
?   	rtdal/generated/r-files/units/tests/testthat/test_misc	[no test files]
?   	rtdal/generated/r-files/units/tests/testthat/test_mixed	[no test files]
?   	rtdal/generated/r-files/units/tests/testthat/test_plot	[no test files]
?   	rtdal/generated/r-files/units/tests/testthat/test_summaries	[no test files]
?   	rtdal/generated/r-files/units/tests/testthat/test_symbolic_units	[no test files]
?   	rtdal/generated/r-files/units/tests/testthat/test_tidyverse	[no test files]
?   	rtdal/generated/r-files/units/tests/testthat/test_time	[no test files]
?   	rtdal/generated/r-files/units/tests/testthat/test_udunits	[no test files]
?   	rtdal/generated/r-files/units/tests/testthat/test_unit_creation	[no test files]
?   	rtdal/generated/r-files/units/tests/testthat/test_user_conversion	[no test files]
?   	rtdal/generated/r-files/units/tests/testthat/test_valid_udunits	[no test files]
?   	rtdal/generated/r-files/units/tools/winlibs	[no test files]
?   	rtdal/generated/r-files/utf8/R/coerce	[no test files]
?   	rtdal/generated/r-files/utf8/R/output	[no test files]
?   	rtdal/generated/r-files/utf8/R/utf8	[no test files]
?   	rtdal/generated/r-files/utf8/R/utf8-package	[no test files]
?   	rtdal/generated/r-files/utf8/R/utf8_encode	[no test files]
?   	rtdal/generated/r-files/utf8/R/utf8_format	[no test files]
?   	rtdal/generated/r-files/utf8/R/utf8_print	[no test files]
?   	rtdal/generated/r-files/utf8/R/util	[no test files]
?   	rtdal/generated/r-files/utf8/tests/testthat	[no test files]
?   	rtdal/generated/r-files/utf8/tests/testthat/helper-capture_output	[no test files]
?   	rtdal/generated/r-files/utf8/tests/testthat/helper-locale	[no test files]
?   	rtdal/generated/r-files/utf8/tests/testthat/helper-options	[no test files]
?   	rtdal/generated/r-files/utf8/tests/testthat/helper-output	[no test files]
?   	rtdal/generated/r-files/utf8/tests/testthat/setup	[no test files]
?   	rtdal/generated/r-files/utf8/tests/testthat/test-utf8_encode	[no test files]
?   	rtdal/generated/r-files/utf8/tests/testthat/test-utf8_format	[no test files]
?   	rtdal/generated/r-files/utf8/tests/testthat/test-utf8_normalize	[no test files]
?   	rtdal/generated/r-files/utf8/tests/testthat/test-utf8_print	[no test files]
?   	rtdal/generated/r-files/utf8/tests/testthat/test-utf8_valid	[no test files]
?   	rtdal/generated/r-files/utf8/tests/testthat/test-utf8_width	[no test files]
?   	rtdal/generated/r-files/vctrs/R/aaa	[no test files]
?   	rtdal/generated/r-files/vctrs/R/altrep	[no test files]
?   	rtdal/generated/r-files/vctrs/R/altrep-lazy-character	[no test files]
?   	rtdal/generated/r-files/vctrs/R/altrep-rle	[no test files]
?   	rtdal/generated/r-files/vctrs/R/arith	[no test files]
?   	rtdal/generated/r-files/vctrs/R/assert	[no test files]
?   	rtdal/generated/r-files/vctrs/R/bind	[no test files]
?   	rtdal/generated/r-files/vctrs/R/c	[no test files]
?   	rtdal/generated/r-files/vctrs/R/case-when	[no test files]
?   	rtdal/generated/r-files/vctrs/R/cast	[no test files]
?   	rtdal/generated/r-files/vctrs/R/compare	[no test files]
?   	rtdal/generated/r-files/vctrs/R/complete	[no test files]
?   	rtdal/generated/r-files/vctrs/R/conditions	[no test files]
?   	rtdal/generated/r-files/vctrs/R/dictionary	[no test files]
?   	rtdal/generated/r-files/vctrs/R/dim	[no test files]
?   	rtdal/generated/r-files/vctrs/R/empty	[no test files]
?   	rtdal/generated/r-files/vctrs/R/encoding	[no test files]
?   	rtdal/generated/r-files/vctrs/R/equal	[no test files]
?   	rtdal/generated/r-files/vctrs/R/expand	[no test files]
?   	rtdal/generated/r-files/vctrs/R/faq	[no test files]
?   	rtdal/generated/r-files/vctrs/R/faq-developer	[no test files]
?   	rtdal/generated/r-files/vctrs/R/faq-internal	[no test files]
?   	rtdal/generated/r-files/vctrs/R/fields	[no test files]
?   	rtdal/generated/r-files/vctrs/R/fill	[no test files]
?   	rtdal/generated/r-files/vctrs/R/group	[no test files]
?   	rtdal/generated/r-files/vctrs/R/hash	[no test files]
?   	rtdal/generated/r-files/vctrs/R/if-else	[no test files]
?   	rtdal/generated/r-files/vctrs/R/import-standalone-linked-version	[no test files]
?   	rtdal/generated/r-files/vctrs/R/import-standalone-obj-type	[no test files]
?   	rtdal/generated/r-files/vctrs/R/import-standalone-purrr	[no test files]
?   	rtdal/generated/r-files/vctrs/R/import-standalone-types-check	[no test files]
?   	rtdal/generated/r-files/vctrs/R/interval	[no test files]
?   	rtdal/generated/r-files/vctrs/R/list-combine	[no test files]
?   	rtdal/generated/r-files/vctrs/R/list-of-transpose	[no test files]
?   	rtdal/generated/r-files/vctrs/R/list-unchop	[no test files]
?   	rtdal/generated/r-files/vctrs/R/match	[no test files]
?   	rtdal/generated/r-files/vctrs/R/missing	[no test files]
?   	rtdal/generated/r-files/vctrs/R/names	[no test files]
?   	rtdal/generated/r-files/vctrs/R/numeric	[no test files]
?   	rtdal/generated/r-files/vctrs/R/order	[no test files]
?   	rtdal/generated/r-files/vctrs/R/parallel	[no test files]
?   	rtdal/generated/r-files/vctrs/R/print-str	[no test files]
?   	rtdal/generated/r-files/vctrs/R/proxy	[no test files]
?   	rtdal/generated/r-files/vctrs/R/ptype-abbr-full	[no test files]
?   	rtdal/generated/r-files/vctrs/R/rank	[no test files]
?   	rtdal/generated/r-files/vctrs/R/recode	[no test files]
?   	rtdal/generated/r-files/vctrs/R/recycle	[no test files]
?   	rtdal/generated/r-files/vctrs/R/register-s3	[no test files]
?   	rtdal/generated/r-files/vctrs/R/rep	[no test files]
?   	rtdal/generated/r-files/vctrs/R/runs	[no test files]
?   	rtdal/generated/r-files/vctrs/R/set	[no test files]
?   	rtdal/generated/r-files/vctrs/R/shape	[no test files]
?   	rtdal/generated/r-files/vctrs/R/size	[no test files]
?   	rtdal/generated/r-files/vctrs/R/slice	[no test files]
?   	rtdal/generated/r-files/vctrs/R/slice-chop	[no test files]
?   	rtdal/generated/r-files/vctrs/R/slice-interleave	[no test files]
?   	rtdal/generated/r-files/vctrs/R/split	[no test files]
?   	rtdal/generated/r-files/vctrs/R/subscript	[no test files]
?   	rtdal/generated/r-files/vctrs/R/subscript-loc	[no test files]
?   	rtdal/generated/r-files/vctrs/R/type	[no test files]
?   	rtdal/generated/r-files/vctrs/R/type-asis	[no test files]
?   	rtdal/generated/r-files/vctrs/R/type-bare	[no test files]
?   	rtdal/generated/r-files/vctrs/R/type-data-frame	[no test files]
?   	rtdal/generated/r-files/vctrs/R/type-data-table	[no test files]
?   	rtdal/generated/r-files/vctrs/R/type-date-time	[no test files]
?   	rtdal/generated/r-files/vctrs/R/type-dplyr	[no test files]
?   	rtdal/generated/r-files/vctrs/R/type-explore	[no test files]
?   	rtdal/generated/r-files/vctrs/R/type-factor	[no test files]
?   	rtdal/generated/r-files/vctrs/R/type-idate	[no test files]
?   	rtdal/generated/r-files/vctrs/R/type-integer64	[no test files]
?   	rtdal/generated/r-files/vctrs/R/type-list-of	[no test files]
?   	rtdal/generated/r-files/vctrs/R/type-misc	[no test files]
?   	rtdal/generated/r-files/vctrs/R/type-rcrd	[no test files]
?   	rtdal/generated/r-files/vctrs/R/type-sclr	[no test files]
?   	rtdal/generated/r-files/vctrs/R/type-sf	[no test files]
?   	rtdal/generated/r-files/vctrs/R/type-table	[no test files]
?   	rtdal/generated/r-files/vctrs/R/type-tibble	[no test files]
?   	rtdal/generated/r-files/vctrs/R/type-unspecified	[no test files]
?   	rtdal/generated/r-files/vctrs/R/type-vctr	[no test files]
?   	rtdal/generated/r-files/vctrs/R/type2	[no test files]
?   	rtdal/generated/r-files/vctrs/R/utils	[no test files]
?   	rtdal/generated/r-files/vctrs/R/utils-cli	[no test files]
?   	rtdal/generated/r-files/vctrs/R/vctrs-deprecated	[no test files]
?   	rtdal/generated/r-files/vctrs/R/vctrs-package	[no test files]
?   	rtdal/generated/r-files/vctrs/R/zzz	[no test files]
?   	rtdal/generated/r-files/vctrs/inst/doc/pillar	[no test files]
?   	rtdal/generated/r-files/vctrs/inst/doc/s3-vector	[no test files]
?   	rtdal/generated/r-files/vctrs/inst/doc/stability	[no test files]
?   	rtdal/generated/r-files/vctrs/inst/doc/type-size	[no test files]
?   	rtdal/generated/r-files/vctrs/tests/testthat	[no test files]
?   	rtdal/generated/r-files/vctrs/tests/testthat/helper-c	[no test files]
?   	rtdal/generated/r-files/vctrs/tests/testthat/helper-cast	[no test files]
?   	rtdal/generated/r-files/vctrs/tests/testthat/helper-conditions	[no test files]
?   	rtdal/generated/r-files/vctrs/tests/testthat/helper-encoding	[no test files]
?   	rtdal/generated/r-files/vctrs/tests/testthat/helper-expectations	[no test files]
?   	rtdal/generated/r-files/vctrs/tests/testthat/helper-if-else	[no test files]
?   	rtdal/generated/r-files/vctrs/tests/testthat/helper-list-combine	[no test files]
?   	rtdal/generated/r-files/vctrs/tests/testthat/helper-list-of-transpose	[no test files]
?   	rtdal/generated/r-files/vctrs/tests/testthat/helper-memory	[no test files]
?   	rtdal/generated/r-files/vctrs/tests/testthat/helper-names	[no test files]
?   	rtdal/generated/r-files/vctrs/tests/testthat/helper-order	[no test files]
?   	rtdal/generated/r-files/vctrs/tests/testthat/helper-performance	[no test files]
?   	rtdal/generated/r-files/vctrs/tests/testthat/helper-rational	[no test files]
?   	rtdal/generated/r-files/vctrs/tests/testthat/helper-restart	[no test files]
?   	rtdal/generated/r-files/vctrs/tests/testthat/helper-s3	[no test files]
?   	rtdal/generated/r-files/vctrs/tests/testthat/helper-s4	[no test files]
?   	rtdal/generated/r-files/vctrs/tests/testthat/helper-shape	[no test files]
?   	rtdal/generated/r-files/vctrs/tests/testthat/helper-size	[no test files]
?   	rtdal/generated/r-files/vctrs/tests/testthat/helper-type-dplyr	[no test files]
?   	rtdal/generated/r-files/vctrs/tests/testthat/helper-types	[no test files]
?   	rtdal/generated/r-files/vctrs/tests/testthat/helper-vctrs	[no test files]
?   	rtdal/generated/r-files/vctrs/tests/testthat/test-arith	[no test files]
?   	rtdal/generated/r-files/vctrs/tests/testthat/test-assert	[no test files]
?   	rtdal/generated/r-files/vctrs/tests/testthat/test-bind	[no test files]
?   	rtdal/generated/r-files/vctrs/tests/testthat/test-c	[no test files]
?   	rtdal/generated/r-files/vctrs/tests/testthat/test-case-when	[no test files]
?   	rtdal/generated/r-files/vctrs/tests/testthat/test-cast	[no test files]
?   	rtdal/generated/r-files/vctrs/tests/testthat/test-compare	[no test files]
?   	rtdal/generated/r-files/vctrs/tests/testthat/test-complete	[no test files]
?   	rtdal/generated/r-files/vctrs/tests/testthat/test-conditions	[no test files]
?   	rtdal/generated/r-files/vctrs/tests/testthat/test-dictionary	[no test files]
?   	rtdal/generated/r-files/vctrs/tests/testthat/test-dim	[no test files]
?   	rtdal/generated/r-files/vctrs/tests/testthat/test-empty	[no test files]
?   	rtdal/generated/r-files/vctrs/tests/testthat/test-encoding	[no test files]
?   	rtdal/generated/r-files/vctrs/tests/testthat/test-equal	[no test files]
?   	rtdal/generated/r-files/vctrs/tests/testthat/test-error-call	[no test files]
?   	rtdal/generated/r-files/vctrs/tests/testthat/test-expand	[no test files]
?   	rtdal/generated/r-files/vctrs/tests/testthat/test-fields	[no test files]
?   	rtdal/generated/r-files/vctrs/tests/testthat/test-fill	[no test files]
?   	rtdal/generated/r-files/vctrs/tests/testthat/test-group	[no test files]
?   	rtdal/generated/r-files/vctrs/tests/testthat/test-hash	[no test files]
?   	rtdal/generated/r-files/vctrs/tests/testthat/test-if-else	[no test files]
?   	rtdal/generated/r-files/vctrs/tests/testthat/test-interval	[no test files]
?   	rtdal/generated/r-files/vctrs/tests/testthat/test-lifecycle-deprecated	[no test files]
?   	rtdal/generated/r-files/vctrs/tests/testthat/test-list-combine	[no test files]
?   	rtdal/generated/r-files/vctrs/tests/testthat/test-list-of-transpose	[no test files]
?   	rtdal/generated/r-files/vctrs/tests/testthat/test-list-unchop	[no test files]
?   	rtdal/generated/r-files/vctrs/tests/testthat/test-match	[no test files]
?   	rtdal/generated/r-files/vctrs/tests/testthat/test-missing	[no test files]
?   	rtdal/generated/r-files/vctrs/tests/testthat/test-names	[no test files]
?   	rtdal/generated/r-files/vctrs/tests/testthat/test-order	[no test files]
?   	rtdal/generated/r-files/vctrs/tests/testthat/test-parallel	[no test files]
?   	rtdal/generated/r-files/vctrs/tests/testthat/test-print-str	[no test files]
?   	rtdal/generated/r-files/vctrs/tests/testthat/test-proxy	[no test files]
?   	rtdal/generated/r-files/vctrs/tests/testthat/test-proxy-restore	[no test files]
?   	rtdal/generated/r-files/vctrs/tests/testthat/test-ptype-abbr-full	[no test files]
?   	rtdal/generated/r-files/vctrs/tests/testthat/test-rank	[no test files]
?   	rtdal/generated/r-files/vctrs/tests/testthat/test-recode	[no test files]
?   	rtdal/generated/r-files/vctrs/tests/testthat/test-recycle	[no test files]
?   	rtdal/generated/r-files/vctrs/tests/testthat/test-rep	[no test files]
?   	rtdal/generated/r-files/vctrs/tests/testthat/test-runs	[no test files]
?   	rtdal/generated/r-files/vctrs/tests/testthat/test-s4	[no test files]
?   	rtdal/generated/r-files/vctrs/tests/testthat/test-set	[no test files]
?   	rtdal/generated/r-files/vctrs/tests/testthat/test-shape	[no test files]
?   	rtdal/generated/r-files/vctrs/tests/testthat/test-size	[no test files]
?   	rtdal/generated/r-files/vctrs/tests/testthat/test-slice	[no test files]
?   	rtdal/generated/r-files/vctrs/tests/testthat/test-slice-assign	[no test files]
?   	rtdal/generated/r-files/vctrs/tests/testthat/test-slice-chop	[no test files]
?   	rtdal/generated/r-files/vctrs/tests/testthat/test-slice-interleave	[no test files]
?   	rtdal/generated/r-files/vctrs/tests/testthat/test-split	[no test files]
?   	rtdal/generated/r-files/vctrs/tests/testthat/test-subscript	[no test files]
?   	rtdal/generated/r-files/vctrs/tests/testthat/test-subscript-loc	[no test files]
?   	rtdal/generated/r-files/vctrs/tests/testthat/test-type	[no test files]
?   	rtdal/generated/r-files/vctrs/tests/testthat/test-type-asis	[no test files]
?   	rtdal/generated/r-files/vctrs/tests/testthat/test-type-bare	[no test files]
?   	rtdal/generated/r-files/vctrs/tests/testthat/test-type-data-frame	[no test files]
?   	rtdal/generated/r-files/vctrs/tests/testthat/test-type-data-table	[no test files]
?   	rtdal/generated/r-files/vctrs/tests/testthat/test-type-date-time	[no test files]
?   	rtdal/generated/r-files/vctrs/tests/testthat/test-type-dplyr	[no test files]
?   	rtdal/generated/r-files/vctrs/tests/testthat/test-type-factor	[no test files]
?   	rtdal/generated/r-files/vctrs/tests/testthat/test-type-idate	[no test files]
?   	rtdal/generated/r-files/vctrs/tests/testthat/test-type-integer64	[no test files]
?   	rtdal/generated/r-files/vctrs/tests/testthat/test-type-list-of	[no test files]
?   	rtdal/generated/r-files/vctrs/tests/testthat/test-type-misc	[no test files]
?   	rtdal/generated/r-files/vctrs/tests/testthat/test-type-rational	[no test files]
?   	rtdal/generated/r-files/vctrs/tests/testthat/test-type-rcrd	[no test files]
?   	rtdal/generated/r-files/vctrs/tests/testthat/test-type-sclr	[no test files]
?   	rtdal/generated/r-files/vctrs/tests/testthat/test-type-sf	[no test files]
?   	rtdal/generated/r-files/vctrs/tests/testthat/test-type-table	[no test files]
?   	rtdal/generated/r-files/vctrs/tests/testthat/test-type-tibble	[no test files]
?   	rtdal/generated/r-files/vctrs/tests/testthat/test-type-unspecified	[no test files]
?   	rtdal/generated/r-files/vctrs/tests/testthat/test-type-vctr	[no test files]
?   	rtdal/generated/r-files/vctrs/tests/testthat/test-type2	[no test files]
?   	rtdal/generated/r-files/vctrs/tests/testthat/test-utils	[no test files]
?   	rtdal/generated/r-files/vctrs/tests/testthat/test-vctrs	[no test files]
?   	rtdal/generated/r-files/viridisLite/R/viridis	[no test files]
?   	rtdal/generated/r-files/viridisLite/R/zzz	[no test files]
?   	rtdal/generated/r-files/viridisLite/tests/testthat	[no test files]
?   	rtdal/generated/r-files/viridisLite/tests/testthat/test-palettes	[no test files]
?   	rtdal/generated/r-files/warp/R/boundary	[no test files]
?   	rtdal/generated/r-files/warp/R/change	[no test files]
?   	rtdal/generated/r-files/warp/R/date	[no test files]
?   	rtdal/generated/r-files/warp/R/distance	[no test files]
?   	rtdal/generated/r-files/warp/R/divmod	[no test files]
?   	rtdal/generated/r-files/warp/R/dots	[no test files]
?   	rtdal/generated/r-files/warp/R/utils	[no test files]
?   	rtdal/generated/r-files/warp/R/warp-package	[no test files]
?   	rtdal/generated/r-files/warp/R/zzz	[no test files]
?   	rtdal/generated/r-files/warp/inst/doc/hour	[no test files]
?   	rtdal/generated/r-files/warp/tests/testthat	[no test files]
?   	rtdal/generated/r-files/warp/tests/testthat/helper-constructor	[no test files]
?   	rtdal/generated/r-files/warp/tests/testthat/helper-with-option	[no test files]
?   	rtdal/generated/r-files/warp/tests/testthat/test-boundaries	[no test files]
?   	rtdal/generated/r-files/warp/tests/testthat/test-change	[no test files]
?   	rtdal/generated/r-files/warp/tests/testthat/test-date	[no test files]
?   	rtdal/generated/r-files/warp/tests/testthat/test-distance	[no test files]
?   	rtdal/generated/r-files/warp/tests/testthat/test-divmod	[no test files]
?   	rtdal/generated/r-files/withr/R/aaa	[no test files]
?   	rtdal/generated/r-files/withr/R/collate	[no test files]
?   	rtdal/generated/r-files/withr/R/connection	[no test files]
?   	rtdal/generated/r-files/withr/R/db	[no test files]
?   	rtdal/generated/r-files/withr/R/defer	[no test files]
?   	rtdal/generated/r-files/withr/R/defer-exit	[no test files]
?   	rtdal/generated/r-files/withr/R/devices	[no test files]
?   	rtdal/generated/r-files/withr/R/dir	[no test files]
?   	rtdal/generated/r-files/withr/R/env	[no test files]
?   	rtdal/generated/r-files/withr/R/file	[no test files]
?   	rtdal/generated/r-files/withr/R/language	[no test files]
?   	rtdal/generated/r-files/withr/R/libpaths	[no test files]
?   	rtdal/generated/r-files/withr/R/local_	[no test files]
?   	rtdal/generated/r-files/withr/R/locale	[no test files]
?   	rtdal/generated/r-files/withr/R/makevars	[no test files]
?   	rtdal/generated/r-files/withr/R/namespace	[no test files]
?   	rtdal/generated/r-files/withr/R/options	[no test files]
?   	rtdal/generated/r-files/withr/R/par	[no test files]
?   	rtdal/generated/r-files/withr/R/path	[no test files]
?   	rtdal/generated/r-files/withr/R/rng	[no test files]
?   	rtdal/generated/r-files/withr/R/seed	[no test files]
?   	rtdal/generated/r-files/withr/R/sink	[no test files]
?   	rtdal/generated/r-files/withr/R/standalone-defer	[no test files]
?   	rtdal/generated/r-files/withr/R/tempfile	[no test files]
?   	rtdal/generated/r-files/withr/R/timezone	[no test files]
?   	rtdal/generated/r-files/withr/R/torture	[no test files]
?   	rtdal/generated/r-files/withr/R/utils	[no test files]
?   	rtdal/generated/r-files/withr/R/with	[no test files]
?   	rtdal/generated/r-files/withr/R/with_	[no test files]
?   	rtdal/generated/r-files/withr/R/wrap	[no test files]
?   	rtdal/generated/r-files/withr/inst/doc/withr	[no test files]
?   	rtdal/generated/r-files/withr/tests/testthat	[no test files]
?   	rtdal/generated/r-files/withr/tests/testthat/helper	[no test files]
?   	rtdal/generated/r-files/withr/tests/testthat/test-collate	[no test files]
?   	rtdal/generated/r-files/withr/tests/testthat/test-connection	[no test files]
?   	rtdal/generated/r-files/withr/tests/testthat/test-db	[no test files]
?   	rtdal/generated/r-files/withr/tests/testthat/test-defer	[no test files]
?   	rtdal/generated/r-files/withr/tests/testthat/test-devices	[no test files]
?   	rtdal/generated/r-files/withr/tests/testthat/test-env	[no test files]
?   	rtdal/generated/r-files/withr/tests/testthat/test-file	[no test files]
?   	rtdal/generated/r-files/withr/tests/testthat/test-language	[no test files]
?   	rtdal/generated/r-files/withr/tests/testthat/test-local	[no test files]
?   	rtdal/generated/r-files/withr/tests/testthat/test-local_	[no test files]
?   	rtdal/generated/r-files/withr/tests/testthat/test-locale	[no test files]
?   	rtdal/generated/r-files/withr/tests/testthat/test-namespace	[no test files]
?   	rtdal/generated/r-files/withr/tests/testthat/test-options	[no test files]
?   	rtdal/generated/r-files/withr/tests/testthat/test-par	[no test files]
?   	rtdal/generated/r-files/withr/tests/testthat/test-path	[no test files]
?   	rtdal/generated/r-files/withr/tests/testthat/test-rng	[no test files]
?   	rtdal/generated/r-files/withr/tests/testthat/test-seed	[no test files]
?   	rtdal/generated/r-files/withr/tests/testthat/test-sink	[no test files]
?   	rtdal/generated/r-files/withr/tests/testthat/test-standalone-defer	[no test files]
?   	rtdal/generated/r-files/withr/tests/testthat/test-tempdir	[no test files]
?   	rtdal/generated/r-files/withr/tests/testthat/test-tempfile	[no test files]
?   	rtdal/generated/r-files/withr/tests/testthat/test-timezone	[no test files]
?   	rtdal/generated/r-files/withr/tests/testthat/test-with	[no test files]
?   	rtdal/generated/r-files/withr/tests/testthat/test-wrap	[no test files]
?   	rtdal/generated/r-files/wk/R/affine	[no test files]
?   	rtdal/generated/r-files/wk/R/bbox	[no test files]
?   	rtdal/generated/r-files/wk/R/chunk	[no test files]
?   	rtdal/generated/r-files/wk/R/class-data-frame	[no test files]
?   	rtdal/generated/r-files/wk/R/count	[no test files]
?   	rtdal/generated/r-files/wk/R/crc	[no test files]
?   	rtdal/generated/r-files/wk/R/data	[no test files]
?   	rtdal/generated/r-files/wk/R/debug	[no test files]
?   	rtdal/generated/r-files/wk/R/deprecated	[no test files]
?   	rtdal/generated/r-files/wk/R/filter	[no test files]
?   	rtdal/generated/r-files/wk/R/flatten	[no test files]
?   	rtdal/generated/r-files/wk/R/format	[no test files]
?   	rtdal/generated/r-files/wk/R/grd	[no test files]
?   	rtdal/generated/r-files/wk/R/grd-extract	[no test files]
?   	rtdal/generated/r-files/wk/R/grd-handle	[no test files]
?   	rtdal/generated/r-files/wk/R/grd-plot	[no test files]
?   	rtdal/generated/r-files/wk/R/grd-subset	[no test files]
?   	rtdal/generated/r-files/wk/R/grd-tile	[no test files]
?   	rtdal/generated/r-files/wk/R/handle-crc	[no test files]
?   	rtdal/generated/r-files/wk/R/handle-rct	[no test files]
?   	rtdal/generated/r-files/wk/R/handle-sfc	[no test files]
?   	rtdal/generated/r-files/wk/R/handle-slice	[no test files]
?   	rtdal/generated/r-files/wk/R/handle-wkb	[no test files]
?   	rtdal/generated/r-files/wk/R/handle-wkt	[no test files]
?   	rtdal/generated/r-files/wk/R/handle-xy	[no test files]
?   	rtdal/generated/r-files/wk/R/handler	[no test files]
?   	rtdal/generated/r-files/wk/R/make	[no test files]
?   	rtdal/generated/r-files/wk/R/meta	[no test files]
?   	rtdal/generated/r-files/wk/R/orient-filter	[no test files]
?   	rtdal/generated/r-files/wk/R/pkg-readr	[no test files]
?   	rtdal/generated/r-files/wk/R/pkg-sf	[no test files]
?   	rtdal/generated/r-files/wk/R/pkg-vctrs	[no test files]
?   	rtdal/generated/r-files/wk/R/plot	[no test files]
?   	rtdal/generated/r-files/wk/R/problems	[no test files]
?   	rtdal/generated/r-files/wk/R/rct	[no test files]
?   	rtdal/generated/r-files/wk/R/set	[no test files]
?   	rtdal/generated/r-files/wk/R/sfc-writer	[no test files]
?   	rtdal/generated/r-files/wk/R/trans-explicit	[no test files]
?   	rtdal/generated/r-files/wk/R/transform	[no test files]
?   	rtdal/generated/r-files/wk/R/translate	[no test files]
?   	rtdal/generated/r-files/wk/R/utils	[no test files]
?   	rtdal/generated/r-files/wk/R/vertex-filter	[no test files]
?   	rtdal/generated/r-files/wk/R/void	[no test files]
?   	rtdal/generated/r-files/wk/R/wk-crs	[no test files]
?   	rtdal/generated/r-files/wk/R/wk-package	[no test files]
?   	rtdal/generated/r-files/wk/R/wk-rcrd	[no test files]
?   	rtdal/generated/r-files/wk/R/wk-vctr	[no test files]
?   	rtdal/generated/r-files/wk/R/wkb	[no test files]
?   	rtdal/generated/r-files/wk/R/wkb-writer	[no test files]
?   	rtdal/generated/r-files/wk/R/wkt	[no test files]
?   	rtdal/generated/r-files/wk/R/wkt-writer	[no test files]
?   	rtdal/generated/r-files/wk/R/writer	[no test files]
?   	rtdal/generated/r-files/wk/R/xy-writer	[no test files]
?   	rtdal/generated/r-files/wk/R/xyzm	[no test files]
?   	rtdal/generated/r-files/wk/R/zzz	[no test files]
?   	rtdal/generated/r-files/wk/tests/testthat	[no test files]
?   	rtdal/generated/r-files/wk/tests/testthat/test-affine	[no test files]
?   	rtdal/generated/r-files/wk/tests/testthat/test-bbox	[no test files]
?   	rtdal/generated/r-files/wk/tests/testthat/test-chunk	[no test files]
?   	rtdal/generated/r-files/wk/tests/testthat/test-class-data-frame	[no test files]
?   	rtdal/generated/r-files/wk/tests/testthat/test-count	[no test files]
?   	rtdal/generated/r-files/wk/tests/testthat/test-crc	[no test files]
?   	rtdal/generated/r-files/wk/tests/testthat/test-data	[no test files]
?   	rtdal/generated/r-files/wk/tests/testthat/test-debug	[no test files]
?   	rtdal/generated/r-files/wk/tests/testthat/test-filter	[no test files]
?   	rtdal/generated/r-files/wk/tests/testthat/test-flatten	[no test files]
?   	rtdal/generated/r-files/wk/tests/testthat/test-format	[no test files]
?   	rtdal/generated/r-files/wk/tests/testthat/test-grd	[no test files]
?   	rtdal/generated/r-files/wk/tests/testthat/test-grd-extract	[no test files]
?   	rtdal/generated/r-files/wk/tests/testthat/test-grd-handle	[no test files]
?   	rtdal/generated/r-files/wk/tests/testthat/test-grd-plot	[no test files]
?   	rtdal/generated/r-files/wk/tests/testthat/test-grd-snap	[no test files]
?   	rtdal/generated/r-files/wk/tests/testthat/test-grd-subset	[no test files]
?   	rtdal/generated/r-files/wk/tests/testthat/test-grd-tile	[no test files]
?   	rtdal/generated/r-files/wk/tests/testthat/test-handle-crc	[no test files]
?   	rtdal/generated/r-files/wk/tests/testthat/test-handle-rct	[no test files]
?   	rtdal/generated/r-files/wk/tests/testthat/test-handle-sfc	[no test files]
?   	rtdal/generated/r-files/wk/tests/testthat/test-handle-slice	[no test files]
?   	rtdal/generated/r-files/wk/tests/testthat/test-handle-wkb	[no test files]
?   	rtdal/generated/r-files/wk/tests/testthat/test-handle-wkt	[no test files]
?   	rtdal/generated/r-files/wk/tests/testthat/test-handle-xy	[no test files]
?   	rtdal/generated/r-files/wk/tests/testthat/test-handler	[no test files]
?   	rtdal/generated/r-files/wk/tests/testthat/test-make	[no test files]
?   	rtdal/generated/r-files/wk/tests/testthat/test-meta	[no test files]
?   	rtdal/generated/r-files/wk/tests/testthat/test-orient	[no test files]
?   	rtdal/generated/r-files/wk/tests/testthat/test-pkg-readr	[no test files]
?   	rtdal/generated/r-files/wk/tests/testthat/test-pkg-sf	[no test files]
?   	rtdal/generated/r-files/wk/tests/testthat/test-pkg-vctrs	[no test files]
?   	rtdal/generated/r-files/wk/tests/testthat/test-plot	[no test files]
?   	rtdal/generated/r-files/wk/tests/testthat/test-problems	[no test files]
?   	rtdal/generated/r-files/wk/tests/testthat/test-rct	[no test files]
?   	rtdal/generated/r-files/wk/tests/testthat/test-set	[no test files]
?   	rtdal/generated/r-files/wk/tests/testthat/test-sfc-writer	[no test files]
?   	rtdal/generated/r-files/wk/tests/testthat/test-trans_explicit	[no test files]
?   	rtdal/generated/r-files/wk/tests/testthat/test-transform	[no test files]
?   	rtdal/generated/r-files/wk/tests/testthat/test-translate	[no test files]
?   	rtdal/generated/r-files/wk/tests/testthat/test-utils	[no test files]
?   	rtdal/generated/r-files/wk/tests/testthat/test-vertex-filter	[no test files]
?   	rtdal/generated/r-files/wk/tests/testthat/test-void	[no test files]
?   	rtdal/generated/r-files/wk/tests/testthat/test-wk-crs	[no test files]
?   	rtdal/generated/r-files/wk/tests/testthat/test-wk-rcrd	[no test files]
?   	rtdal/generated/r-files/wk/tests/testthat/test-wk-vctr	[no test files]
?   	rtdal/generated/r-files/wk/tests/testthat/test-wkb	[no test files]
?   	rtdal/generated/r-files/wk/tests/testthat/test-wkb-writer	[no test files]
?   	rtdal/generated/r-files/wk/tests/testthat/test-wkt	[no test files]
?   	rtdal/generated/r-files/wk/tests/testthat/test-wkt-writer	[no test files]
?   	rtdal/generated/r-files/wk/tests/testthat/test-writer	[no test files]
?   	rtdal/generated/r-files/wk/tests/testthat/test-xy-writer	[no test files]
?   	rtdal/generated/r-files/wk/tests/testthat/test-xyzm	[no test files]
?   	rtdal/generated/r-files/xfun/R/algorithm	[no test files]
?   	rtdal/generated/r-files/xfun/R/app	[no test files]
?   	rtdal/generated/r-files/xfun/R/base64	[no test files]
?   	rtdal/generated/r-files/xfun/R/browser	[no test files]
?   	rtdal/generated/r-files/xfun/R/cache	[no test files]
?   	rtdal/generated/r-files/xfun/R/citation	[no test files]
?   	rtdal/generated/r-files/xfun/R/command	[no test files]
?   	rtdal/generated/r-files/xfun/R/cran	[no test files]
?   	rtdal/generated/r-files/xfun/R/data-structure	[no test files]
?   	rtdal/generated/r-files/xfun/R/encoding	[no test files]
?   	rtdal/generated/r-files/xfun/R/github	[no test files]
?   	rtdal/generated/r-files/xfun/R/httpd	[no test files]
?   	rtdal/generated/r-files/xfun/R/image	[no test files]
?   	rtdal/generated/r-files/xfun/R/io	[no test files]
?   	rtdal/generated/r-files/xfun/R/json	[no test files]
?   	rtdal/generated/r-files/xfun/R/knitr	[no test files]
?   	rtdal/generated/r-files/xfun/R/markdown	[no test files]
?   	rtdal/generated/r-files/xfun/R/os	[no test files]
?   	rtdal/generated/r-files/xfun/R/packages	[no test files]
?   	rtdal/generated/r-files/xfun/R/paths	[no test files]
?   	rtdal/generated/r-files/xfun/R/record	[no test files]
?   	rtdal/generated/r-files/xfun/R/revcheck	[no test files]
?   	rtdal/generated/r-files/xfun/R/rstudio	[no test files]
?   	rtdal/generated/r-files/xfun/R/session	[no test files]
?   	rtdal/generated/r-files/xfun/R/string	[no test files]
?   	rtdal/generated/r-files/xfun/R/utils	[no test files]
?   	rtdal/generated/r-files/xfun/R/yaml	[no test files]
?   	rtdal/generated/r-files/xfun/R/zzz	[no test files]
?   	rtdal/generated/r-files/xfun/inst/doc/xfun	[no test files]
?   	rtdal/generated/r-files/xfun/inst/scripts/call-fun	[no test files]
?   	rtdal/generated/r-files/xfun/tests/test-all	[no test files]
?   	rtdal/generated/r-files/xfun/tests/test-ci/test-base64	[no test files]
?   	rtdal/generated/r-files/xfun/tests/test-ci/test-browser	[no test files]
?   	rtdal/generated/r-files/xfun/tests/test-ci/test-cache	[no test files]
?   	rtdal/generated/r-files/xfun/tests/test-ci/test-cran	[no test files]
?   	rtdal/generated/r-files/xfun/tests/test-ci/test-httpd	[no test files]
?   	rtdal/generated/r-files/xfun/tests/test-ci/test-revcheck	[no test files]
?   	rtdal/generated/r-files/xfun/tests/test-ci/test-session	[no test files]
?   	rtdal/generated/r-files/xfun/tests/test-ci/test-yaml	[no test files]
?   	rtdal/generated/r-files/xfun/tests/test-cran/test-algorithm	[no test files]
?   	rtdal/generated/r-files/xfun/tests/test-cran/test-base64	[no test files]
?   	rtdal/generated/r-files/xfun/tests/test-cran/test-cache	[no test files]
?   	rtdal/generated/r-files/xfun/tests/test-cran/test-citation	[no test files]
?   	rtdal/generated/r-files/xfun/tests/test-cran/test-command	[no test files]
?   	rtdal/generated/r-files/xfun/tests/test-cran/test-data-structure	[no test files]
?   	rtdal/generated/r-files/xfun/tests/test-cran/test-encoding	[no test files]
?   	rtdal/generated/r-files/xfun/tests/test-cran/test-github	[no test files]
?   	rtdal/generated/r-files/xfun/tests/test-cran/test-httpd	[no test files]
?   	rtdal/generated/r-files/xfun/tests/test-cran/test-io	[no test files]
?   	rtdal/generated/r-files/xfun/tests/test-cran/test-json	[no test files]
?   	rtdal/generated/r-files/xfun/tests/test-cran/test-knitr	[no test files]
?   	rtdal/generated/r-files/xfun/tests/test-cran/test-markdown	[no test files]
?   	rtdal/generated/r-files/xfun/tests/test-cran/test-packages	[no test files]
?   	rtdal/generated/r-files/xfun/tests/test-cran/test-paths	[no test files]
?   	rtdal/generated/r-files/xfun/tests/test-cran/test-record	[no test files]
?   	rtdal/generated/r-files/xfun/tests/test-cran/test-revcheck	[no test files]
?   	rtdal/generated/r-files/xfun/tests/test-cran/test-session	[no test files]
?   	rtdal/generated/r-files/xfun/tests/test-cran/test-string	[no test files]
?   	rtdal/generated/r-files/xfun/tests/test-cran/test-utils	[no test files]
?   	rtdal/generated/r-files/xfun/tests/test-cran/test-yaml	[no test files]
?   	rtdal/generated/r-files/xts/R/Date	[no test files]
?   	rtdal/generated/r-files/xts/R/Math.xts	[no test files]
?   	rtdal/generated/r-files/xts/R/OHLC	[no test files]
?   	rtdal/generated/r-files/xts/R/Ops.xts	[no test files]
?   	rtdal/generated/r-files/xts/R/POSIX	[no test files]
?   	rtdal/generated/r-files/xts/R/adj.time	[no test files]
?   	rtdal/generated/r-files/xts/R/align.time	[no test files]
?   	rtdal/generated/r-files/xts/R/all.equal	[no test files]
?   	rtdal/generated/r-files/xts/R/as.environment.xts	[no test files]
?   	rtdal/generated/r-files/xts/R/as.numeric	[no test files]
?   	rtdal/generated/r-files/xts/R/axTicksByTime	[no test files]
?   	rtdal/generated/r-files/xts/R/bind	[no test files]
?   	rtdal/generated/r-files/xts/R/coredata.xts	[no test files]
?   	rtdal/generated/r-files/xts/R/data.frame	[no test files]
?   	rtdal/generated/r-files/xts/R/dimnames	[no test files]
?   	rtdal/generated/r-files/xts/R/endpoints	[no test files]
?   	rtdal/generated/r-files/xts/R/first	[no test files]
?   	rtdal/generated/r-files/xts/R/index	[no test files]
?   	rtdal/generated/r-files/xts/R/irts	[no test files]
?   	rtdal/generated/r-files/xts/R/isOrdered	[no test files]
?   	rtdal/generated/r-files/xts/R/lag.xts	[no test files]
?   	rtdal/generated/r-files/xts/R/last	[no test files]
?   	rtdal/generated/r-files/xts/R/list	[no test files]
?   	rtdal/generated/r-files/xts/R/matrix	[no test files]
?   	rtdal/generated/r-files/xts/R/merge	[no test files]
?   	rtdal/generated/r-files/xts/R/modify.args	[no test files]
?   	rtdal/generated/r-files/xts/R/na	[no test files]
?   	rtdal/generated/r-files/xts/R/nperiods	[no test files]
?   	rtdal/generated/r-files/xts/R/origin.fix	[no test files]
?   	rtdal/generated/r-files/xts/R/parse8601	[no test files]
?   	rtdal/generated/r-files/xts/R/period	[no test files]
?   	rtdal/generated/r-files/xts/R/period.apply	[no test files]
?   	rtdal/generated/r-files/xts/R/periodicity	[no test files]
?   	rtdal/generated/r-files/xts/R/plot	[no test files]
?   	rtdal/generated/r-files/xts/R/print	[no test files]
?   	rtdal/generated/r-files/xts/R/reclass	[no test files]
?   	rtdal/generated/r-files/xts/R/rollapply.xts	[no test files]
?   	rtdal/generated/r-files/xts/R/split	[no test files]
?   	rtdal/generated/r-files/xts/R/start	[no test files]
?   	rtdal/generated/r-files/xts/R/startOfYear	[no test files]
?   	rtdal/generated/r-files/xts/R/str	[no test files]
?   	rtdal/generated/r-files/xts/R/tclass	[no test files]
?   	rtdal/generated/r-files/xts/R/tformat	[no test files]
?   	rtdal/generated/r-files/xts/R/timeBasedRange	[no test files]
?   	rtdal/generated/r-files/xts/R/timeBasedSeq	[no test files]
?   	rtdal/generated/r-files/xts/R/timeDate	[no test files]
?   	rtdal/generated/r-files/xts/R/timeSeries	[no test files]
?   	rtdal/generated/r-files/xts/R/toperiod	[no test files]
?   	rtdal/generated/r-files/xts/R/ts	[no test files]
?   	rtdal/generated/r-files/xts/R/tzone	[no test files]
?   	rtdal/generated/r-files/xts/R/utils	[no test files]
?   	rtdal/generated/r-files/xts/R/xts	[no test files]
?   	rtdal/generated/r-files/xts/R/xts-package	[no test files]
?   	rtdal/generated/r-files/xts/R/xts.methods	[no test files]
?   	rtdal/generated/r-files/xts/R/yearmon	[no test files]
?   	rtdal/generated/r-files/xts/R/zoo	[no test files]
?   	rtdal/generated/r-files/xts/R/zzz	[no test files]
?   	rtdal/generated/r-files/xts/inst/api_example/R/checkOrder	[no test files]
?   	rtdal/generated/r-files/xts/inst/benchmarks/benchmark.subset	[no test files]
?   	rtdal/generated/r-files/xts/inst/doc/xts	[no test files]
?   	rtdal/generated/r-files/xts/inst/doc/xts-faq	[no test files]
?   	rtdal/generated/r-files/xts/inst/tinytest/runit.rowSums-rowMeans	[no test files]
?   	rtdal/generated/r-files/xts/inst/tinytest/test-Ops	[no test files]
?   	rtdal/generated/r-files/xts/inst/tinytest/test-align.time	[no test files]
?   	rtdal/generated/r-files/xts/inst/tinytest/test-all.equal	[no test files]
?   	rtdal/generated/r-files/xts/inst/tinytest/test-binsearch	[no test files]
?   	rtdal/generated/r-files/xts/inst/tinytest/test-coredata	[no test files]
?   	rtdal/generated/r-files/xts/inst/tinytest/test-data.frame	[no test files]
?   	rtdal/generated/r-files/xts/inst/tinytest/test-diff	[no test files]
?   	rtdal/generated/r-files/xts/inst/tinytest/test-dimnames	[no test files]
?   	rtdal/generated/r-files/xts/inst/tinytest/test-endpoints	[no test files]
?   	rtdal/generated/r-files/xts/inst/tinytest/test-first-last	[no test files]
?   	rtdal/generated/r-files/xts/inst/tinytest/test-index	[no test files]
?   	rtdal/generated/r-files/xts/inst/tinytest/test-irts	[no test files]
?   	rtdal/generated/r-files/xts/inst/tinytest/test-isordered	[no test files]
?   	rtdal/generated/r-files/xts/inst/tinytest/test-lag	[no test files]
?   	rtdal/generated/r-files/xts/inst/tinytest/test-matrix	[no test files]
?   	rtdal/generated/r-files/xts/inst/tinytest/test-merge	[no test files]
?   	rtdal/generated/r-files/xts/inst/tinytest/test-na.fill	[no test files]
?   	rtdal/generated/r-files/xts/inst/tinytest/test-na.locf	[no test files]
?   	rtdal/generated/r-files/xts/inst/tinytest/test-na.omit	[no test files]
?   	rtdal/generated/r-files/xts/inst/tinytest/test-parseISO8601	[no test files]
?   	rtdal/generated/r-files/xts/inst/tinytest/test-period.apply	[no test files]
?   	rtdal/generated/r-files/xts/inst/tinytest/test-periodicity	[no test files]
?   	rtdal/generated/r-files/xts/inst/tinytest/test-plot	[no test files]
?   	rtdal/generated/r-files/xts/inst/tinytest/test-print	[no test files]
?   	rtdal/generated/r-files/xts/inst/tinytest/test-reclass	[no test files]
?   	rtdal/generated/r-files/xts/inst/tinytest/test-rollapply	[no test files]
?   	rtdal/generated/r-files/xts/inst/tinytest/test-split	[no test files]
?   	rtdal/generated/r-files/xts/inst/tinytest/test-subset	[no test files]
?   	rtdal/generated/r-files/xts/inst/tinytest/test-subset-time-of-day	[no test files]
?   	rtdal/generated/r-files/xts/inst/tinytest/test-tclass	[no test files]
?   	rtdal/generated/r-files/xts/inst/tinytest/test-tformat	[no test files]
?   	rtdal/generated/r-files/xts/inst/tinytest/test-timeBasedSeq	[no test files]
?   	rtdal/generated/r-files/xts/inst/tinytest/test-timeSeries	[no test files]
?   	rtdal/generated/r-files/xts/inst/tinytest/test-to.period	[no test files]
?   	rtdal/generated/r-files/xts/inst/tinytest/test-ts	[no test files]
?   	rtdal/generated/r-files/xts/inst/tinytest/test-tzone	[no test files]
?   	rtdal/generated/r-files/xts/inst/tinytest/test-xts	[no test files]
?   	rtdal/generated/r-files/xts/inst/tinytest/test-xts.methods	[no test files]
?   	rtdal/generated/r-files/xts/inst/tinytest/test-zoo	[no test files]
?   	rtdal/generated/r-files/xts/tests/tinytest	[no test files]
?   	rtdal/generated/r-files/yaml/R/as.yaml	[no test files]
?   	rtdal/generated/r-files/yaml/R/read_yaml	[no test files]
?   	rtdal/generated/r-files/yaml/R/verbatim_logical	[no test files]
?   	rtdal/generated/r-files/yaml/R/write_yaml	[no test files]
?   	rtdal/generated/r-files/yaml/R/yaml-package	[no test files]
?   	rtdal/generated/r-files/yaml/R/yaml.load	[no test files]
?   	rtdal/generated/r-files/yaml/R/yaml.load_file	[no test files]
?   	rtdal/generated/r-files/yaml/R/zzz	[no test files]
?   	rtdal/generated/r-files/yaml/inst/doc/yaml	[no test files]
?   	rtdal/generated/r-files/yaml/tests/testthat	[no test files]
?   	rtdal/generated/r-files/yaml/tests/testthat/test-as_yaml	[no test files]
?   	rtdal/generated/r-files/yaml/tests/testthat/test-read_yaml	[no test files]
?   	rtdal/generated/r-files/yaml/tests/testthat/test-write_yaml	[no test files]
?   	rtdal/generated/r-files/yaml/tests/testthat/test-yaml_load	[no test files]
?   	rtdal/generated/r-files/yaml/tests/testthat/test-yaml_load_file	[no test files]
?   	rtdal/generated/r-files/yyjsonr/R/aaa	[no test files]
?   	rtdal/generated/r-files/yyjsonr/R/geojson	[no test files]
?   	rtdal/generated/r-files/yyjsonr/R/json	[no test files]
?   	rtdal/generated/r-files/yyjsonr/R/json-opts	[no test files]
?   	rtdal/generated/r-files/yyjsonr/R/ndjson	[no test files]
?   	rtdal/generated/r-files/yyjsonr/R/utils	[no test files]
?   	rtdal/generated/r-files/yyjsonr/inst/doc/from_json_options	[no test files]
?   	rtdal/generated/r-files/yyjsonr/inst/doc/jsonlite-comparison	[no test files]
?   	rtdal/generated/r-files/yyjsonr/inst/doc/to_json_options	[no test files]
?   	rtdal/generated/r-files/yyjsonr/tests/testthat	[no test files]
?   	rtdal/generated/r-files/yyjsonr/tests/testthat/test-array-empty	[no test files]
?   	rtdal/generated/r-files/yyjsonr/tests/testthat/test-array-to-matrix	[no test files]
?   	rtdal/generated/r-files/yyjsonr/tests/testthat/test-basic	[no test files]
?   	rtdal/generated/r-files/yyjsonr/tests/testthat/test-bug44-infinite-loop-on-bad-string	[no test files]
?   	rtdal/generated/r-files/yyjsonr/tests/testthat/test-dataframe	[no test files]
?   	rtdal/generated/r-files/yyjsonr/tests/testthat/test-dataframe-nested	[no test files]
?   	rtdal/generated/r-files/yyjsonr/tests/testthat/test-dataframe-without-colnames	[no test files]
?   	rtdal/generated/r-files/yyjsonr/tests/testthat/test-digits	[no test files]
?   	rtdal/generated/r-files/yyjsonr/tests/testthat/test-digits-secs	[no test files]
?   	rtdal/generated/r-files/yyjsonr/tests/testthat/test-env	[no test files]
?   	rtdal/generated/r-files/yyjsonr/tests/testthat/test-factors	[no test files]
?   	rtdal/generated/r-files/yyjsonr/tests/testthat/test-fast-numerics	[no test files]
?   	rtdal/generated/r-files/yyjsonr/tests/testthat/test-from-json-raw	[no test files]
?   	rtdal/generated/r-files/yyjsonr/tests/testthat/test-from_json_conn	[no test files]
?   	rtdal/generated/r-files/yyjsonr/tests/testthat/test-geojson-ids	[no test files]
?   	rtdal/generated/r-files/yyjsonr/tests/testthat/test-geojson-promotion-compat	[no test files]
?   	rtdal/generated/r-files/yyjsonr/tests/testthat/test-geojson-read-write	[no test files]
?   	rtdal/generated/r-files/yyjsonr/tests/testthat/test-handling-specials	[no test files]
?   	rtdal/generated/r-files/yyjsonr/tests/testthat/test-int64-double	[no test files]
?   	rtdal/generated/r-files/yyjsonr/tests/testthat/test-int64-overflow	[no test files]
?   	rtdal/generated/r-files/yyjsonr/tests/testthat/test-issue19-ndjson-long-lines	[no test files]
?   	rtdal/generated/r-files/yyjsonr/tests/testthat/test-json5	[no test files]
?   	rtdal/generated/r-files/yyjsonr/tests/testthat/test-json_promotion	[no test files]
?   	rtdal/generated/r-files/yyjsonr/tests/testthat/test-ndjson	[no test files]
?   	rtdal/generated/r-files/yyjsonr/tests/testthat/test-ndjson-raw-io	[no test files]
?   	rtdal/generated/r-files/yyjsonr/tests/testthat/test-null-serialize	[no test files]
?   	rtdal/generated/r-files/yyjsonr/tests/testthat/test-object-empty	[no test files]
?   	rtdal/generated/r-files/yyjsonr/tests/testthat/test-opt-digits-promote	[no test files]
?   	rtdal/generated/r-files/yyjsonr/tests/testthat/test-opt-digits-signif	[no test files]
?   	rtdal/generated/r-files/yyjsonr/tests/testthat/test-opt-json-verbatim	[no test files]
?   	rtdal/generated/r-files/yyjsonr/tests/testthat/test-read-json-file-gz	[no test files]
?   	rtdal/generated/r-files/yyjsonr/tests/testthat/test-read-number-as-raw	[no test files]
?   	rtdal/generated/r-files/yyjsonr/tests/testthat/test-scalar-atomics	[no test files]
?   	rtdal/generated/r-files/yyjsonr/tests/testthat/test-simplify-df	[no test files]
?   	rtdal/generated/r-files/yyjsonr/tests/testthat/test-single-null	[no test files]
?   	rtdal/generated/r-files/yyjsonr/tests/testthat/test-testbot-error-handling	[no test files]
?   	rtdal/generated/r-files/yyjsonr/tests/testthat/test-unboxing-AsIs-handling	[no test files]
?   	rtdal/generated/r-files/yyjsonr/tests/testthat/test-valgrind-poke	[no test files]
?   	rtdal/generated/r-files/yyjsonr/tests/testthat/test-validate	[no test files]
?   	rtdal/generated/r-files/yyjsonr/tests/testthat/test-write-json-raw	[no test files]
?   	rtdal/generated/r-files/yyjsonr/tests/testthat/test-yyjson-arrays	[no test files]
?   	rtdal/generated/r-files/yyjsonr/tests/testthat/test-yyjson-flags	[no test files]
?   	rtdal/generated/r-files/yyjsonr/tests/testthat/test-yyjson-matrices	[no test files]
?   	rtdal/generated/r-files/yyjsonr/tests/testthat/test-yyjson-serialize	[no test files]
?   	rtdal/generated/r-files/zeallot/R/destructure	[no test files]
?   	rtdal/generated/r-files/zeallot/R/operator	[no test files]
?   	rtdal/generated/r-files/zeallot/R/unpack	[no test files]
?   	rtdal/generated/r-files/zeallot/R/utils	[no test files]
?   	rtdal/generated/r-files/zeallot/R/utils-collectors	[no test files]
?   	rtdal/generated/r-files/zeallot/R/utils-errors	[no test files]
?   	rtdal/generated/r-files/zeallot/R/utils-vars	[no test files]
?   	rtdal/generated/r-files/zeallot/R/zeallot	[no test files]
?   	rtdal/generated/r-files/zeallot/R/zeallous	[no test files]
?   	rtdal/generated/r-files/zeallot/R/zzz	[no test files]
?   	rtdal/generated/r-files/zeallot/inst/doc/unpacking-assignment	[no test files]
?   	rtdal/generated/r-files/zeallot/tests/testthat	[no test files]
?   	rtdal/generated/r-files/zeallot/tests/testthat/test-collectors	[no test files]
?   	rtdal/generated/r-files/zeallot/tests/testthat/test-destructure	[no test files]
?   	rtdal/generated/r-files/zeallot/tests/testthat/test-error-handling	[no test files]
?   	rtdal/generated/r-files/zeallot/tests/testthat/test-operator	[no test files]
?   	rtdal/generated/r-files/zeallot/tests/testthat/test-pipe	[no test files]
?   	rtdal/generated/r-files/zeallot/tests/testthat/test-utils	[no test files]
?   	rtdal/generated/r-files/zeallot/tests/testthat/test-zeallous	[no test files]
?   	rtdal/generated/r-files/zip/R/assertions	[no test files]
?   	rtdal/generated/r-files/zip/R/compat-vctrs	[no test files]
?   	rtdal/generated/r-files/zip/R/http	[no test files]
?   	rtdal/generated/r-files/zip/R/inflate	[no test files]
?   	rtdal/generated/r-files/zip/R/process	[no test files]
?   	rtdal/generated/r-files/zip/R/threaded	[no test files]
?   	rtdal/generated/r-files/zip/R/utils	[no test files]
?   	rtdal/generated/r-files/zip/R/zip	[no test files]
?   	rtdal/generated/r-files/zip/R/zip-package	[no test files]
?   	rtdal/generated/r-files/zip/src/install.libs	[no test files]
?   	rtdal/generated/r-files/zip/tests/testthat	[no test files]
?   	rtdal/generated/r-files/zip/tests/testthat/helper	[no test files]
?   	rtdal/generated/r-files/zip/tests/testthat/helper-encryption	[no test files]
?   	rtdal/generated/r-files/zip/tests/testthat/test-crypto	[no test files]
?   	rtdal/generated/r-files/zip/tests/testthat/test-errors	[no test files]
?   	rtdal/generated/r-files/zip/tests/testthat/test-get-zip-data	[no test files]
?   	rtdal/generated/r-files/zip/tests/testthat/test-get-zip-data-path	[no test files]
?   	rtdal/generated/r-files/zip/tests/testthat/test-http	[no test files]
?   	rtdal/generated/r-files/zip/tests/testthat/test-inflate	[no test files]
?   	rtdal/generated/r-files/zip/tests/testthat/test-keys	[no test files]
?   	rtdal/generated/r-files/zip/tests/testthat/test-large-files	[no test files]
?   	rtdal/generated/r-files/zip/tests/testthat/test-paths	[no test files]
?   	rtdal/generated/r-files/zip/tests/testthat/test-special-dot	[no test files]
?   	rtdal/generated/r-files/zip/tests/testthat/test-threaded-unzip	[no test files]
?   	rtdal/generated/r-files/zip/tests/testthat/test-unzip	[no test files]
?   	rtdal/generated/r-files/zip/tests/testthat/test-unzip-process	[no test files]
?   	rtdal/generated/r-files/zip/tests/testthat/test-utils	[no test files]
?   	rtdal/generated/r-files/zip/tests/testthat/test-weird-paths	[no test files]
?   	rtdal/generated/r-files/zip/tests/testthat/test-zip	[no test files]
?   	rtdal/generated/r-files/zip/tests/testthat/test-zip-encrypt	[no test files]
?   	rtdal/generated/r-files/zip/tests/testthat/test-zip-list	[no test files]
?   	rtdal/generated/r-files/zip/tests/testthat/test-zip-process	[no test files]
?   	rtdal/generated/r-files/zip/tests/testthat/test-zip64	[no test files]
?   	rtdal/generated/r-files/zip/tests/testthat/test-zipr	[no test files]
?   	rtdal/generated/r-files/zip/tools/extra/make-http-fixtures	[no test files]
?   	rtdal/generated/r-files/zip/tools/getzipexe	[no test files]
?   	rtdal/generated/r-files/zoo/R/MATCH	[no test files]
?   	rtdal/generated/r-files/zoo/R/ORDER	[no test files]
?   	rtdal/generated/r-files/zoo/R/Ops.zoo	[no test files]
?   	rtdal/generated/r-files/zoo/R/aggregate.zoo	[no test files]
?   	rtdal/generated/r-files/zoo/R/as.Date	[no test files]
?   	rtdal/generated/r-files/zoo/R/as.Date.ts	[no test files]
?   	rtdal/generated/r-files/zoo/R/as.zoo	[no test files]
?   	rtdal/generated/r-files/zoo/R/as.zoo.tis	[no test files]
?   	rtdal/generated/r-files/zoo/R/barplot.zoo	[no test files]
?   	rtdal/generated/r-files/zoo/R/coredata	[no test files]
?   	rtdal/generated/r-files/zoo/R/ggplot2.zoo	[no test files]
?   	rtdal/generated/r-files/zoo/R/index	[no test files]
?   	rtdal/generated/r-files/zoo/R/index2char	[no test files]
?   	rtdal/generated/r-files/zoo/R/is.regular	[no test files]
?   	rtdal/generated/r-files/zoo/R/merge.zoo	[no test files]
?   	rtdal/generated/r-files/zoo/R/na.StructTS	[no test files]
?   	rtdal/generated/r-files/zoo/R/na.aggregate	[no test files]
?   	rtdal/generated/r-files/zoo/R/na.approx	[no test files]
?   	rtdal/generated/r-files/zoo/R/na.fill	[no test files]
?   	rtdal/generated/r-files/zoo/R/na.locf	[no test files]
?   	rtdal/generated/r-files/zoo/R/na.spline	[no test files]
?   	rtdal/generated/r-files/zoo/R/na.trim	[no test files]
?   	rtdal/generated/r-files/zoo/R/plot.zoo	[no test files]
?   	rtdal/generated/r-files/zoo/R/read.zoo	[no test files]
?   	rtdal/generated/r-files/zoo/R/rollapply	[no test files]
?   	rtdal/generated/r-files/zoo/R/rollmean	[no test files]
?   	rtdal/generated/r-files/zoo/R/tinyplot.zoo	[no test files]
?   	rtdal/generated/r-files/zoo/R/window.zoo	[no test files]
?   	rtdal/generated/r-files/zoo/R/xblocks	[no test files]
?   	rtdal/generated/r-files/zoo/R/xyplot.zoo	[no test files]
?   	rtdal/generated/r-files/zoo/R/yearmon	[no test files]
?   	rtdal/generated/r-files/zoo/R/yearqtr	[no test files]
?   	rtdal/generated/r-files/zoo/R/zoo	[no test files]
?   	rtdal/generated/r-files/zoo/R/zooreg	[no test files]
?   	rtdal/generated/r-files/zoo/R/zzz	[no test files]
?   	rtdal/generated/r-files/zoo/demo/zoo-overplot	[no test files]
?   	rtdal/generated/r-files/zoo/inst/doc/zoo	[no test files]
?   	rtdal/generated/r-files/zoo/inst/doc/zoo-faq	[no test files]
?   	rtdal/generated/r-files/zoo/inst/doc/zoo-quickref	[no test files]
?   	rtdal/generated/r-files/zoo/inst/doc/zoo-read	[no test files]
?   	rtdal/generated/r-files/zoo/tests/as.Date	[no test files]
?   	rtdal/generated/r-files/zoo/tests/bugfixes	[no test files]
?   	rtdal/generated/r-files/zoo/tests/na.fill	[no test files]
?   	rtdal/generated/r-files/zoo/tests/na.locf	[no test files]
?   	rtdal/generated/r-files/zoo/tests/vignette-zoo	[no test files]
?   	rtdal/generated/r-files/zoo/tests/vignette-zoo-quickref	[no test files]
